Command line invocation:
    /Applications/Xcode.app/Contents/Developer/usr/bin/xcodebuild archive -project AdVoid.xcodeproj -scheme AdVoid -configuration Release -destination generic/platform=iOS -derivedDataPath /tmp/advoid-readiness-derived -archivePath /tmp/advoid-readiness.xcarchive CODE_SIGNING_ALLOWED=NO

Build settings from command line:
    CODE_SIGNING_ALLOWED = NO

Resolve Package Graph


Resolved source packages:
  RevenueCat: https://github.com/RevenueCat/purchases-ios-spm @ 5.91.0

ComputePackagePrebuildTargetDependencyGraph

Prepare packages

CreateBuildRequest

SendProjectDescription

CreateBuildOperation

ComputeTargetDependencyGraph
note: Building targets in dependency order
note: Target dependency graph (9 targets)
    Target 'AdVoid' in project 'AdVoid'
        ➜ Explicit dependency on target 'PacketTunnel' in project 'AdVoid'
        ➜ Explicit dependency on target 'SafariExtension' in project 'AdVoid'
        ➜ Explicit dependency on target 'RevenueCat-product' in project 'RevenueCat'
        ➜ Explicit dependency on target 'RevenueCatUI-product' in project 'RevenueCat'
    Target 'RevenueCatUI-product' in project 'RevenueCat'
        ➜ Explicit dependency on target 'RevenueCatUI' in project 'RevenueCat'
        ➜ Explicit dependency on target 'RevenueCat_RevenueCatUI' in project 'RevenueCat'
        ➜ Explicit dependency on target 'RevenueCat' in project 'RevenueCat'
    Target 'RevenueCatUI' in project 'RevenueCat'
        ➜ Explicit dependency on target 'RevenueCat_RevenueCatUI' in project 'RevenueCat'
        ➜ Explicit dependency on target 'RevenueCat' in project 'RevenueCat'
    Target 'RevenueCat_RevenueCatUI' in project 'RevenueCat' (no dependencies)
    Target 'RevenueCat-product' in project 'RevenueCat'
        ➜ Explicit dependency on target 'RevenueCat' in project 'RevenueCat'
        ➜ Explicit dependency on target 'RevenueCat_RevenueCat' in project 'RevenueCat'
    Target 'RevenueCat' in project 'RevenueCat'
        ➜ Explicit dependency on target 'RevenueCat_RevenueCat' in project 'RevenueCat'
    Target 'RevenueCat_RevenueCat' in project 'RevenueCat' (no dependencies)
    Target 'SafariExtension' in project 'AdVoid' (no dependencies)
    Target 'PacketTunnel' in project 'AdVoid' (no dependencies)

GatherProvisioningInputs

CreateBuildDescription

ExecuteExternalTool /Applications/Xcode.app/Contents/Developer/Toolchains/XcodeDefault.xctoolchain/usr/bin/swiftc --version

ExecuteExternalTool /Applications/Xcode.app/Contents/Developer/usr/bin/actool --version --output-format xml1

ExecuteExternalTool /Applications/Xcode.app/Contents/Developer/usr/bin/actool --print-asset-tag-combinations --output-format xml1 /Users/fig/AdVoid/AdVoid/Assets.xcassets

ExecuteExternalTool /Applications/Xcode.app/Contents/Developer/Toolchains/XcodeDefault.xctoolchain/usr/bin/clang -v -E -dM -isysroot /Applications/Xcode.app/Contents/Developer/Platforms/iPhoneOS.platform/Developer/SDKs/iPhoneOS27.0.sdk -x c -c /dev/null

ExecuteExternalTool /Applications/Xcode.app/Contents/Developer/Toolchains/XcodeDefault.xctoolchain/usr/bin/ld -version_details

ReadFileContents /Applications/Xcode.app/Contents/Developer/Toolchains/XcodeDefault.xctoolchain/usr/share/docc/features.json

Build description signature: dbdd20c4002e9e33a58958be492a64fb
Build description path: /tmp/advoid-readiness-derived/Build/Intermediates.noindex/ArchiveIntermediates/AdVoid/IntermediateBuildFilesPath/XCBuildData/dbdd20c4002e9e33a58958be492a64fb.xcbuilddata
CreateBuildDirectory /tmp/advoid-readiness-derived/SDKExplicitPrecompiledModules
    cd /Users/fig/AdVoid/AdVoid.xcodeproj
    builtin-create-build-directory /tmp/advoid-readiness-derived/SDKExplicitPrecompiledModules

CreateBuildDirectory /tmp/advoid-readiness-derived/CompilationCache.noindex
    cd /Users/fig/AdVoid/AdVoid.xcodeproj
    builtin-create-build-directory /tmp/advoid-readiness-derived/CompilationCache.noindex

CreateBuildDirectory /tmp/advoid-readiness-derived/ModuleCache.noindex
    cd /Users/fig/AdVoid/AdVoid.xcodeproj
    builtin-create-build-directory /tmp/advoid-readiness-derived/ModuleCache.noindex

CreateBuildDirectory /tmp/advoid-readiness-derived/Build/Intermediates.noindex/ArchiveIntermediates/AdVoid/PrecompiledHeaders
    cd /Users/fig/AdVoid/AdVoid.xcodeproj
    builtin-create-build-directory /tmp/advoid-readiness-derived/Build/Intermediates.noindex/ArchiveIntermediates/AdVoid/PrecompiledHeaders

CreateBuildDirectory /tmp/advoid-readiness-derived/Build/Intermediates.noindex/ArchiveIntermediates/AdVoid/InstallationBuildProductsLocation
    cd /Users/fig/AdVoid/AdVoid.xcodeproj
    builtin-create-build-directory /tmp/advoid-readiness-derived/Build/Intermediates.noindex/ArchiveIntermediates/AdVoid/InstallationBuildProductsLocation

ClangStatCache /Applications/Xcode.app/Contents/Developer/Toolchains/XcodeDefault.xctoolchain/usr/bin/clang-stat-cache /Applications/Xcode.app/Contents/Developer/Platforms/iPhoneOS.platform/Developer/SDKs/iPhoneOS27.0.sdk /tmp/advoid-readiness-derived/SDKStatCaches.noindex/iphoneos27.0-24A430-6c78b3cbc238196c85e1bf6c792c5915.sdkstatcache
    cd /Users/fig/AdVoid/AdVoid.xcodeproj
    /Applications/Xcode.app/Contents/Developer/Toolchains/XcodeDefault.xctoolchain/usr/bin/clang-stat-cache /Applications/Xcode.app/Contents/Developer/Platforms/iPhoneOS.platform/Developer/SDKs/iPhoneOS27.0.sdk -o /tmp/advoid-readiness-derived/SDKStatCaches.noindex/iphoneos27.0-24A430-6c78b3cbc238196c85e1bf6c792c5915.sdkstatcache

CreateBuildDirectory /tmp/advoid-readiness-derived/Build/Intermediates.noindex/ArchiveIntermediates/AdVoid/IntermediateBuildFilesPath
    cd /Users/fig/AdVoid/AdVoid.xcodeproj
    builtin-create-build-directory /tmp/advoid-readiness-derived/Build/Intermediates.noindex/ArchiveIntermediates/AdVoid/IntermediateBuildFilesPath

CreateBuildDirectory /tmp/advoid-readiness-derived/Build/Intermediates.noindex/ArchiveIntermediates/AdVoid/BuildProductsPath
    cd /Users/fig/AdVoid/AdVoid.xcodeproj
    builtin-create-build-directory /tmp/advoid-readiness-derived/Build/Intermediates.noindex/ArchiveIntermediates/AdVoid/BuildProductsPath

CreateBuildDirectory /tmp/advoid-readiness-derived/Build/Intermediates.noindex/ArchiveIntermediates/AdVoid/IntermediateBuildFilesPath/ExplicitPrecompiledModules
    cd /Users/fig/AdVoid/AdVoid.xcodeproj
    builtin-create-build-directory /tmp/advoid-readiness-derived/Build/Intermediates.noindex/ArchiveIntermediates/AdVoid/IntermediateBuildFilesPath/ExplicitPrecompiledModules

CreateBuildDirectory /tmp/advoid-readiness-derived/Build/Intermediates.noindex/ArchiveIntermediates/AdVoid/IntermediateBuildFilesPath/SwiftExplicitPrecompiledModules
    cd /Users/fig/AdVoid/AdVoid.xcodeproj
    builtin-create-build-directory /tmp/advoid-readiness-derived/Build/Intermediates.noindex/ArchiveIntermediates/AdVoid/IntermediateBuildFilesPath/SwiftExplicitPrecompiledModules

CreateBuildDirectory /tmp/advoid-readiness-derived/Build/Intermediates.noindex/ArchiveIntermediates/AdVoid/BuildProductsPath/Release-iphoneos
    cd /Users/fig/AdVoid/AdVoid.xcodeproj
    builtin-create-build-directory /tmp/advoid-readiness-derived/Build/Intermediates.noindex/ArchiveIntermediates/AdVoid/BuildProductsPath/Release-iphoneos

CreateBuildDirectory /tmp/advoid-readiness-derived/Build/Intermediates.noindex/ArchiveIntermediates/AdVoid/IntermediateBuildFilesPath/EagerLinkingTBDs/Release-iphoneos
    cd /Users/fig/AdVoid/AdVoid.xcodeproj
    builtin-create-build-directory /tmp/advoid-readiness-derived/Build/Intermediates.noindex/ArchiveIntermediates/AdVoid/IntermediateBuildFilesPath/EagerLinkingTBDs/Release-iphoneos

WriteAuxiliaryFile /tmp/advoid-readiness-derived/Build/Intermediates.noindex/ArchiveIntermediates/AdVoid/IntermediateBuildFilesPath/AdVoid.build/Release-iphoneos/AdVoid-d0bc08e69f385f762641293c1710bfc2-VFS-iphoneos/all-product-headers.yaml
    cd /Users/fig/AdVoid/AdVoid.xcodeproj
    write-file /tmp/advoid-readiness-derived/Build/Intermediates.noindex/ArchiveIntermediates/AdVoid/IntermediateBuildFilesPath/AdVoid.build/Release-iphoneos/AdVoid-d0bc08e69f385f762641293c1710bfc2-VFS-iphoneos/all-product-headers.yaml

CreateBuildDirectory /tmp/advoid-readiness-derived/Build/Intermediates.noindex/ArchiveIntermediates/AdVoid/BuildProductsPath/Release-iphoneos/PackageFrameworks
    cd /Users/fig/AdVoid/AdVoid.xcodeproj
    builtin-create-build-directory /tmp/advoid-readiness-derived/Build/Intermediates.noindex/ArchiveIntermediates/AdVoid/BuildProductsPath/Release-iphoneos/PackageFrameworks

WriteAuxiliaryFile /tmp/advoid-readiness-derived/Build/Intermediates.noindex/ArchiveIntermediates/AdVoid/IntermediateBuildFilesPath/RevenueCat.build/Release-iphoneos/RevenueCat-t.build/RevenueCat.modulemap (in target 'RevenueCat' from project 'RevenueCat')
    cd /tmp/advoid-readiness-derived/SourcePackages/checkouts/purchases-ios-spm
    write-file /tmp/advoid-readiness-derived/Build/Intermediates.noindex/ArchiveIntermediates/AdVoid/IntermediateBuildFilesPath/RevenueCat.build/Release-iphoneos/RevenueCat-t.build/RevenueCat.modulemap

WriteAuxiliaryFile /tmp/advoid-readiness-derived/Build/Intermediates.noindex/ArchiveIntermediates/AdVoid/IntermediateBuildFilesPath/RevenueCat.build/Release-iphoneos/RevenueCat-t.build/RevenueCat.DependencyStaticMetadataFileList (in target 'RevenueCat' from project 'RevenueCat')
    cd /tmp/advoid-readiness-derived/SourcePackages/checkouts/purchases-ios-spm
    write-file /tmp/advoid-readiness-derived/Build/Intermediates.noindex/ArchiveIntermediates/AdVoid/IntermediateBuildFilesPath/RevenueCat.build/Release-iphoneos/RevenueCat-t.build/RevenueCat.DependencyStaticMetadataFileList

WriteAuxiliaryFile /tmp/advoid-readiness-derived/Build/Intermediates.noindex/ArchiveIntermediates/AdVoid/IntermediateBuildFilesPath/RevenueCat.build/Release-iphoneos/RevenueCatUI-t.build/RevenueCatUI.modulemap (in target 'RevenueCatUI' from project 'RevenueCat')
    cd /tmp/advoid-readiness-derived/SourcePackages/checkouts/purchases-ios-spm
    write-file /tmp/advoid-readiness-derived/Build/Intermediates.noindex/ArchiveIntermediates/AdVoid/IntermediateBuildFilesPath/RevenueCat.build/Release-iphoneos/RevenueCatUI-t.build/RevenueCatUI.modulemap

WriteAuxiliaryFile /tmp/advoid-readiness-derived/Build/Intermediates.noindex/ArchiveIntermediates/AdVoid/IntermediateBuildFilesPath/RevenueCat.build/Release-iphoneos/RevenueCat-t.build/DerivedSources/resource_bundle_accessor.swift (in target 'RevenueCat' from project 'RevenueCat')
    cd /tmp/advoid-readiness-derived/SourcePackages/checkouts/purchases-ios-spm
    write-file /tmp/advoid-readiness-derived/Build/Intermediates.noindex/ArchiveIntermediates/AdVoid/IntermediateBuildFilesPath/RevenueCat.build/Release-iphoneos/RevenueCat-t.build/DerivedSources/resource_bundle_accessor.swift

WriteAuxiliaryFile /tmp/advoid-readiness-derived/Build/Intermediates.noindex/ArchiveIntermediates/AdVoid/IntermediateBuildFilesPath/RevenueCat.build/Release-iphoneos/RevenueCat-t.build/Objects-normal/arm64/RevenueCat_const_extract_protocols.json (in target 'RevenueCat' from project 'RevenueCat')
    cd /tmp/advoid-readiness-derived/SourcePackages/checkouts/purchases-ios-spm
    write-file /tmp/advoid-readiness-derived/Build/Intermediates.noindex/ArchiveIntermediates/AdVoid/IntermediateBuildFilesPath/RevenueCat.build/Release-iphoneos/RevenueCat-t.build/Objects-normal/arm64/RevenueCat_const_extract_protocols.json

WriteAuxiliaryFile /tmp/advoid-readiness-derived/Build/Intermediates.noindex/ArchiveIntermediates/AdVoid/IntermediateBuildFilesPath/RevenueCat.build/Release-iphoneos/RevenueCat-t.build/Objects-normal/arm64/RevenueCat-OutputFileMap.json (in target 'RevenueCat' from project 'RevenueCat')
    cd /tmp/advoid-readiness-derived/SourcePackages/checkouts/purchases-ios-spm
    write-file /tmp/advoid-readiness-derived/Build/Intermediates.noindex/ArchiveIntermediates/AdVoid/IntermediateBuildFilesPath/RevenueCat.build/Release-iphoneos/RevenueCat-t.build/Objects-normal/arm64/RevenueCat-OutputFileMap.json

WriteAuxiliaryFile /tmp/advoid-readiness-derived/Build/Intermediates.noindex/ArchiveIntermediates/AdVoid/IntermediateBuildFilesPath/RevenueCat.build/Release-iphoneos/RevenueCatUI-t.build/DerivedSources/resource_bundle_accessor.swift (in target 'RevenueCatUI' from project 'RevenueCat')
    cd /tmp/advoid-readiness-derived/SourcePackages/checkouts/purchases-ios-spm
    write-file /tmp/advoid-readiness-derived/Build/Intermediates.noindex/ArchiveIntermediates/AdVoid/IntermediateBuildFilesPath/RevenueCat.build/Release-iphoneos/RevenueCatUI-t.build/DerivedSources/resource_bundle_accessor.swift

WriteAuxiliaryFile /tmp/advoid-readiness-derived/Build/Intermediates.noindex/ArchiveIntermediates/AdVoid/IntermediateBuildFilesPath/RevenueCat.build/Release-iphoneos/RevenueCatUI-t.build/Objects-normal/arm64/RevenueCatUI-OutputFileMap.json (in target 'RevenueCatUI' from project 'RevenueCat')
    cd /tmp/advoid-readiness-derived/SourcePackages/checkouts/purchases-ios-spm
    write-file /tmp/advoid-readiness-derived/Build/Intermediates.noindex/ArchiveIntermediates/AdVoid/IntermediateBuildFilesPath/RevenueCat.build/Release-iphoneos/RevenueCatUI-t.build/Objects-normal/arm64/RevenueCatUI-OutputFileMap.json

WriteAuxiliaryFile /tmp/advoid-readiness-derived/Build/Intermediates.noindex/ArchiveIntermediates/AdVoid/IntermediateBuildFilesPath/RevenueCat.build/Release-iphoneos/RevenueCatUI-t.build/Objects-normal/arm64/RevenueCatUI_const_extract_protocols.json (in target 'RevenueCatUI' from project 'RevenueCat')
    cd /tmp/advoid-readiness-derived/SourcePackages/checkouts/purchases-ios-spm
    write-file /tmp/advoid-readiness-derived/Build/Intermediates.noindex/ArchiveIntermediates/AdVoid/IntermediateBuildFilesPath/RevenueCat.build/Release-iphoneos/RevenueCatUI-t.build/Objects-normal/arm64/RevenueCatUI_const_extract_protocols.json

WriteAuxiliaryFile /tmp/advoid-readiness-derived/Build/Intermediates.noindex/ArchiveIntermediates/AdVoid/IntermediateBuildFilesPath/AdVoid.build/Release-iphoneos/SafariExtension.build/SafariExtension.DependencyMetadataFileList (in target 'SafariExtension' from project 'AdVoid')
    cd /Users/fig/AdVoid
    write-file /tmp/advoid-readiness-derived/Build/Intermediates.noindex/ArchiveIntermediates/AdVoid/IntermediateBuildFilesPath/AdVoid.build/Release-iphoneos/SafariExtension.build/SafariExtension.DependencyMetadataFileList

WriteAuxiliaryFile /tmp/advoid-readiness-derived/Build/Intermediates.noindex/ArchiveIntermediates/AdVoid/IntermediateBuildFilesPath/AdVoid.build/Release-iphoneos/SafariExtension.build/SafariExtension.DependencyStaticMetadataFileList (in target 'SafariExtension' from project 'AdVoid')
    cd /Users/fig/AdVoid
    write-file /tmp/advoid-readiness-derived/Build/Intermediates.noindex/ArchiveIntermediates/AdVoid/IntermediateBuildFilesPath/AdVoid.build/Release-iphoneos/SafariExtension.build/SafariExtension.DependencyStaticMetadataFileList

WriteAuxiliaryFile /tmp/advoid-readiness-derived/Build/Intermediates.noindex/ArchiveIntermediates/AdVoid/IntermediateBuildFilesPath/AdVoid.build/Release-iphoneos/SafariExtension.build/SafariExtension-project-headers.hmap (in target 'SafariExtension' from project 'AdVoid')
    cd /Users/fig/AdVoid
    write-file /tmp/advoid-readiness-derived/Build/Intermediates.noindex/ArchiveIntermediates/AdVoid/IntermediateBuildFilesPath/AdVoid.build/Release-iphoneos/SafariExtension.build/SafariExtension-project-headers.hmap

WriteAuxiliaryFile /tmp/advoid-readiness-derived/Build/Intermediates.noindex/ArchiveIntermediates/AdVoid/IntermediateBuildFilesPath/AdVoid.build/Release-iphoneos/SafariExtension.build/SafariExtension.hmap (in target 'SafariExtension' from project 'AdVoid')
    cd /Users/fig/AdVoid
    write-file /tmp/advoid-readiness-derived/Build/Intermediates.noindex/ArchiveIntermediates/AdVoid/IntermediateBuildFilesPath/AdVoid.build/Release-iphoneos/SafariExtension.build/SafariExtension.hmap

WriteAuxiliaryFile /tmp/advoid-readiness-derived/Build/Intermediates.noindex/ArchiveIntermediates/AdVoid/IntermediateBuildFilesPath/AdVoid.build/Release-iphoneos/SafariExtension.build/SafariExtension-own-target-headers.hmap (in target 'SafariExtension' from project 'AdVoid')
    cd /Users/fig/AdVoid
    write-file /tmp/advoid-readiness-derived/Build/Intermediates.noindex/ArchiveIntermediates/AdVoid/IntermediateBuildFilesPath/AdVoid.build/Release-iphoneos/SafariExtension.build/SafariExtension-own-target-headers.hmap

WriteAuxiliaryFile /tmp/advoid-readiness-derived/Build/Intermediates.noindex/ArchiveIntermediates/AdVoid/IntermediateBuildFilesPath/AdVoid.build/Release-iphoneos/SafariExtension.build/SafariExtension-generated-files.hmap (in target 'SafariExtension' from project 'AdVoid')
    cd /Users/fig/AdVoid
    write-file /tmp/advoid-readiness-derived/Build/Intermediates.noindex/ArchiveIntermediates/AdVoid/IntermediateBuildFilesPath/AdVoid.build/Release-iphoneos/SafariExtension.build/SafariExtension-generated-files.hmap

WriteAuxiliaryFile /tmp/advoid-readiness-derived/Build/Intermediates.noindex/ArchiveIntermediates/AdVoid/IntermediateBuildFilesPath/AdVoid.build/Release-iphoneos/SafariExtension.build/SafariExtension-all-target-headers.hmap (in target 'SafariExtension' from project 'AdVoid')
    cd /Users/fig/AdVoid
    write-file /tmp/advoid-readiness-derived/Build/Intermediates.noindex/ArchiveIntermediates/AdVoid/IntermediateBuildFilesPath/AdVoid.build/Release-iphoneos/SafariExtension.build/SafariExtension-all-target-headers.hmap

WriteAuxiliaryFile /tmp/advoid-readiness-derived/Build/Intermediates.noindex/ArchiveIntermediates/AdVoid/IntermediateBuildFilesPath/AdVoid.build/Release-iphoneos/SafariExtension.build/SafariExtension-all-non-framework-target-headers.hmap (in target 'SafariExtension' from project 'AdVoid')
    cd /Users/fig/AdVoid
    write-file /tmp/advoid-readiness-derived/Build/Intermediates.noindex/ArchiveIntermediates/AdVoid/IntermediateBuildFilesPath/AdVoid.build/Release-iphoneos/SafariExtension.build/SafariExtension-all-non-framework-target-headers.hmap

WriteAuxiliaryFile /tmp/advoid-readiness-derived/Build/Intermediates.noindex/ArchiveIntermediates/AdVoid/IntermediateBuildFilesPath/AdVoid.build/Release-iphoneos/SafariExtension.build/Objects-normal/arm64/SafariExtension_const_extract_protocols.json (in target 'SafariExtension' from project 'AdVoid')
    cd /Users/fig/AdVoid
    write-file /tmp/advoid-readiness-derived/Build/Intermediates.noindex/ArchiveIntermediates/AdVoid/IntermediateBuildFilesPath/AdVoid.build/Release-iphoneos/SafariExtension.build/Objects-normal/arm64/SafariExtension_const_extract_protocols.json

WriteAuxiliaryFile /tmp/advoid-readiness-derived/Build/Intermediates.noindex/ArchiveIntermediates/AdVoid/IntermediateBuildFilesPath/AdVoid.build/Release-iphoneos/SafariExtension.build/Objects-normal/arm64/SafariExtension.SwiftFileList (in target 'SafariExtension' from project 'AdVoid')
    cd /Users/fig/AdVoid
    write-file /tmp/advoid-readiness-derived/Build/Intermediates.noindex/ArchiveIntermediates/AdVoid/IntermediateBuildFilesPath/AdVoid.build/Release-iphoneos/SafariExtension.build/Objects-normal/arm64/SafariExtension.SwiftFileList

WriteAuxiliaryFile /tmp/advoid-readiness-derived/Build/Intermediates.noindex/ArchiveIntermediates/AdVoid/IntermediateBuildFilesPath/AdVoid.build/Release-iphoneos/SafariExtension.build/Objects-normal/arm64/SafariExtension.LinkFileList (in target 'SafariExtension' from project 'AdVoid')
    cd /Users/fig/AdVoid
    write-file /tmp/advoid-readiness-derived/Build/Intermediates.noindex/ArchiveIntermediates/AdVoid/IntermediateBuildFilesPath/AdVoid.build/Release-iphoneos/SafariExtension.build/Objects-normal/arm64/SafariExtension.LinkFileList

WriteAuxiliaryFile /tmp/advoid-readiness-derived/Build/Intermediates.noindex/ArchiveIntermediates/AdVoid/IntermediateBuildFilesPath/AdVoid.build/Release-iphoneos/SafariExtension.build/Objects-normal/arm64/SafariExtension-OutputFileMap.json (in target 'SafariExtension' from project 'AdVoid')
    cd /Users/fig/AdVoid
    write-file /tmp/advoid-readiness-derived/Build/Intermediates.noindex/ArchiveIntermediates/AdVoid/IntermediateBuildFilesPath/AdVoid.build/Release-iphoneos/SafariExtension.build/Objects-normal/arm64/SafariExtension-OutputFileMap.json

WriteAuxiliaryFile /tmp/advoid-readiness-derived/Build/Intermediates.noindex/ArchiveIntermediates/AdVoid/IntermediateBuildFilesPath/AdVoid.build/Release-iphoneos/SafariExtension.build/Objects-normal/arm64/SafariExtension.SwiftConstValuesFileList (in target 'SafariExtension' from project 'AdVoid')
    cd /Users/fig/AdVoid
    write-file /tmp/advoid-readiness-derived/Build/Intermediates.noindex/ArchiveIntermediates/AdVoid/IntermediateBuildFilesPath/AdVoid.build/Release-iphoneos/SafariExtension.build/Objects-normal/arm64/SafariExtension.SwiftConstValuesFileList

WriteAuxiliaryFile /tmp/advoid-readiness-derived/Build/Intermediates.noindex/ArchiveIntermediates/AdVoid/IntermediateBuildFilesPath/RevenueCat.build/Release-iphoneos/RevenueCat_RevenueCatUI-b.build/empty-RevenueCat_RevenueCatUI.plist (in target 'RevenueCat_RevenueCatUI' from project 'RevenueCat')
    cd /tmp/advoid-readiness-derived/SourcePackages/checkouts/purchases-ios-spm
    write-file /tmp/advoid-readiness-derived/Build/Intermediates.noindex/ArchiveIntermediates/AdVoid/IntermediateBuildFilesPath/RevenueCat.build/Release-iphoneos/RevenueCat_RevenueCatUI-b.build/empty-RevenueCat_RevenueCatUI.plist

WriteAuxiliaryFile /tmp/advoid-readiness-derived/Build/Intermediates.noindex/ArchiveIntermediates/AdVoid/IntermediateBuildFilesPath/RevenueCat.build/Release-iphoneos/RevenueCat_RevenueCatUI-b.build/RevenueCat_RevenueCatUI.DependencyStaticMetadataFileList (in target 'RevenueCat_RevenueCatUI' from project 'RevenueCat')
    cd /tmp/advoid-readiness-derived/SourcePackages/checkouts/purchases-ios-spm
    write-file /tmp/advoid-readiness-derived/Build/Intermediates.noindex/ArchiveIntermediates/AdVoid/IntermediateBuildFilesPath/RevenueCat.build/Release-iphoneos/RevenueCat_RevenueCatUI-b.build/RevenueCat_RevenueCatUI.DependencyStaticMetadataFileList

WriteAuxiliaryFile /tmp/advoid-readiness-derived/Build/Intermediates.noindex/ArchiveIntermediates/AdVoid/IntermediateBuildFilesPath/RevenueCat.build/Release-iphoneos/RevenueCat_RevenueCatUI-b.build/RevenueCat_RevenueCatUI.DependencyMetadataFileList (in target 'RevenueCat_RevenueCatUI' from project 'RevenueCat')
    cd /tmp/advoid-readiness-derived/SourcePackages/checkouts/purchases-ios-spm
    write-file /tmp/advoid-readiness-derived/Build/Intermediates.noindex/ArchiveIntermediates/AdVoid/IntermediateBuildFilesPath/RevenueCat.build/Release-iphoneos/RevenueCat_RevenueCatUI-b.build/RevenueCat_RevenueCatUI.DependencyMetadataFileList

WriteAuxiliaryFile /tmp/advoid-readiness-derived/Build/Intermediates.noindex/ArchiveIntermediates/AdVoid/IntermediateBuildFilesPath/RevenueCat.build/Release-iphoneos/RevenueCat_RevenueCat-b.build/empty-RevenueCat_RevenueCat.plist (in target 'RevenueCat_RevenueCat' from project 'RevenueCat')
    cd /tmp/advoid-readiness-derived/SourcePackages/checkouts/purchases-ios-spm
    write-file /tmp/advoid-readiness-derived/Build/Intermediates.noindex/ArchiveIntermediates/AdVoid/IntermediateBuildFilesPath/RevenueCat.build/Release-iphoneos/RevenueCat_RevenueCat-b.build/empty-RevenueCat_RevenueCat.plist

WriteAuxiliaryFile /tmp/advoid-readiness-derived/Build/Intermediates.noindex/ArchiveIntermediates/AdVoid/IntermediateBuildFilesPath/RevenueCat.build/Release-iphoneos/RevenueCat_RevenueCat-b.build/RevenueCat_RevenueCat.DependencyStaticMetadataFileList (in target 'RevenueCat_RevenueCat' from project 'RevenueCat')
    cd /tmp/advoid-readiness-derived/SourcePackages/checkouts/purchases-ios-spm
    write-file /tmp/advoid-readiness-derived/Build/Intermediates.noindex/ArchiveIntermediates/AdVoid/IntermediateBuildFilesPath/RevenueCat.build/Release-iphoneos/RevenueCat_RevenueCat-b.build/RevenueCat_RevenueCat.DependencyStaticMetadataFileList

WriteAuxiliaryFile /tmp/advoid-readiness-derived/Build/Intermediates.noindex/ArchiveIntermediates/AdVoid/IntermediateBuildFilesPath/RevenueCat.build/Release-iphoneos/RevenueCat_RevenueCat-b.build/RevenueCat_RevenueCat.DependencyMetadataFileList (in target 'RevenueCat_RevenueCat' from project 'RevenueCat')
    cd /tmp/advoid-readiness-derived/SourcePackages/checkouts/purchases-ios-spm
    write-file /tmp/advoid-readiness-derived/Build/Intermediates.noindex/ArchiveIntermediates/AdVoid/IntermediateBuildFilesPath/RevenueCat.build/Release-iphoneos/RevenueCat_RevenueCat-b.build/RevenueCat_RevenueCat.DependencyMetadataFileList

WriteAuxiliaryFile /tmp/advoid-readiness-derived/Build/Intermediates.noindex/ArchiveIntermediates/AdVoid/IntermediateBuildFilesPath/RevenueCat.build/Release-iphoneos/RevenueCatUI-t.build/RevenueCatUI.DependencyStaticMetadataFileList (in target 'RevenueCatUI' from project 'RevenueCat')
    cd /tmp/advoid-readiness-derived/SourcePackages/checkouts/purchases-ios-spm
    write-file /tmp/advoid-readiness-derived/Build/Intermediates.noindex/ArchiveIntermediates/AdVoid/IntermediateBuildFilesPath/RevenueCat.build/Release-iphoneos/RevenueCatUI-t.build/RevenueCatUI.DependencyStaticMetadataFileList

WriteAuxiliaryFile /tmp/advoid-readiness-derived/Build/Intermediates.noindex/ArchiveIntermediates/AdVoid/IntermediateBuildFilesPath/RevenueCat.build/Release-iphoneos/RevenueCatUI-t.build/RevenueCatUI.DependencyMetadataFileList (in target 'RevenueCatUI' from project 'RevenueCat')
    cd /tmp/advoid-readiness-derived/SourcePackages/checkouts/purchases-ios-spm
    write-file /tmp/advoid-readiness-derived/Build/Intermediates.noindex/ArchiveIntermediates/AdVoid/IntermediateBuildFilesPath/RevenueCat.build/Release-iphoneos/RevenueCatUI-t.build/RevenueCatUI.DependencyMetadataFileList

WriteAuxiliaryFile /tmp/advoid-readiness-derived/Build/Intermediates.noindex/ArchiveIntermediates/AdVoid/IntermediateBuildFilesPath/RevenueCat.build/Release-iphoneos/RevenueCatUI-t.build/Objects-normal/arm64/RevenueCatUI.SwiftFileList (in target 'RevenueCatUI' from project 'RevenueCat')
    cd /tmp/advoid-readiness-derived/SourcePackages/checkouts/purchases-ios-spm
    write-file /tmp/advoid-readiness-derived/Build/Intermediates.noindex/ArchiveIntermediates/AdVoid/IntermediateBuildFilesPath/RevenueCat.build/Release-iphoneos/RevenueCatUI-t.build/Objects-normal/arm64/RevenueCatUI.SwiftFileList

WriteAuxiliaryFile /tmp/advoid-readiness-derived/Build/Intermediates.noindex/ArchiveIntermediates/AdVoid/IntermediateBuildFilesPath/RevenueCat.build/Release-iphoneos/RevenueCatUI-t.build/Objects-normal/arm64/RevenueCatUI.SwiftConstValuesFileList (in target 'RevenueCatUI' from project 'RevenueCat')
    cd /tmp/advoid-readiness-derived/SourcePackages/checkouts/purchases-ios-spm
    write-file /tmp/advoid-readiness-derived/Build/Intermediates.noindex/ArchiveIntermediates/AdVoid/IntermediateBuildFilesPath/RevenueCat.build/Release-iphoneos/RevenueCatUI-t.build/Objects-normal/arm64/RevenueCatUI.SwiftConstValuesFileList

WriteAuxiliaryFile /tmp/advoid-readiness-derived/Build/Intermediates.noindex/ArchiveIntermediates/AdVoid/IntermediateBuildFilesPath/RevenueCat.build/Release-iphoneos/RevenueCatUI-t.build/Objects-normal/arm64/RevenueCatUI.LinkFileList (in target 'RevenueCatUI' from project 'RevenueCat')
    cd /tmp/advoid-readiness-derived/SourcePackages/checkouts/purchases-ios-spm
    write-file /tmp/advoid-readiness-derived/Build/Intermediates.noindex/ArchiveIntermediates/AdVoid/IntermediateBuildFilesPath/RevenueCat.build/Release-iphoneos/RevenueCatUI-t.build/Objects-normal/arm64/RevenueCatUI.LinkFileList

Copy /tmp/advoid-readiness-derived/Build/Intermediates.noindex/ArchiveIntermediates/AdVoid/IntermediateBuildFilesPath/GeneratedModuleMaps-iphoneos/RevenueCatUI.modulemap /tmp/advoid-readiness-derived/Build/Intermediates.noindex/ArchiveIntermediates/AdVoid/IntermediateBuildFilesPath/RevenueCat.build/Release-iphoneos/RevenueCatUI-t.build/RevenueCatUI.modulemap (in target 'RevenueCatUI' from project 'RevenueCat')
    cd /tmp/advoid-readiness-derived/SourcePackages/checkouts/purchases-ios-spm
    builtin-copy -exclude .DS_Store -exclude CVS -exclude .svn -exclude .git -exclude .hg -strip-unsigned-binaries -strip-deterministic -strip-tool /Applications/Xcode.app/Contents/Developer/Toolchains/XcodeDefault.xctoolchain/usr/bin/strip -resolve-src-symlinks /tmp/advoid-readiness-derived/Build/Intermediates.noindex/ArchiveIntermediates/AdVoid/IntermediateBuildFilesPath/RevenueCat.build/Release-iphoneos/RevenueCatUI-t.build/RevenueCatUI.modulemap /tmp/advoid-readiness-derived/Build/Intermediates.noindex/ArchiveIntermediates/AdVoid/IntermediateBuildFilesPath/GeneratedModuleMaps-iphoneos

WriteAuxiliaryFile /tmp/advoid-readiness-derived/Build/Intermediates.noindex/ArchiveIntermediates/AdVoid/IntermediateBuildFilesPath/RevenueCat.build/Release-iphoneos/RevenueCat-t.build/RevenueCat.DependencyMetadataFileList (in target 'RevenueCat' from project 'RevenueCat')
    cd /tmp/advoid-readiness-derived/SourcePackages/checkouts/purchases-ios-spm
    write-file /tmp/advoid-readiness-derived/Build/Intermediates.noindex/ArchiveIntermediates/AdVoid/IntermediateBuildFilesPath/RevenueCat.build/Release-iphoneos/RevenueCat-t.build/RevenueCat.DependencyMetadataFileList

WriteAuxiliaryFile /tmp/advoid-readiness-derived/Build/Intermediates.noindex/ArchiveIntermediates/AdVoid/IntermediateBuildFilesPath/RevenueCat.build/Release-iphoneos/RevenueCat-t.build/Objects-normal/arm64/RevenueCat.SwiftFileList (in target 'RevenueCat' from project 'RevenueCat')
    cd /tmp/advoid-readiness-derived/SourcePackages/checkouts/purchases-ios-spm
    write-file /tmp/advoid-readiness-derived/Build/Intermediates.noindex/ArchiveIntermediates/AdVoid/IntermediateBuildFilesPath/RevenueCat.build/Release-iphoneos/RevenueCat-t.build/Objects-normal/arm64/RevenueCat.SwiftFileList

WriteAuxiliaryFile /tmp/advoid-readiness-derived/Build/Intermediates.noindex/ArchiveIntermediates/AdVoid/IntermediateBuildFilesPath/RevenueCat.build/Release-iphoneos/RevenueCat-t.build/Objects-normal/arm64/RevenueCat.SwiftConstValuesFileList (in target 'RevenueCat' from project 'RevenueCat')
    cd /tmp/advoid-readiness-derived/SourcePackages/checkouts/purchases-ios-spm
    write-file /tmp/advoid-readiness-derived/Build/Intermediates.noindex/ArchiveIntermediates/AdVoid/IntermediateBuildFilesPath/RevenueCat.build/Release-iphoneos/RevenueCat-t.build/Objects-normal/arm64/RevenueCat.SwiftConstValuesFileList

WriteAuxiliaryFile /tmp/advoid-readiness-derived/Build/Intermediates.noindex/ArchiveIntermediates/AdVoid/IntermediateBuildFilesPath/RevenueCat.build/Release-iphoneos/RevenueCat-t.build/Objects-normal/arm64/RevenueCat.LinkFileList (in target 'RevenueCat' from project 'RevenueCat')
    cd /tmp/advoid-readiness-derived/SourcePackages/checkouts/purchases-ios-spm
    write-file /tmp/advoid-readiness-derived/Build/Intermediates.noindex/ArchiveIntermediates/AdVoid/IntermediateBuildFilesPath/RevenueCat.build/Release-iphoneos/RevenueCat-t.build/Objects-normal/arm64/RevenueCat.LinkFileList

Copy /tmp/advoid-readiness-derived/Build/Intermediates.noindex/ArchiveIntermediates/AdVoid/IntermediateBuildFilesPath/GeneratedModuleMaps-iphoneos/RevenueCat.modulemap /tmp/advoid-readiness-derived/Build/Intermediates.noindex/ArchiveIntermediates/AdVoid/IntermediateBuildFilesPath/RevenueCat.build/Release-iphoneos/RevenueCat-t.build/RevenueCat.modulemap (in target 'RevenueCat' from project 'RevenueCat')
    cd /tmp/advoid-readiness-derived/SourcePackages/checkouts/purchases-ios-spm
    builtin-copy -exclude .DS_Store -exclude CVS -exclude .svn -exclude .git -exclude .hg -strip-unsigned-binaries -strip-deterministic -strip-tool /Applications/Xcode.app/Contents/Developer/Toolchains/XcodeDefault.xctoolchain/usr/bin/strip -resolve-src-symlinks /tmp/advoid-readiness-derived/Build/Intermediates.noindex/ArchiveIntermediates/AdVoid/IntermediateBuildFilesPath/RevenueCat.build/Release-iphoneos/RevenueCat-t.build/RevenueCat.modulemap /tmp/advoid-readiness-derived/Build/Intermediates.noindex/ArchiveIntermediates/AdVoid/IntermediateBuildFilesPath/GeneratedModuleMaps-iphoneos

WriteAuxiliaryFile /tmp/advoid-readiness-derived/Build/Intermediates.noindex/ArchiveIntermediates/AdVoid/IntermediateBuildFilesPath/AdVoid.build/Release-iphoneos/PacketTunnel.build/PacketTunnel.DependencyStaticMetadataFileList (in target 'PacketTunnel' from project 'AdVoid')
    cd /Users/fig/AdVoid
    write-file /tmp/advoid-readiness-derived/Build/Intermediates.noindex/ArchiveIntermediates/AdVoid/IntermediateBuildFilesPath/AdVoid.build/Release-iphoneos/PacketTunnel.build/PacketTunnel.DependencyStaticMetadataFileList

WriteAuxiliaryFile /tmp/advoid-readiness-derived/Build/Intermediates.noindex/ArchiveIntermediates/AdVoid/IntermediateBuildFilesPath/AdVoid.build/Release-iphoneos/PacketTunnel.build/PacketTunnel.hmap (in target 'PacketTunnel' from project 'AdVoid')
    cd /Users/fig/AdVoid
    write-file /tmp/advoid-readiness-derived/Build/Intermediates.noindex/ArchiveIntermediates/AdVoid/IntermediateBuildFilesPath/AdVoid.build/Release-iphoneos/PacketTunnel.build/PacketTunnel.hmap

WriteAuxiliaryFile /tmp/advoid-readiness-derived/Build/Intermediates.noindex/ArchiveIntermediates/AdVoid/IntermediateBuildFilesPath/AdVoid.build/Release-iphoneos/PacketTunnel.build/PacketTunnel.DependencyMetadataFileList (in target 'PacketTunnel' from project 'AdVoid')
    cd /Users/fig/AdVoid
    write-file /tmp/advoid-readiness-derived/Build/Intermediates.noindex/ArchiveIntermediates/AdVoid/IntermediateBuildFilesPath/AdVoid.build/Release-iphoneos/PacketTunnel.build/PacketTunnel.DependencyMetadataFileList

WriteAuxiliaryFile /tmp/advoid-readiness-derived/Build/Intermediates.noindex/ArchiveIntermediates/AdVoid/IntermediateBuildFilesPath/AdVoid.build/Release-iphoneos/PacketTunnel.build/PacketTunnel-project-headers.hmap (in target 'PacketTunnel' from project 'AdVoid')
    cd /Users/fig/AdVoid
    write-file /tmp/advoid-readiness-derived/Build/Intermediates.noindex/ArchiveIntermediates/AdVoid/IntermediateBuildFilesPath/AdVoid.build/Release-iphoneos/PacketTunnel.build/PacketTunnel-project-headers.hmap

WriteAuxiliaryFile /tmp/advoid-readiness-derived/Build/Intermediates.noindex/ArchiveIntermediates/AdVoid/IntermediateBuildFilesPath/AdVoid.build/Release-iphoneos/PacketTunnel.build/PacketTunnel-own-target-headers.hmap (in target 'PacketTunnel' from project 'AdVoid')
    cd /Users/fig/AdVoid
    write-file /tmp/advoid-readiness-derived/Build/Intermediates.noindex/ArchiveIntermediates/AdVoid/IntermediateBuildFilesPath/AdVoid.build/Release-iphoneos/PacketTunnel.build/PacketTunnel-own-target-headers.hmap

WriteAuxiliaryFile /tmp/advoid-readiness-derived/Build/Intermediates.noindex/ArchiveIntermediates/AdVoid/IntermediateBuildFilesPath/AdVoid.build/Release-iphoneos/PacketTunnel.build/PacketTunnel-generated-files.hmap (in target 'PacketTunnel' from project 'AdVoid')
    cd /Users/fig/AdVoid
    write-file /tmp/advoid-readiness-derived/Build/Intermediates.noindex/ArchiveIntermediates/AdVoid/IntermediateBuildFilesPath/AdVoid.build/Release-iphoneos/PacketTunnel.build/PacketTunnel-generated-files.hmap

WriteAuxiliaryFile /tmp/advoid-readiness-derived/Build/Intermediates.noindex/ArchiveIntermediates/AdVoid/IntermediateBuildFilesPath/AdVoid.build/Release-iphoneos/PacketTunnel.build/PacketTunnel-all-target-headers.hmap (in target 'PacketTunnel' from project 'AdVoid')
    cd /Users/fig/AdVoid
    write-file /tmp/advoid-readiness-derived/Build/Intermediates.noindex/ArchiveIntermediates/AdVoid/IntermediateBuildFilesPath/AdVoid.build/Release-iphoneos/PacketTunnel.build/PacketTunnel-all-target-headers.hmap

WriteAuxiliaryFile /tmp/advoid-readiness-derived/Build/Intermediates.noindex/ArchiveIntermediates/AdVoid/IntermediateBuildFilesPath/AdVoid.build/Release-iphoneos/PacketTunnel.build/PacketTunnel-all-non-framework-target-headers.hmap (in target 'PacketTunnel' from project 'AdVoid')
    cd /Users/fig/AdVoid
    write-file /tmp/advoid-readiness-derived/Build/Intermediates.noindex/ArchiveIntermediates/AdVoid/IntermediateBuildFilesPath/AdVoid.build/Release-iphoneos/PacketTunnel.build/PacketTunnel-all-non-framework-target-headers.hmap

WriteAuxiliaryFile /tmp/advoid-readiness-derived/Build/Intermediates.noindex/ArchiveIntermediates/AdVoid/IntermediateBuildFilesPath/AdVoid.build/Release-iphoneos/PacketTunnel.build/Objects-normal/arm64/PacketTunnel.SwiftConstValuesFileList (in target 'PacketTunnel' from project 'AdVoid')
    cd /Users/fig/AdVoid
    write-file /tmp/advoid-readiness-derived/Build/Intermediates.noindex/ArchiveIntermediates/AdVoid/IntermediateBuildFilesPath/AdVoid.build/Release-iphoneos/PacketTunnel.build/Objects-normal/arm64/PacketTunnel.SwiftConstValuesFileList

WriteAuxiliaryFile /tmp/advoid-readiness-derived/Build/Intermediates.noindex/ArchiveIntermediates/AdVoid/IntermediateBuildFilesPath/AdVoid.build/Release-iphoneos/PacketTunnel.build/Objects-normal/arm64/PacketTunnel.SwiftFileList (in target 'PacketTunnel' from project 'AdVoid')
    cd /Users/fig/AdVoid
    write-file /tmp/advoid-readiness-derived/Build/Intermediates.noindex/ArchiveIntermediates/AdVoid/IntermediateBuildFilesPath/AdVoid.build/Release-iphoneos/PacketTunnel.build/Objects-normal/arm64/PacketTunnel.SwiftFileList

WriteAuxiliaryFile /tmp/advoid-readiness-derived/Build/Intermediates.noindex/ArchiveIntermediates/AdVoid/IntermediateBuildFilesPath/AdVoid.build/Release-iphoneos/PacketTunnel.build/Objects-normal/arm64/PacketTunnel_const_extract_protocols.json (in target 'PacketTunnel' from project 'AdVoid')
    cd /Users/fig/AdVoid
    write-file /tmp/advoid-readiness-derived/Build/Intermediates.noindex/ArchiveIntermediates/AdVoid/IntermediateBuildFilesPath/AdVoid.build/Release-iphoneos/PacketTunnel.build/Objects-normal/arm64/PacketTunnel_const_extract_protocols.json

WriteAuxiliaryFile /tmp/advoid-readiness-derived/Build/Intermediates.noindex/ArchiveIntermediates/AdVoid/IntermediateBuildFilesPath/AdVoid.build/Release-iphoneos/PacketTunnel.build/Objects-normal/arm64/PacketTunnel.LinkFileList (in target 'PacketTunnel' from project 'AdVoid')
    cd /Users/fig/AdVoid
    write-file /tmp/advoid-readiness-derived/Build/Intermediates.noindex/ArchiveIntermediates/AdVoid/IntermediateBuildFilesPath/AdVoid.build/Release-iphoneos/PacketTunnel.build/Objects-normal/arm64/PacketTunnel.LinkFileList

WriteAuxiliaryFile /tmp/advoid-readiness-derived/Build/Intermediates.noindex/ArchiveIntermediates/AdVoid/IntermediateBuildFilesPath/AdVoid.build/Release-iphoneos/PacketTunnel.build/Objects-normal/arm64/PacketTunnel-OutputFileMap.json (in target 'PacketTunnel' from project 'AdVoid')
    cd /Users/fig/AdVoid
    write-file /tmp/advoid-readiness-derived/Build/Intermediates.noindex/ArchiveIntermediates/AdVoid/IntermediateBuildFilesPath/AdVoid.build/Release-iphoneos/PacketTunnel.build/Objects-normal/arm64/PacketTunnel-OutputFileMap.json

WriteAuxiliaryFile /tmp/advoid-readiness-derived/Build/Intermediates.noindex/ArchiveIntermediates/AdVoid/IntermediateBuildFilesPath/AdVoid.build/Release-iphoneos/AdVoid.build/empty-AdVoid.plist (in target 'AdVoid' from project 'AdVoid')
    cd /Users/fig/AdVoid
    write-file /tmp/advoid-readiness-derived/Build/Intermediates.noindex/ArchiveIntermediates/AdVoid/IntermediateBuildFilesPath/AdVoid.build/Release-iphoneos/AdVoid.build/empty-AdVoid.plist

WriteAuxiliaryFile /tmp/advoid-readiness-derived/Build/Intermediates.noindex/ArchiveIntermediates/AdVoid/IntermediateBuildFilesPath/AdVoid.build/Release-iphoneos/AdVoid.build/Objects-normal/arm64/AdVoid.SwiftFileList (in target 'AdVoid' from project 'AdVoid')
    cd /Users/fig/AdVoid
    write-file /tmp/advoid-readiness-derived/Build/Intermediates.noindex/ArchiveIntermediates/AdVoid/IntermediateBuildFilesPath/AdVoid.build/Release-iphoneos/AdVoid.build/Objects-normal/arm64/AdVoid.SwiftFileList

WriteAuxiliaryFile /tmp/advoid-readiness-derived/Build/Intermediates.noindex/ArchiveIntermediates/AdVoid/IntermediateBuildFilesPath/AdVoid.build/Release-iphoneos/AdVoid.build/Objects-normal/arm64/AdVoid_const_extract_protocols.json (in target 'AdVoid' from project 'AdVoid')
    cd /Users/fig/AdVoid
    write-file /tmp/advoid-readiness-derived/Build/Intermediates.noindex/ArchiveIntermediates/AdVoid/IntermediateBuildFilesPath/AdVoid.build/Release-iphoneos/AdVoid.build/Objects-normal/arm64/AdVoid_const_extract_protocols.json

WriteAuxiliaryFile /tmp/advoid-readiness-derived/Build/Intermediates.noindex/ArchiveIntermediates/AdVoid/IntermediateBuildFilesPath/AdVoid.build/Release-iphoneos/AdVoid.build/Objects-normal/arm64/AdVoid.SwiftConstValuesFileList (in target 'AdVoid' from project 'AdVoid')
    cd /Users/fig/AdVoid
    write-file /tmp/advoid-readiness-derived/Build/Intermediates.noindex/ArchiveIntermediates/AdVoid/IntermediateBuildFilesPath/AdVoid.build/Release-iphoneos/AdVoid.build/Objects-normal/arm64/AdVoid.SwiftConstValuesFileList

WriteAuxiliaryFile /tmp/advoid-readiness-derived/Build/Intermediates.noindex/ArchiveIntermediates/AdVoid/IntermediateBuildFilesPath/AdVoid.build/Release-iphoneos/AdVoid.build/Objects-normal/arm64/AdVoid.LinkFileList (in target 'AdVoid' from project 'AdVoid')
    cd /Users/fig/AdVoid
    write-file /tmp/advoid-readiness-derived/Build/Intermediates.noindex/ArchiveIntermediates/AdVoid/IntermediateBuildFilesPath/AdVoid.build/Release-iphoneos/AdVoid.build/Objects-normal/arm64/AdVoid.LinkFileList

WriteAuxiliaryFile /tmp/advoid-readiness-derived/Build/Intermediates.noindex/ArchiveIntermediates/AdVoid/IntermediateBuildFilesPath/AdVoid.build/Release-iphoneos/AdVoid.build/Objects-normal/arm64/AdVoid-OutputFileMap.json (in target 'AdVoid' from project 'AdVoid')
    cd /Users/fig/AdVoid
    write-file /tmp/advoid-readiness-derived/Build/Intermediates.noindex/ArchiveIntermediates/AdVoid/IntermediateBuildFilesPath/AdVoid.build/Release-iphoneos/AdVoid.build/Objects-normal/arm64/AdVoid-OutputFileMap.json

WriteAuxiliaryFile /tmp/advoid-readiness-derived/Build/Intermediates.noindex/ArchiveIntermediates/AdVoid/IntermediateBuildFilesPath/AdVoid.build/Release-iphoneos/AdVoid.build/AdVoid.hmap (in target 'AdVoid' from project 'AdVoid')
    cd /Users/fig/AdVoid
    write-file /tmp/advoid-readiness-derived/Build/Intermediates.noindex/ArchiveIntermediates/AdVoid/IntermediateBuildFilesPath/AdVoid.build/Release-iphoneos/AdVoid.build/AdVoid.hmap

WriteAuxiliaryFile /tmp/advoid-readiness-derived/Build/Intermediates.noindex/ArchiveIntermediates/AdVoid/IntermediateBuildFilesPath/AdVoid.build/Release-iphoneos/AdVoid.build/AdVoid.DependencyStaticMetadataFileList (in target 'AdVoid' from project 'AdVoid')
    cd /Users/fig/AdVoid
    write-file /tmp/advoid-readiness-derived/Build/Intermediates.noindex/ArchiveIntermediates/AdVoid/IntermediateBuildFilesPath/AdVoid.build/Release-iphoneos/AdVoid.build/AdVoid.DependencyStaticMetadataFileList

WriteAuxiliaryFile /tmp/advoid-readiness-derived/Build/Intermediates.noindex/ArchiveIntermediates/AdVoid/IntermediateBuildFilesPath/AdVoid.build/Release-iphoneos/AdVoid.build/AdVoid.DependencyMetadataFileList (in target 'AdVoid' from project 'AdVoid')
    cd /Users/fig/AdVoid
    write-file /tmp/advoid-readiness-derived/Build/Intermediates.noindex/ArchiveIntermediates/AdVoid/IntermediateBuildFilesPath/AdVoid.build/Release-iphoneos/AdVoid.build/AdVoid.DependencyMetadataFileList

WriteAuxiliaryFile /tmp/advoid-readiness-derived/Build/Intermediates.noindex/ArchiveIntermediates/AdVoid/IntermediateBuildFilesPath/AdVoid.build/Release-iphoneos/AdVoid.build/AdVoid-project-headers.hmap (in target 'AdVoid' from project 'AdVoid')
    cd /Users/fig/AdVoid
    write-file /tmp/advoid-readiness-derived/Build/Intermediates.noindex/ArchiveIntermediates/AdVoid/IntermediateBuildFilesPath/AdVoid.build/Release-iphoneos/AdVoid.build/AdVoid-project-headers.hmap

WriteAuxiliaryFile /tmp/advoid-readiness-derived/Build/Intermediates.noindex/ArchiveIntermediates/AdVoid/IntermediateBuildFilesPath/AdVoid.build/Release-iphoneos/AdVoid.build/AdVoid-own-target-headers.hmap (in target 'AdVoid' from project 'AdVoid')
    cd /Users/fig/AdVoid
    write-file /tmp/advoid-readiness-derived/Build/Intermediates.noindex/ArchiveIntermediates/AdVoid/IntermediateBuildFilesPath/AdVoid.build/Release-iphoneos/AdVoid.build/AdVoid-own-target-headers.hmap

WriteAuxiliaryFile /tmp/advoid-readiness-derived/Build/Intermediates.noindex/ArchiveIntermediates/AdVoid/IntermediateBuildFilesPath/AdVoid.build/Release-iphoneos/AdVoid.build/AdVoid-generated-files.hmap (in target 'AdVoid' from project 'AdVoid')
    cd /Users/fig/AdVoid
    write-file /tmp/advoid-readiness-derived/Build/Intermediates.noindex/ArchiveIntermediates/AdVoid/IntermediateBuildFilesPath/AdVoid.build/Release-iphoneos/AdVoid.build/AdVoid-generated-files.hmap

WriteAuxiliaryFile /tmp/advoid-readiness-derived/Build/Intermediates.noindex/ArchiveIntermediates/AdVoid/IntermediateBuildFilesPath/AdVoid.build/Release-iphoneos/AdVoid.build/AdVoid-all-target-headers.hmap (in target 'AdVoid' from project 'AdVoid')
    cd /Users/fig/AdVoid
    write-file /tmp/advoid-readiness-derived/Build/Intermediates.noindex/ArchiveIntermediates/AdVoid/IntermediateBuildFilesPath/AdVoid.build/Release-iphoneos/AdVoid.build/AdVoid-all-target-headers.hmap

WriteAuxiliaryFile /tmp/advoid-readiness-derived/Build/Intermediates.noindex/ArchiveIntermediates/AdVoid/IntermediateBuildFilesPath/AdVoid.build/Release-iphoneos/AdVoid.build/AdVoid-all-non-framework-target-headers.hmap (in target 'AdVoid' from project 'AdVoid')
    cd /Users/fig/AdVoid
    write-file /tmp/advoid-readiness-derived/Build/Intermediates.noindex/ArchiveIntermediates/AdVoid/IntermediateBuildFilesPath/AdVoid.build/Release-iphoneos/AdVoid.build/AdVoid-all-non-framework-target-headers.hmap

SymLink /tmp/advoid-readiness-derived/Build/Intermediates.noindex/ArchiveIntermediates/AdVoid/BuildProductsPath/Release-iphoneos/SafariExtension.appex ../../IntermediateBuildFilesPath/UninstalledProducts/iphoneos/SafariExtension.appex (in target 'SafariExtension' from project 'AdVoid')
    cd /Users/fig/AdVoid
    /bin/ln -sfh ../../IntermediateBuildFilesPath/UninstalledProducts/iphoneos/SafariExtension.appex /tmp/advoid-readiness-derived/Build/Intermediates.noindex/ArchiveIntermediates/AdVoid/BuildProductsPath/Release-iphoneos/SafariExtension.appex

MkDir /tmp/advoid-readiness-derived/Build/Intermediates.noindex/ArchiveIntermediates/AdVoid/IntermediateBuildFilesPath/UninstalledProducts/iphoneos/SafariExtension.appex (in target 'SafariExtension' from project 'AdVoid')
    cd /Users/fig/AdVoid
    /bin/mkdir -p /tmp/advoid-readiness-derived/Build/Intermediates.noindex/ArchiveIntermediates/AdVoid/IntermediateBuildFilesPath/UninstalledProducts/iphoneos/SafariExtension.appex

SymLink /tmp/advoid-readiness-derived/Build/Intermediates.noindex/ArchiveIntermediates/AdVoid/BuildProductsPath/Release-iphoneos/RevenueCat_RevenueCatUI.bundle ../../IntermediateBuildFilesPath/UninstalledProducts/iphoneos/RevenueCat_RevenueCatUI.bundle (in target 'RevenueCat_RevenueCatUI' from project 'RevenueCat')
    cd /tmp/advoid-readiness-derived/SourcePackages/checkouts/purchases-ios-spm
    /bin/ln -sfh ../../IntermediateBuildFilesPath/UninstalledProducts/iphoneos/RevenueCat_RevenueCatUI.bundle /tmp/advoid-readiness-derived/Build/Intermediates.noindex/ArchiveIntermediates/AdVoid/BuildProductsPath/Release-iphoneos/RevenueCat_RevenueCatUI.bundle

MkDir /tmp/advoid-readiness-derived/Build/Intermediates.noindex/ArchiveIntermediates/AdVoid/IntermediateBuildFilesPath/UninstalledProducts/iphoneos/RevenueCat_RevenueCatUI.bundle (in target 'RevenueCat_RevenueCatUI' from project 'RevenueCat')
    cd /tmp/advoid-readiness-derived/SourcePackages/checkouts/purchases-ios-spm
    /bin/mkdir -p /tmp/advoid-readiness-derived/Build/Intermediates.noindex/ArchiveIntermediates/AdVoid/IntermediateBuildFilesPath/UninstalledProducts/iphoneos/RevenueCat_RevenueCatUI.bundle

SymLink /tmp/advoid-readiness-derived/Build/Intermediates.noindex/ArchiveIntermediates/AdVoid/BuildProductsPath/Release-iphoneos/RevenueCat_RevenueCat.bundle ../../IntermediateBuildFilesPath/UninstalledProducts/iphoneos/RevenueCat_RevenueCat.bundle (in target 'RevenueCat_RevenueCat' from project 'RevenueCat')
    cd /tmp/advoid-readiness-derived/SourcePackages/checkouts/purchases-ios-spm
    /bin/ln -sfh ../../IntermediateBuildFilesPath/UninstalledProducts/iphoneos/RevenueCat_RevenueCat.bundle /tmp/advoid-readiness-derived/Build/Intermediates.noindex/ArchiveIntermediates/AdVoid/BuildProductsPath/Release-iphoneos/RevenueCat_RevenueCat.bundle

MkDir /tmp/advoid-readiness-derived/Build/Intermediates.noindex/ArchiveIntermediates/AdVoid/IntermediateBuildFilesPath/UninstalledProducts/iphoneos/RevenueCat_RevenueCat.bundle (in target 'RevenueCat_RevenueCat' from project 'RevenueCat')
    cd /tmp/advoid-readiness-derived/SourcePackages/checkouts/purchases-ios-spm
    /bin/mkdir -p /tmp/advoid-readiness-derived/Build/Intermediates.noindex/ArchiveIntermediates/AdVoid/IntermediateBuildFilesPath/UninstalledProducts/iphoneos/RevenueCat_RevenueCat.bundle

SymLink /tmp/advoid-readiness-derived/Build/Intermediates.noindex/ArchiveIntermediates/AdVoid/BuildProductsPath/Release-iphoneos/RevenueCatUI.o ../../IntermediateBuildFilesPath/UninstalledProducts/iphoneos/RevenueCatUI.o (in target 'RevenueCatUI' from project 'RevenueCat')
    cd /tmp/advoid-readiness-derived/SourcePackages/checkouts/purchases-ios-spm
    /bin/ln -sfh ../../IntermediateBuildFilesPath/UninstalledProducts/iphoneos/RevenueCatUI.o /tmp/advoid-readiness-derived/Build/Intermediates.noindex/ArchiveIntermediates/AdVoid/BuildProductsPath/Release-iphoneos/RevenueCatUI.o

SymLink /tmp/advoid-readiness-derived/Build/Intermediates.noindex/ArchiveIntermediates/AdVoid/BuildProductsPath/Release-iphoneos/RevenueCat.o ../../IntermediateBuildFilesPath/UninstalledProducts/iphoneos/RevenueCat.o (in target 'RevenueCat' from project 'RevenueCat')
    cd /tmp/advoid-readiness-derived/SourcePackages/checkouts/purchases-ios-spm
    /bin/ln -sfh ../../IntermediateBuildFilesPath/UninstalledProducts/iphoneos/RevenueCat.o /tmp/advoid-readiness-derived/Build/Intermediates.noindex/ArchiveIntermediates/AdVoid/BuildProductsPath/Release-iphoneos/RevenueCat.o

SymLink /tmp/advoid-readiness-derived/Build/Intermediates.noindex/ArchiveIntermediates/AdVoid/BuildProductsPath/Release-iphoneos/PacketTunnel.appex ../../IntermediateBuildFilesPath/UninstalledProducts/iphoneos/PacketTunnel.appex (in target 'PacketTunnel' from project 'AdVoid')
    cd /Users/fig/AdVoid
    /bin/ln -sfh ../../IntermediateBuildFilesPath/UninstalledProducts/iphoneos/PacketTunnel.appex /tmp/advoid-readiness-derived/Build/Intermediates.noindex/ArchiveIntermediates/AdVoid/BuildProductsPath/Release-iphoneos/PacketTunnel.appex

MkDir /tmp/advoid-readiness-derived/Build/Intermediates.noindex/ArchiveIntermediates/AdVoid/IntermediateBuildFilesPath/UninstalledProducts/iphoneos/PacketTunnel.appex (in target 'PacketTunnel' from project 'AdVoid')
    cd /Users/fig/AdVoid
    /bin/mkdir -p /tmp/advoid-readiness-derived/Build/Intermediates.noindex/ArchiveIntermediates/AdVoid/IntermediateBuildFilesPath/UninstalledProducts/iphoneos/PacketTunnel.appex

SymLink /tmp/advoid-readiness-derived/Build/Intermediates.noindex/ArchiveIntermediates/AdVoid/BuildProductsPath/Release-iphoneos/AdVoid.app ../../InstallationBuildProductsLocation/Applications/AdVoid.app (in target 'AdVoid' from project 'AdVoid')
    cd /Users/fig/AdVoid
    /bin/ln -sfh ../../InstallationBuildProductsLocation/Applications/AdVoid.app /tmp/advoid-readiness-derived/Build/Intermediates.noindex/ArchiveIntermediates/AdVoid/BuildProductsPath/Release-iphoneos/AdVoid.app

MkDir /tmp/advoid-readiness-derived/Build/Intermediates.noindex/ArchiveIntermediates/AdVoid/InstallationBuildProductsLocation/Applications/AdVoid.app/PlugIns (in target 'AdVoid' from project 'AdVoid')
    cd /Users/fig/AdVoid
    /bin/mkdir -p /tmp/advoid-readiness-derived/Build/Intermediates.noindex/ArchiveIntermediates/AdVoid/InstallationBuildProductsLocation/Applications/AdVoid.app/PlugIns

MkDir /tmp/advoid-readiness-derived/Build/Intermediates.noindex/ArchiveIntermediates/AdVoid/InstallationBuildProductsLocation/Applications/AdVoid.app (in target 'AdVoid' from project 'AdVoid')
    cd /Users/fig/AdVoid
    /bin/mkdir -p /tmp/advoid-readiness-derived/Build/Intermediates.noindex/ArchiveIntermediates/AdVoid/InstallationBuildProductsLocation/Applications/AdVoid.app

CpResource /tmp/advoid-readiness-derived/Build/Intermediates.noindex/ArchiveIntermediates/AdVoid/IntermediateBuildFilesPath/UninstalledProducts/iphoneos/SafariExtension.appex/youtube.js /Users/fig/AdVoid/SafariExtension/Resources/youtube.js (in target 'SafariExtension' from project 'AdVoid')
    cd /Users/fig/AdVoid
    builtin-copy -exclude .DS_Store -exclude CVS -exclude .svn -exclude .git -exclude .hg -resolve-src-symlinks /Users/fig/AdVoid/SafariExtension/Resources/youtube.js /tmp/advoid-readiness-derived/Build/Intermediates.noindex/ArchiveIntermediates/AdVoid/IntermediateBuildFilesPath/UninstalledProducts/iphoneos/SafariExtension.appex

CpResource /tmp/advoid-readiness-derived/Build/Intermediates.noindex/ArchiveIntermediates/AdVoid/IntermediateBuildFilesPath/UninstalledProducts/iphoneos/SafariExtension.appex/youtube.css /Users/fig/AdVoid/SafariExtension/Resources/youtube.css (in target 'SafariExtension' from project 'AdVoid')
    cd /Users/fig/AdVoid
    builtin-copy -exclude .DS_Store -exclude CVS -exclude .svn -exclude .git -exclude .hg -resolve-src-symlinks /Users/fig/AdVoid/SafariExtension/Resources/youtube.css /tmp/advoid-readiness-derived/Build/Intermediates.noindex/ArchiveIntermediates/AdVoid/IntermediateBuildFilesPath/UninstalledProducts/iphoneos/SafariExtension.appex

CpResource /tmp/advoid-readiness-derived/Build/Intermediates.noindex/ArchiveIntermediates/AdVoid/IntermediateBuildFilesPath/UninstalledProducts/iphoneos/SafariExtension.appex/youtube-main.js /Users/fig/AdVoid/SafariExtension/Resources/youtube-main.js (in target 'SafariExtension' from project 'AdVoid')
    cd /Users/fig/AdVoid
    builtin-copy -exclude .DS_Store -exclude CVS -exclude .svn -exclude .git -exclude .hg -resolve-src-symlinks /Users/fig/AdVoid/SafariExtension/Resources/youtube-main.js /tmp/advoid-readiness-derived/Build/Intermediates.noindex/ArchiveIntermediates/AdVoid/IntermediateBuildFilesPath/UninstalledProducts/iphoneos/SafariExtension.appex

CpResource /tmp/advoid-readiness-derived/Build/Intermediates.noindex/ArchiveIntermediates/AdVoid/IntermediateBuildFilesPath/UninstalledProducts/iphoneos/SafariExtension.appex/rules.json /Users/fig/AdVoid/SafariExtension/Resources/rules.json (in target 'SafariExtension' from project 'AdVoid')
    cd /Users/fig/AdVoid
    builtin-copy -exclude .DS_Store -exclude CVS -exclude .svn -exclude .git -exclude .hg -resolve-src-symlinks /Users/fig/AdVoid/SafariExtension/Resources/rules.json /tmp/advoid-readiness-derived/Build/Intermediates.noindex/ArchiveIntermediates/AdVoid/IntermediateBuildFilesPath/UninstalledProducts/iphoneos/SafariExtension.appex

ProcessInfoPlistFile /tmp/advoid-readiness-derived/Build/Intermediates.noindex/ArchiveIntermediates/AdVoid/IntermediateBuildFilesPath/UninstalledProducts/iphoneos/SafariExtension.appex/Info.plist /Users/fig/AdVoid/SafariExtension/Info.plist (in target 'SafariExtension' from project 'AdVoid')
    cd /Users/fig/AdVoid
    builtin-infoPlistUtility /Users/fig/AdVoid/SafariExtension/Info.plist -producttype com.apple.product-type.app-extension -expandbuildsettings -format binary -platform iphoneos -requiredArchitecture arm64 -o /tmp/advoid-readiness-derived/Build/Intermediates.noindex/ArchiveIntermediates/AdVoid/IntermediateBuildFilesPath/UninstalledProducts/iphoneos/SafariExtension.appex/Info.plist

CpResource /tmp/advoid-readiness-derived/Build/Intermediates.noindex/ArchiveIntermediates/AdVoid/IntermediateBuildFilesPath/UninstalledProducts/iphoneos/SafariExtension.appex/manifest.json /Users/fig/AdVoid/SafariExtension/Resources/manifest.json (in target 'SafariExtension' from project 'AdVoid')
    cd /Users/fig/AdVoid
    builtin-copy -exclude .DS_Store -exclude CVS -exclude .svn -exclude .git -exclude .hg -resolve-src-symlinks /Users/fig/AdVoid/SafariExtension/Resources/manifest.json /tmp/advoid-readiness-derived/Build/Intermediates.noindex/ArchiveIntermediates/AdVoid/IntermediateBuildFilesPath/UninstalledProducts/iphoneos/SafariExtension.appex

CpResource /tmp/advoid-readiness-derived/Build/Intermediates.noindex/ArchiveIntermediates/AdVoid/IntermediateBuildFilesPath/UninstalledProducts/iphoneos/SafariExtension.appex/instagram.js /Users/fig/AdVoid/SafariExtension/Resources/instagram.js (in target 'SafariExtension' from project 'AdVoid')
    cd /Users/fig/AdVoid
    builtin-copy -exclude .DS_Store -exclude CVS -exclude .svn -exclude .git -exclude .hg -resolve-src-symlinks /Users/fig/AdVoid/SafariExtension/Resources/instagram.js /tmp/advoid-readiness-derived/Build/Intermediates.noindex/ArchiveIntermediates/AdVoid/IntermediateBuildFilesPath/UninstalledProducts/iphoneos/SafariExtension.appex

CpResource /tmp/advoid-readiness-derived/Build/Intermediates.noindex/ArchiveIntermediates/AdVoid/IntermediateBuildFilesPath/UninstalledProducts/iphoneos/SafariExtension.appex/background.js /Users/fig/AdVoid/SafariExtension/Resources/background.js (in target 'SafariExtension' from project 'AdVoid')
    cd /Users/fig/AdVoid
    builtin-copy -exclude .DS_Store -exclude CVS -exclude .svn -exclude .git -exclude .hg -resolve-src-symlinks /Users/fig/AdVoid/SafariExtension/Resources/background.js /tmp/advoid-readiness-derived/Build/Intermediates.noindex/ArchiveIntermediates/AdVoid/IntermediateBuildFilesPath/UninstalledProducts/iphoneos/SafariExtension.appex

CopyPNGFile /tmp/advoid-readiness-derived/Build/Intermediates.noindex/ArchiveIntermediates/AdVoid/IntermediateBuildFilesPath/UninstalledProducts/iphoneos/SafariExtension.appex/icon-96.png /Users/fig/AdVoid/SafariExtension/Resources/icon-96.png (in target 'SafariExtension' from project 'AdVoid')
    cd /Users/fig/AdVoid
    /Applications/Xcode.app/Contents/Developer/usr/bin/copypng -compress -strip-PNG-text /Users/fig/AdVoid/SafariExtension/Resources/icon-96.png /tmp/advoid-readiness-derived/Build/Intermediates.noindex/ArchiveIntermediates/AdVoid/IntermediateBuildFilesPath/UninstalledProducts/iphoneos/SafariExtension.appex/icon-96.png

CopyPNGFile /tmp/advoid-readiness-derived/Build/Intermediates.noindex/ArchiveIntermediates/AdVoid/IntermediateBuildFilesPath/UninstalledProducts/iphoneos/SafariExtension.appex/icon-48.png /Users/fig/AdVoid/SafariExtension/Resources/icon-48.png (in target 'SafariExtension' from project 'AdVoid')
    cd /Users/fig/AdVoid
    /Applications/Xcode.app/Contents/Developer/usr/bin/copypng -compress -strip-PNG-text /Users/fig/AdVoid/SafariExtension/Resources/icon-48.png /tmp/advoid-readiness-derived/Build/Intermediates.noindex/ArchiveIntermediates/AdVoid/IntermediateBuildFilesPath/UninstalledProducts/iphoneos/SafariExtension.appex/icon-48.png

CopyPNGFile /tmp/advoid-readiness-derived/Build/Intermediates.noindex/ArchiveIntermediates/AdVoid/IntermediateBuildFilesPath/UninstalledProducts/iphoneos/SafariExtension.appex/icon-256.png /Users/fig/AdVoid/SafariExtension/Resources/icon-256.png (in target 'SafariExtension' from project 'AdVoid')
    cd /Users/fig/AdVoid
    /Applications/Xcode.app/Contents/Developer/usr/bin/copypng -compress -strip-PNG-text /Users/fig/AdVoid/SafariExtension/Resources/icon-256.png /tmp/advoid-readiness-derived/Build/Intermediates.noindex/ArchiveIntermediates/AdVoid/IntermediateBuildFilesPath/UninstalledProducts/iphoneos/SafariExtension.appex/icon-256.png

CopyPNGFile /tmp/advoid-readiness-derived/Build/Intermediates.noindex/ArchiveIntermediates/AdVoid/IntermediateBuildFilesPath/UninstalledProducts/iphoneos/SafariExtension.appex/icon-128.png /Users/fig/AdVoid/SafariExtension/Resources/icon-128.png (in target 'SafariExtension' from project 'AdVoid')
    cd /Users/fig/AdVoid
    /Applications/Xcode.app/Contents/Developer/usr/bin/copypng -compress -strip-PNG-text /Users/fig/AdVoid/SafariExtension/Resources/icon-128.png /tmp/advoid-readiness-derived/Build/Intermediates.noindex/ArchiveIntermediates/AdVoid/IntermediateBuildFilesPath/UninstalledProducts/iphoneos/SafariExtension.appex/icon-128.png

MkDir /tmp/advoid-readiness-derived/Build/Intermediates.noindex/ArchiveIntermediates/AdVoid/IntermediateBuildFilesPath/RevenueCat.build/Release-iphoneos/RevenueCat_RevenueCatUI-b.build/assetcatalog_output/thinned (in target 'RevenueCat_RevenueCatUI' from project 'RevenueCat')
    cd /tmp/advoid-readiness-derived/SourcePackages/checkouts/purchases-ios-spm
    /bin/mkdir -p /tmp/advoid-readiness-derived/Build/Intermediates.noindex/ArchiveIntermediates/AdVoid/IntermediateBuildFilesPath/RevenueCat.build/Release-iphoneos/RevenueCat_RevenueCatUI-b.build/assetcatalog_output/thinned

CpResource /tmp/advoid-readiness-derived/Build/Intermediates.noindex/ArchiveIntermediates/AdVoid/IntermediateBuildFilesPath/UninstalledProducts/iphoneos/RevenueCat_RevenueCatUI.bundle/zh_Hant.lproj/Localizable.strings /tmp/advoid-readiness-derived/SourcePackages/checkouts/purchases-ios-spm/RevenueCatUI/Resources/zh_Hant.lproj/Localizable.strings (in target 'RevenueCat_RevenueCatUI' from project 'RevenueCat')
    cd /tmp/advoid-readiness-derived/SourcePackages/checkouts/purchases-ios-spm
    builtin-copy -exclude .DS_Store -exclude CVS -exclude .svn -exclude .git -exclude .hg -strip-unsigned-binaries -strip-deterministic -strip-tool /Applications/Xcode.app/Contents/Developer/Toolchains/XcodeDefault.xctoolchain/usr/bin/strip -resolve-src-symlinks /tmp/advoid-readiness-derived/SourcePackages/checkouts/purchases-ios-spm/RevenueCatUI/Resources/zh_Hant.lproj/Localizable.strings /tmp/advoid-readiness-derived/Build/Intermediates.noindex/ArchiveIntermediates/AdVoid/IntermediateBuildFilesPath/UninstalledProducts/iphoneos/RevenueCat_RevenueCatUI.bundle/zh_Hant.lproj

MkDir /tmp/advoid-readiness-derived/Build/Intermediates.noindex/ArchiveIntermediates/AdVoid/IntermediateBuildFilesPath/RevenueCat.build/Release-iphoneos/RevenueCat_RevenueCatUI-b.build/assetcatalog_output/unthinned (in target 'RevenueCat_RevenueCatUI' from project 'RevenueCat')
    cd /tmp/advoid-readiness-derived/SourcePackages/checkouts/purchases-ios-spm
    /bin/mkdir -p /tmp/advoid-readiness-derived/Build/Intermediates.noindex/ArchiveIntermediates/AdVoid/IntermediateBuildFilesPath/RevenueCat.build/Release-iphoneos/RevenueCat_RevenueCatUI-b.build/assetcatalog_output/unthinned

CpResource /tmp/advoid-readiness-derived/Build/Intermediates.noindex/ArchiveIntermediates/AdVoid/IntermediateBuildFilesPath/UninstalledProducts/iphoneos/RevenueCat_RevenueCatUI.bundle/vi.lproj/Localizable.strings /tmp/advoid-readiness-derived/SourcePackages/checkouts/purchases-ios-spm/RevenueCatUI/Resources/vi.lproj/Localizable.strings (in target 'RevenueCat_RevenueCatUI' from project 'RevenueCat')
    cd /tmp/advoid-readiness-derived/SourcePackages/checkouts/purchases-ios-spm
    builtin-copy -exclude .DS_Store -exclude CVS -exclude .svn -exclude .git -exclude .hg -strip-unsigned-binaries -strip-deterministic -strip-tool /Applications/Xcode.app/Contents/Developer/Toolchains/XcodeDefault.xctoolchain/usr/bin/strip -resolve-src-symlinks /tmp/advoid-readiness-derived/SourcePackages/checkouts/purchases-ios-spm/RevenueCatUI/Resources/vi.lproj/Localizable.strings /tmp/advoid-readiness-derived/Build/Intermediates.noindex/ArchiveIntermediates/AdVoid/IntermediateBuildFilesPath/UninstalledProducts/iphoneos/RevenueCat_RevenueCatUI.bundle/vi.lproj

CpResource /tmp/advoid-readiness-derived/Build/Intermediates.noindex/ArchiveIntermediates/AdVoid/IntermediateBuildFilesPath/UninstalledProducts/iphoneos/RevenueCat_RevenueCatUI.bundle/zh_Hans.lproj/Localizable.strings /tmp/advoid-readiness-derived/SourcePackages/checkouts/purchases-ios-spm/RevenueCatUI/Resources/zh_Hans.lproj/Localizable.strings (in target 'RevenueCat_RevenueCatUI' from project 'RevenueCat')
    cd /tmp/advoid-readiness-derived/SourcePackages/checkouts/purchases-ios-spm
    builtin-copy -exclude .DS_Store -exclude CVS -exclude .svn -exclude .git -exclude .hg -strip-unsigned-binaries -strip-deterministic -strip-tool /Applications/Xcode.app/Contents/Developer/Toolchains/XcodeDefault.xctoolchain/usr/bin/strip -resolve-src-symlinks /tmp/advoid-readiness-derived/SourcePackages/checkouts/purchases-ios-spm/RevenueCatUI/Resources/zh_Hans.lproj/Localizable.strings /tmp/advoid-readiness-derived/Build/Intermediates.noindex/ArchiveIntermediates/AdVoid/IntermediateBuildFilesPath/UninstalledProducts/iphoneos/RevenueCat_RevenueCatUI.bundle/zh_Hans.lproj

CpResource /tmp/advoid-readiness-derived/Build/Intermediates.noindex/ArchiveIntermediates/AdVoid/IntermediateBuildFilesPath/UninstalledProducts/iphoneos/RevenueCat_RevenueCatUI.bundle/uk.lproj/Localizable.strings /tmp/advoid-readiness-derived/SourcePackages/checkouts/purchases-ios-spm/RevenueCatUI/Resources/uk.lproj/Localizable.strings (in target 'RevenueCat_RevenueCatUI' from project 'RevenueCat')
    cd /tmp/advoid-readiness-derived/SourcePackages/checkouts/purchases-ios-spm
    builtin-copy -exclude .DS_Store -exclude CVS -exclude .svn -exclude .git -exclude .hg -strip-unsigned-binaries -strip-deterministic -strip-tool /Applications/Xcode.app/Contents/Developer/Toolchains/XcodeDefault.xctoolchain/usr/bin/strip -resolve-src-symlinks /tmp/advoid-readiness-derived/SourcePackages/checkouts/purchases-ios-spm/RevenueCatUI/Resources/uk.lproj/Localizable.strings /tmp/advoid-readiness-derived/Build/Intermediates.noindex/ArchiveIntermediates/AdVoid/IntermediateBuildFilesPath/UninstalledProducts/iphoneos/RevenueCat_RevenueCatUI.bundle/uk.lproj

CpResource /tmp/advoid-readiness-derived/Build/Intermediates.noindex/ArchiveIntermediates/AdVoid/IntermediateBuildFilesPath/UninstalledProducts/iphoneos/RevenueCat_RevenueCatUI.bundle/tr.lproj/Localizable.strings /tmp/advoid-readiness-derived/SourcePackages/checkouts/purchases-ios-spm/RevenueCatUI/Resources/tr.lproj/Localizable.strings (in target 'RevenueCat_RevenueCatUI' from project 'RevenueCat')
    cd /tmp/advoid-readiness-derived/SourcePackages/checkouts/purchases-ios-spm
    builtin-copy -exclude .DS_Store -exclude CVS -exclude .svn -exclude .git -exclude .hg -strip-unsigned-binaries -strip-deterministic -strip-tool /Applications/Xcode.app/Contents/Developer/Toolchains/XcodeDefault.xctoolchain/usr/bin/strip -resolve-src-symlinks /tmp/advoid-readiness-derived/SourcePackages/checkouts/purchases-ios-spm/RevenueCatUI/Resources/tr.lproj/Localizable.strings /tmp/advoid-readiness-derived/Build/Intermediates.noindex/ArchiveIntermediates/AdVoid/IntermediateBuildFilesPath/UninstalledProducts/iphoneos/RevenueCat_RevenueCatUI.bundle/tr.lproj

CpResource /tmp/advoid-readiness-derived/Build/Intermediates.noindex/ArchiveIntermediates/AdVoid/IntermediateBuildFilesPath/UninstalledProducts/iphoneos/RevenueCat_RevenueCatUI.bundle/th.lproj/Localizable.strings /tmp/advoid-readiness-derived/SourcePackages/checkouts/purchases-ios-spm/RevenueCatUI/Resources/th.lproj/Localizable.strings (in target 'RevenueCat_RevenueCatUI' from project 'RevenueCat')
    cd /tmp/advoid-readiness-derived/SourcePackages/checkouts/purchases-ios-spm
    builtin-copy -exclude .DS_Store -exclude CVS -exclude .svn -exclude .git -exclude .hg -strip-unsigned-binaries -strip-deterministic -strip-tool /Applications/Xcode.app/Contents/Developer/Toolchains/XcodeDefault.xctoolchain/usr/bin/strip -resolve-src-symlinks /tmp/advoid-readiness-derived/SourcePackages/checkouts/purchases-ios-spm/RevenueCatUI/Resources/th.lproj/Localizable.strings /tmp/advoid-readiness-derived/Build/Intermediates.noindex/ArchiveIntermediates/AdVoid/IntermediateBuildFilesPath/UninstalledProducts/iphoneos/RevenueCat_RevenueCatUI.bundle/th.lproj

CpResource /tmp/advoid-readiness-derived/Build/Intermediates.noindex/ArchiveIntermediates/AdVoid/IntermediateBuildFilesPath/UninstalledProducts/iphoneos/RevenueCat_RevenueCatUI.bundle/sv.lproj/Localizable.strings /tmp/advoid-readiness-derived/SourcePackages/checkouts/purchases-ios-spm/RevenueCatUI/Resources/sv.lproj/Localizable.strings (in target 'RevenueCat_RevenueCatUI' from project 'RevenueCat')
    cd /tmp/advoid-readiness-derived/SourcePackages/checkouts/purchases-ios-spm
    builtin-copy -exclude .DS_Store -exclude CVS -exclude .svn -exclude .git -exclude .hg -strip-unsigned-binaries -strip-deterministic -strip-tool /Applications/Xcode.app/Contents/Developer/Toolchains/XcodeDefault.xctoolchain/usr/bin/strip -resolve-src-symlinks /tmp/advoid-readiness-derived/SourcePackages/checkouts/purchases-ios-spm/RevenueCatUI/Resources/sv.lproj/Localizable.strings /tmp/advoid-readiness-derived/Build/Intermediates.noindex/ArchiveIntermediates/AdVoid/IntermediateBuildFilesPath/UninstalledProducts/iphoneos/RevenueCat_RevenueCatUI.bundle/sv.lproj

CpResource /tmp/advoid-readiness-derived/Build/Intermediates.noindex/ArchiveIntermediates/AdVoid/IntermediateBuildFilesPath/UninstalledProducts/iphoneos/RevenueCat_RevenueCatUI.bundle/sr_Latn.lproj/Localizable.strings /tmp/advoid-readiness-derived/SourcePackages/checkouts/purchases-ios-spm/RevenueCatUI/Resources/sr_Latn.lproj/Localizable.strings (in target 'RevenueCat_RevenueCatUI' from project 'RevenueCat')
    cd /tmp/advoid-readiness-derived/SourcePackages/checkouts/purchases-ios-spm
    builtin-copy -exclude .DS_Store -exclude CVS -exclude .svn -exclude .git -exclude .hg -strip-unsigned-binaries -strip-deterministic -strip-tool /Applications/Xcode.app/Contents/Developer/Toolchains/XcodeDefault.xctoolchain/usr/bin/strip -resolve-src-symlinks /tmp/advoid-readiness-derived/SourcePackages/checkouts/purchases-ios-spm/RevenueCatUI/Resources/sr_Latn.lproj/Localizable.strings /tmp/advoid-readiness-derived/Build/Intermediates.noindex/ArchiveIntermediates/AdVoid/IntermediateBuildFilesPath/UninstalledProducts/iphoneos/RevenueCat_RevenueCatUI.bundle/sr_Latn.lproj

CpResource /tmp/advoid-readiness-derived/Build/Intermediates.noindex/ArchiveIntermediates/AdVoid/IntermediateBuildFilesPath/UninstalledProducts/iphoneos/RevenueCat_RevenueCatUI.bundle/sr.lproj/Localizable.strings /tmp/advoid-readiness-derived/SourcePackages/checkouts/purchases-ios-spm/RevenueCatUI/Resources/sr.lproj/Localizable.strings (in target 'RevenueCat_RevenueCatUI' from project 'RevenueCat')
    cd /tmp/advoid-readiness-derived/SourcePackages/checkouts/purchases-ios-spm
    builtin-copy -exclude .DS_Store -exclude CVS -exclude .svn -exclude .git -exclude .hg -strip-unsigned-binaries -strip-deterministic -strip-tool /Applications/Xcode.app/Contents/Developer/Toolchains/XcodeDefault.xctoolchain/usr/bin/strip -resolve-src-symlinks /tmp/advoid-readiness-derived/SourcePackages/checkouts/purchases-ios-spm/RevenueCatUI/Resources/sr.lproj/Localizable.strings /tmp/advoid-readiness-derived/Build/Intermediates.noindex/ArchiveIntermediates/AdVoid/IntermediateBuildFilesPath/UninstalledProducts/iphoneos/RevenueCat_RevenueCatUI.bundle/sr.lproj

CpResource /tmp/advoid-readiness-derived/Build/Intermediates.noindex/ArchiveIntermediates/AdVoid/IntermediateBuildFilesPath/UninstalledProducts/iphoneos/RevenueCat_RevenueCatUI.bundle/sl.lproj/Localizable.strings /tmp/advoid-readiness-derived/SourcePackages/checkouts/purchases-ios-spm/RevenueCatUI/Resources/sl.lproj/Localizable.strings (in target 'RevenueCat_RevenueCatUI' from project 'RevenueCat')
    cd /tmp/advoid-readiness-derived/SourcePackages/checkouts/purchases-ios-spm
    builtin-copy -exclude .DS_Store -exclude CVS -exclude .svn -exclude .git -exclude .hg -strip-unsigned-binaries -strip-deterministic -strip-tool /Applications/Xcode.app/Contents/Developer/Toolchains/XcodeDefault.xctoolchain/usr/bin/strip -resolve-src-symlinks /tmp/advoid-readiness-derived/SourcePackages/checkouts/purchases-ios-spm/RevenueCatUI/Resources/sl.lproj/Localizable.strings /tmp/advoid-readiness-derived/Build/Intermediates.noindex/ArchiveIntermediates/AdVoid/IntermediateBuildFilesPath/UninstalledProducts/iphoneos/RevenueCat_RevenueCatUI.bundle/sl.lproj

CpResource /tmp/advoid-readiness-derived/Build/Intermediates.noindex/ArchiveIntermediates/AdVoid/IntermediateBuildFilesPath/UninstalledProducts/iphoneos/RevenueCat_RevenueCatUI.bundle/sk.lproj/Localizable.strings /tmp/advoid-readiness-derived/SourcePackages/checkouts/purchases-ios-spm/RevenueCatUI/Resources/sk.lproj/Localizable.strings (in target 'RevenueCat_RevenueCatUI' from project 'RevenueCat')
    cd /tmp/advoid-readiness-derived/SourcePackages/checkouts/purchases-ios-spm
    builtin-copy -exclude .DS_Store -exclude CVS -exclude .svn -exclude .git -exclude .hg -strip-unsigned-binaries -strip-deterministic -strip-tool /Applications/Xcode.app/Contents/Developer/Toolchains/XcodeDefault.xctoolchain/usr/bin/strip -resolve-src-symlinks /tmp/advoid-readiness-derived/SourcePackages/checkouts/purchases-ios-spm/RevenueCatUI/Resources/sk.lproj/Localizable.strings /tmp/advoid-readiness-derived/Build/Intermediates.noindex/ArchiveIntermediates/AdVoid/IntermediateBuildFilesPath/UninstalledProducts/iphoneos/RevenueCat_RevenueCatUI.bundle/sk.lproj

CpResource /tmp/advoid-readiness-derived/Build/Intermediates.noindex/ArchiveIntermediates/AdVoid/IntermediateBuildFilesPath/UninstalledProducts/iphoneos/RevenueCat_RevenueCatUI.bundle/ro.lproj/Localizable.strings /tmp/advoid-readiness-derived/SourcePackages/checkouts/purchases-ios-spm/RevenueCatUI/Resources/ro.lproj/Localizable.strings (in target 'RevenueCat_RevenueCatUI' from project 'RevenueCat')
    cd /tmp/advoid-readiness-derived/SourcePackages/checkouts/purchases-ios-spm
    builtin-copy -exclude .DS_Store -exclude CVS -exclude .svn -exclude .git -exclude .hg -strip-unsigned-binaries -strip-deterministic -strip-tool /Applications/Xcode.app/Contents/Developer/Toolchains/XcodeDefault.xctoolchain/usr/bin/strip -resolve-src-symlinks /tmp/advoid-readiness-derived/SourcePackages/checkouts/purchases-ios-spm/RevenueCatUI/Resources/ro.lproj/Localizable.strings /tmp/advoid-readiness-derived/Build/Intermediates.noindex/ArchiveIntermediates/AdVoid/IntermediateBuildFilesPath/UninstalledProducts/iphoneos/RevenueCat_RevenueCatUI.bundle/ro.lproj

CpResource /tmp/advoid-readiness-derived/Build/Intermediates.noindex/ArchiveIntermediates/AdVoid/IntermediateBuildFilesPath/UninstalledProducts/iphoneos/RevenueCat_RevenueCatUI.bundle/ru.lproj/Localizable.strings /tmp/advoid-readiness-derived/SourcePackages/checkouts/purchases-ios-spm/RevenueCatUI/Resources/ru.lproj/Localizable.strings (in target 'RevenueCat_RevenueCatUI' from project 'RevenueCat')
    cd /tmp/advoid-readiness-derived/SourcePackages/checkouts/purchases-ios-spm
    builtin-copy -exclude .DS_Store -exclude CVS -exclude .svn -exclude .git -exclude .hg -strip-unsigned-binaries -strip-deterministic -strip-tool /Applications/Xcode.app/Contents/Developer/Toolchains/XcodeDefault.xctoolchain/usr/bin/strip -resolve-src-symlinks /tmp/advoid-readiness-derived/SourcePackages/checkouts/purchases-ios-spm/RevenueCatUI/Resources/ru.lproj/Localizable.strings /tmp/advoid-readiness-derived/Build/Intermediates.noindex/ArchiveIntermediates/AdVoid/IntermediateBuildFilesPath/UninstalledProducts/iphoneos/RevenueCat_RevenueCatUI.bundle/ru.lproj

CpResource /tmp/advoid-readiness-derived/Build/Intermediates.noindex/ArchiveIntermediates/AdVoid/IntermediateBuildFilesPath/UninstalledProducts/iphoneos/RevenueCat_RevenueCatUI.bundle/pt_PT.lproj/Localizable.strings /tmp/advoid-readiness-derived/SourcePackages/checkouts/purchases-ios-spm/RevenueCatUI/Resources/pt_PT.lproj/Localizable.strings (in target 'RevenueCat_RevenueCatUI' from project 'RevenueCat')
    cd /tmp/advoid-readiness-derived/SourcePackages/checkouts/purchases-ios-spm
    builtin-copy -exclude .DS_Store -exclude CVS -exclude .svn -exclude .git -exclude .hg -strip-unsigned-binaries -strip-deterministic -strip-tool /Applications/Xcode.app/Contents/Developer/Toolchains/XcodeDefault.xctoolchain/usr/bin/strip -resolve-src-symlinks /tmp/advoid-readiness-derived/SourcePackages/checkouts/purchases-ios-spm/RevenueCatUI/Resources/pt_PT.lproj/Localizable.strings /tmp/advoid-readiness-derived/Build/Intermediates.noindex/ArchiveIntermediates/AdVoid/IntermediateBuildFilesPath/UninstalledProducts/iphoneos/RevenueCat_RevenueCatUI.bundle/pt_PT.lproj

CpResource /tmp/advoid-readiness-derived/Build/Intermediates.noindex/ArchiveIntermediates/AdVoid/IntermediateBuildFilesPath/UninstalledProducts/iphoneos/RevenueCat_RevenueCatUI.bundle/pt_BR.lproj/Localizable.strings /tmp/advoid-readiness-derived/SourcePackages/checkouts/purchases-ios-spm/RevenueCatUI/Resources/pt_BR.lproj/Localizable.strings (in target 'RevenueCat_RevenueCatUI' from project 'RevenueCat')
    cd /tmp/advoid-readiness-derived/SourcePackages/checkouts/purchases-ios-spm
    builtin-copy -exclude .DS_Store -exclude CVS -exclude .svn -exclude .git -exclude .hg -strip-unsigned-binaries -strip-deterministic -strip-tool /Applications/Xcode.app/Contents/Developer/Toolchains/XcodeDefault.xctoolchain/usr/bin/strip -resolve-src-symlinks /tmp/advoid-readiness-derived/SourcePackages/checkouts/purchases-ios-spm/RevenueCatUI/Resources/pt_BR.lproj/Localizable.strings /tmp/advoid-readiness-derived/Build/Intermediates.noindex/ArchiveIntermediates/AdVoid/IntermediateBuildFilesPath/UninstalledProducts/iphoneos/RevenueCat_RevenueCatUI.bundle/pt_BR.lproj

CpResource /tmp/advoid-readiness-derived/Build/Intermediates.noindex/ArchiveIntermediates/AdVoid/IntermediateBuildFilesPath/UninstalledProducts/iphoneos/RevenueCat_RevenueCatUI.bundle/pl.lproj/Localizable.strings /tmp/advoid-readiness-derived/SourcePackages/checkouts/purchases-ios-spm/RevenueCatUI/Resources/pl.lproj/Localizable.strings (in target 'RevenueCat_RevenueCatUI' from project 'RevenueCat')
    cd /tmp/advoid-readiness-derived/SourcePackages/checkouts/purchases-ios-spm
    builtin-copy -exclude .DS_Store -exclude CVS -exclude .svn -exclude .git -exclude .hg -strip-unsigned-binaries -strip-deterministic -strip-tool /Applications/Xcode.app/Contents/Developer/Toolchains/XcodeDefault.xctoolchain/usr/bin/strip -resolve-src-symlinks /tmp/advoid-readiness-derived/SourcePackages/checkouts/purchases-ios-spm/RevenueCatUI/Resources/pl.lproj/Localizable.strings /tmp/advoid-readiness-derived/Build/Intermediates.noindex/ArchiveIntermediates/AdVoid/IntermediateBuildFilesPath/UninstalledProducts/iphoneos/RevenueCat_RevenueCatUI.bundle/pl.lproj

CpResource /tmp/advoid-readiness-derived/Build/Intermediates.noindex/ArchiveIntermediates/AdVoid/IntermediateBuildFilesPath/UninstalledProducts/iphoneos/RevenueCat_RevenueCatUI.bundle/no.lproj/Localizable.strings /tmp/advoid-readiness-derived/SourcePackages/checkouts/purchases-ios-spm/RevenueCatUI/Resources/no.lproj/Localizable.strings (in target 'RevenueCat_RevenueCatUI' from project 'RevenueCat')
    cd /tmp/advoid-readiness-derived/SourcePackages/checkouts/purchases-ios-spm
    builtin-copy -exclude .DS_Store -exclude CVS -exclude .svn -exclude .git -exclude .hg -strip-unsigned-binaries -strip-deterministic -strip-tool /Applications/Xcode.app/Contents/Developer/Toolchains/XcodeDefault.xctoolchain/usr/bin/strip -resolve-src-symlinks /tmp/advoid-readiness-derived/SourcePackages/checkouts/purchases-ios-spm/RevenueCatUI/Resources/no.lproj/Localizable.strings /tmp/advoid-readiness-derived/Build/Intermediates.noindex/ArchiveIntermediates/AdVoid/IntermediateBuildFilesPath/UninstalledProducts/iphoneos/RevenueCat_RevenueCatUI.bundle/no.lproj

CpResource /tmp/advoid-readiness-derived/Build/Intermediates.noindex/ArchiveIntermediates/AdVoid/IntermediateBuildFilesPath/UninstalledProducts/iphoneos/RevenueCat_RevenueCatUI.bundle/nl.lproj/Localizable.strings /tmp/advoid-readiness-derived/SourcePackages/checkouts/purchases-ios-spm/RevenueCatUI/Resources/nl.lproj/Localizable.strings (in target 'RevenueCat_RevenueCatUI' from project 'RevenueCat')
    cd /tmp/advoid-readiness-derived/SourcePackages/checkouts/purchases-ios-spm
    builtin-copy -exclude .DS_Store -exclude CVS -exclude .svn -exclude .git -exclude .hg -strip-unsigned-binaries -strip-deterministic -strip-tool /Applications/Xcode.app/Contents/Developer/Toolchains/XcodeDefault.xctoolchain/usr/bin/strip -resolve-src-symlinks /tmp/advoid-readiness-derived/SourcePackages/checkouts/purchases-ios-spm/RevenueCatUI/Resources/nl.lproj/Localizable.strings /tmp/advoid-readiness-derived/Build/Intermediates.noindex/ArchiveIntermediates/AdVoid/IntermediateBuildFilesPath/UninstalledProducts/iphoneos/RevenueCat_RevenueCatUI.bundle/nl.lproj

CpResource /tmp/advoid-readiness-derived/Build/Intermediates.noindex/ArchiveIntermediates/AdVoid/IntermediateBuildFilesPath/UninstalledProducts/iphoneos/RevenueCat_RevenueCatUI.bundle/ms.lproj/Localizable.strings /tmp/advoid-readiness-derived/SourcePackages/checkouts/purchases-ios-spm/RevenueCatUI/Resources/ms.lproj/Localizable.strings (in target 'RevenueCat_RevenueCatUI' from project 'RevenueCat')
    cd /tmp/advoid-readiness-derived/SourcePackages/checkouts/purchases-ios-spm
    builtin-copy -exclude .DS_Store -exclude CVS -exclude .svn -exclude .git -exclude .hg -strip-unsigned-binaries -strip-deterministic -strip-tool /Applications/Xcode.app/Contents/Developer/Toolchains/XcodeDefault.xctoolchain/usr/bin/strip -resolve-src-symlinks /tmp/advoid-readiness-derived/SourcePackages/checkouts/purchases-ios-spm/RevenueCatUI/Resources/ms.lproj/Localizable.strings /tmp/advoid-readiness-derived/Build/Intermediates.noindex/ArchiveIntermediates/AdVoid/IntermediateBuildFilesPath/UninstalledProducts/iphoneos/RevenueCat_RevenueCatUI.bundle/ms.lproj

CpResource /tmp/advoid-readiness-derived/Build/Intermediates.noindex/ArchiveIntermediates/AdVoid/IntermediateBuildFilesPath/UninstalledProducts/iphoneos/RevenueCat_RevenueCatUI.bundle/ko.lproj/Localizable.strings /tmp/advoid-readiness-derived/SourcePackages/checkouts/purchases-ios-spm/RevenueCatUI/Resources/ko.lproj/Localizable.strings (in target 'RevenueCat_RevenueCatUI' from project 'RevenueCat')
    cd /tmp/advoid-readiness-derived/SourcePackages/checkouts/purchases-ios-spm
    builtin-copy -exclude .DS_Store -exclude CVS -exclude .svn -exclude .git -exclude .hg -strip-unsigned-binaries -strip-deterministic -strip-tool /Applications/Xcode.app/Contents/Developer/Toolchains/XcodeDefault.xctoolchain/usr/bin/strip -resolve-src-symlinks /tmp/advoid-readiness-derived/SourcePackages/checkouts/purchases-ios-spm/RevenueCatUI/Resources/ko.lproj/Localizable.strings /tmp/advoid-readiness-derived/Build/Intermediates.noindex/ArchiveIntermediates/AdVoid/IntermediateBuildFilesPath/UninstalledProducts/iphoneos/RevenueCat_RevenueCatUI.bundle/ko.lproj

CpResource /tmp/advoid-readiness-derived/Build/Intermediates.noindex/ArchiveIntermediates/AdVoid/IntermediateBuildFilesPath/UninstalledProducts/iphoneos/RevenueCat_RevenueCatUI.bundle/kk.lproj/Localizable.strings /tmp/advoid-readiness-derived/SourcePackages/checkouts/purchases-ios-spm/RevenueCatUI/Resources/kk.lproj/Localizable.strings (in target 'RevenueCat_RevenueCatUI' from project 'RevenueCat')
    cd /tmp/advoid-readiness-derived/SourcePackages/checkouts/purchases-ios-spm
    builtin-copy -exclude .DS_Store -exclude CVS -exclude .svn -exclude .git -exclude .hg -strip-unsigned-binaries -strip-deterministic -strip-tool /Applications/Xcode.app/Contents/Developer/Toolchains/XcodeDefault.xctoolchain/usr/bin/strip -resolve-src-symlinks /tmp/advoid-readiness-derived/SourcePackages/checkouts/purchases-ios-spm/RevenueCatUI/Resources/kk.lproj/Localizable.strings /tmp/advoid-readiness-derived/Build/Intermediates.noindex/ArchiveIntermediates/AdVoid/IntermediateBuildFilesPath/UninstalledProducts/iphoneos/RevenueCat_RevenueCatUI.bundle/kk.lproj

CpResource /tmp/advoid-readiness-derived/Build/Intermediates.noindex/ArchiveIntermediates/AdVoid/IntermediateBuildFilesPath/UninstalledProducts/iphoneos/RevenueCat_RevenueCatUI.bundle/ja.lproj/Localizable.strings /tmp/advoid-readiness-derived/SourcePackages/checkouts/purchases-ios-spm/RevenueCatUI/Resources/ja.lproj/Localizable.strings (in target 'RevenueCat_RevenueCatUI' from project 'RevenueCat')
    cd /tmp/advoid-readiness-derived/SourcePackages/checkouts/purchases-ios-spm
    builtin-copy -exclude .DS_Store -exclude CVS -exclude .svn -exclude .git -exclude .hg -strip-unsigned-binaries -strip-deterministic -strip-tool /Applications/Xcode.app/Contents/Developer/Toolchains/XcodeDefault.xctoolchain/usr/bin/strip -resolve-src-symlinks /tmp/advoid-readiness-derived/SourcePackages/checkouts/purchases-ios-spm/RevenueCatUI/Resources/ja.lproj/Localizable.strings /tmp/advoid-readiness-derived/Build/Intermediates.noindex/ArchiveIntermediates/AdVoid/IntermediateBuildFilesPath/UninstalledProducts/iphoneos/RevenueCat_RevenueCatUI.bundle/ja.lproj

CpResource /tmp/advoid-readiness-derived/Build/Intermediates.noindex/ArchiveIntermediates/AdVoid/IntermediateBuildFilesPath/UninstalledProducts/iphoneos/RevenueCat_RevenueCatUI.bundle/it.lproj/Localizable.strings /tmp/advoid-readiness-derived/SourcePackages/checkouts/purchases-ios-spm/RevenueCatUI/Resources/it.lproj/Localizable.strings (in target 'RevenueCat_RevenueCatUI' from project 'RevenueCat')
    cd /tmp/advoid-readiness-derived/SourcePackages/checkouts/purchases-ios-spm
    builtin-copy -exclude .DS_Store -exclude CVS -exclude .svn -exclude .git -exclude .hg -strip-unsigned-binaries -strip-deterministic -strip-tool /Applications/Xcode.app/Contents/Developer/Toolchains/XcodeDefault.xctoolchain/usr/bin/strip -resolve-src-symlinks /tmp/advoid-readiness-derived/SourcePackages/checkouts/purchases-ios-spm/RevenueCatUI/Resources/it.lproj/Localizable.strings /tmp/advoid-readiness-derived/Build/Intermediates.noindex/ArchiveIntermediates/AdVoid/IntermediateBuildFilesPath/UninstalledProducts/iphoneos/RevenueCat_RevenueCatUI.bundle/it.lproj

CpResource /tmp/advoid-readiness-derived/Build/Intermediates.noindex/ArchiveIntermediates/AdVoid/IntermediateBuildFilesPath/UninstalledProducts/iphoneos/RevenueCat_RevenueCatUI.bundle/id.lproj/Localizable.strings /tmp/advoid-readiness-derived/SourcePackages/checkouts/purchases-ios-spm/RevenueCatUI/Resources/id.lproj/Localizable.strings (in target 'RevenueCat_RevenueCatUI' from project 'RevenueCat')
    cd /tmp/advoid-readiness-derived/SourcePackages/checkouts/purchases-ios-spm
    builtin-copy -exclude .DS_Store -exclude CVS -exclude .svn -exclude .git -exclude .hg -strip-unsigned-binaries -strip-deterministic -strip-tool /Applications/Xcode.app/Contents/Developer/Toolchains/XcodeDefault.xctoolchain/usr/bin/strip -resolve-src-symlinks /tmp/advoid-readiness-derived/SourcePackages/checkouts/purchases-ios-spm/RevenueCatUI/Resources/id.lproj/Localizable.strings /tmp/advoid-readiness-derived/Build/Intermediates.noindex/ArchiveIntermediates/AdVoid/IntermediateBuildFilesPath/UninstalledProducts/iphoneos/RevenueCat_RevenueCatUI.bundle/id.lproj

CpResource /tmp/advoid-readiness-derived/Build/Intermediates.noindex/ArchiveIntermediates/AdVoid/IntermediateBuildFilesPath/UninstalledProducts/iphoneos/RevenueCat_RevenueCatUI.bundle/hu.lproj/Localizable.strings /tmp/advoid-readiness-derived/SourcePackages/checkouts/purchases-ios-spm/RevenueCatUI/Resources/hu.lproj/Localizable.strings (in target 'RevenueCat_RevenueCatUI' from project 'RevenueCat')
    cd /tmp/advoid-readiness-derived/SourcePackages/checkouts/purchases-ios-spm
    builtin-copy -exclude .DS_Store -exclude CVS -exclude .svn -exclude .git -exclude .hg -strip-unsigned-binaries -strip-deterministic -strip-tool /Applications/Xcode.app/Contents/Developer/Toolchains/XcodeDefault.xctoolchain/usr/bin/strip -resolve-src-symlinks /tmp/advoid-readiness-derived/SourcePackages/checkouts/purchases-ios-spm/RevenueCatUI/Resources/hu.lproj/Localizable.strings /tmp/advoid-readiness-derived/Build/Intermediates.noindex/ArchiveIntermediates/AdVoid/IntermediateBuildFilesPath/UninstalledProducts/iphoneos/RevenueCat_RevenueCatUI.bundle/hu.lproj

CpResource /tmp/advoid-readiness-derived/Build/Intermediates.noindex/ArchiveIntermediates/AdVoid/IntermediateBuildFilesPath/UninstalledProducts/iphoneos/RevenueCat_RevenueCatUI.bundle/hi.lproj/Localizable.strings /tmp/advoid-readiness-derived/SourcePackages/checkouts/purchases-ios-spm/RevenueCatUI/Resources/hi.lproj/Localizable.strings (in target 'RevenueCat_RevenueCatUI' from project 'RevenueCat')
    cd /tmp/advoid-readiness-derived/SourcePackages/checkouts/purchases-ios-spm
    builtin-copy -exclude .DS_Store -exclude CVS -exclude .svn -exclude .git -exclude .hg -strip-unsigned-binaries -strip-deterministic -strip-tool /Applications/Xcode.app/Contents/Developer/Toolchains/XcodeDefault.xctoolchain/usr/bin/strip -resolve-src-symlinks /tmp/advoid-readiness-derived/SourcePackages/checkouts/purchases-ios-spm/RevenueCatUI/Resources/hi.lproj/Localizable.strings /tmp/advoid-readiness-derived/Build/Intermediates.noindex/ArchiveIntermediates/AdVoid/IntermediateBuildFilesPath/UninstalledProducts/iphoneos/RevenueCat_RevenueCatUI.bundle/hi.lproj

CpResource /tmp/advoid-readiness-derived/Build/Intermediates.noindex/ArchiveIntermediates/AdVoid/IntermediateBuildFilesPath/UninstalledProducts/iphoneos/RevenueCat_RevenueCatUI.bundle/hr.lproj/Localizable.strings /tmp/advoid-readiness-derived/SourcePackages/checkouts/purchases-ios-spm/RevenueCatUI/Resources/hr.lproj/Localizable.strings (in target 'RevenueCat_RevenueCatUI' from project 'RevenueCat')
    cd /tmp/advoid-readiness-derived/SourcePackages/checkouts/purchases-ios-spm
    builtin-copy -exclude .DS_Store -exclude CVS -exclude .svn -exclude .git -exclude .hg -strip-unsigned-binaries -strip-deterministic -strip-tool /Applications/Xcode.app/Contents/Developer/Toolchains/XcodeDefault.xctoolchain/usr/bin/strip -resolve-src-symlinks /tmp/advoid-readiness-derived/SourcePackages/checkouts/purchases-ios-spm/RevenueCatUI/Resources/hr.lproj/Localizable.strings /tmp/advoid-readiness-derived/Build/Intermediates.noindex/ArchiveIntermediates/AdVoid/IntermediateBuildFilesPath/UninstalledProducts/iphoneos/RevenueCat_RevenueCatUI.bundle/hr.lproj

CpResource /tmp/advoid-readiness-derived/Build/Intermediates.noindex/ArchiveIntermediates/AdVoid/IntermediateBuildFilesPath/UninstalledProducts/iphoneos/RevenueCat_RevenueCatUI.bundle/he.lproj/Localizable.strings /tmp/advoid-readiness-derived/SourcePackages/checkouts/purchases-ios-spm/RevenueCatUI/Resources/he.lproj/Localizable.strings (in target 'RevenueCat_RevenueCatUI' from project 'RevenueCat')
    cd /tmp/advoid-readiness-derived/SourcePackages/checkouts/purchases-ios-spm
    builtin-copy -exclude .DS_Store -exclude CVS -exclude .svn -exclude .git -exclude .hg -strip-unsigned-binaries -strip-deterministic -strip-tool /Applications/Xcode.app/Contents/Developer/Toolchains/XcodeDefault.xctoolchain/usr/bin/strip -resolve-src-symlinks /tmp/advoid-readiness-derived/SourcePackages/checkouts/purchases-ios-spm/RevenueCatUI/Resources/he.lproj/Localizable.strings /tmp/advoid-readiness-derived/Build/Intermediates.noindex/ArchiveIntermediates/AdVoid/IntermediateBuildFilesPath/UninstalledProducts/iphoneos/RevenueCat_RevenueCatUI.bundle/he.lproj

CpResource /tmp/advoid-readiness-derived/Build/Intermediates.noindex/ArchiveIntermediates/AdVoid/IntermediateBuildFilesPath/UninstalledProducts/iphoneos/RevenueCat_RevenueCatUI.bundle/fr_FR.lproj/Localizable.strings /tmp/advoid-readiness-derived/SourcePackages/checkouts/purchases-ios-spm/RevenueCatUI/Resources/fr_FR.lproj/Localizable.strings (in target 'RevenueCat_RevenueCatUI' from project 'RevenueCat')
    cd /tmp/advoid-readiness-derived/SourcePackages/checkouts/purchases-ios-spm
    builtin-copy -exclude .DS_Store -exclude CVS -exclude .svn -exclude .git -exclude .hg -strip-unsigned-binaries -strip-deterministic -strip-tool /Applications/Xcode.app/Contents/Developer/Toolchains/XcodeDefault.xctoolchain/usr/bin/strip -resolve-src-symlinks /tmp/advoid-readiness-derived/SourcePackages/checkouts/purchases-ios-spm/RevenueCatUI/Resources/fr_FR.lproj/Localizable.strings /tmp/advoid-readiness-derived/Build/Intermediates.noindex/ArchiveIntermediates/AdVoid/IntermediateBuildFilesPath/UninstalledProducts/iphoneos/RevenueCat_RevenueCatUI.bundle/fr_FR.lproj

CpResource /tmp/advoid-readiness-derived/Build/Intermediates.noindex/ArchiveIntermediates/AdVoid/IntermediateBuildFilesPath/UninstalledProducts/iphoneos/RevenueCat_RevenueCatUI.bundle/fr_CA.lproj/Localizable.strings /tmp/advoid-readiness-derived/SourcePackages/checkouts/purchases-ios-spm/RevenueCatUI/Resources/fr_CA.lproj/Localizable.strings (in target 'RevenueCat_RevenueCatUI' from project 'RevenueCat')
    cd /tmp/advoid-readiness-derived/SourcePackages/checkouts/purchases-ios-spm
    builtin-copy -exclude .DS_Store -exclude CVS -exclude .svn -exclude .git -exclude .hg -strip-unsigned-binaries -strip-deterministic -strip-tool /Applications/Xcode.app/Contents/Developer/Toolchains/XcodeDefault.xctoolchain/usr/bin/strip -resolve-src-symlinks /tmp/advoid-readiness-derived/SourcePackages/checkouts/purchases-ios-spm/RevenueCatUI/Resources/fr_CA.lproj/Localizable.strings /tmp/advoid-readiness-derived/Build/Intermediates.noindex/ArchiveIntermediates/AdVoid/IntermediateBuildFilesPath/UninstalledProducts/iphoneos/RevenueCat_RevenueCatUI.bundle/fr_CA.lproj

CpResource /tmp/advoid-readiness-derived/Build/Intermediates.noindex/ArchiveIntermediates/AdVoid/IntermediateBuildFilesPath/UninstalledProducts/iphoneos/RevenueCat_RevenueCatUI.bundle/fi.lproj/Localizable.strings /tmp/advoid-readiness-derived/SourcePackages/checkouts/purchases-ios-spm/RevenueCatUI/Resources/fi.lproj/Localizable.strings (in target 'RevenueCat_RevenueCatUI' from project 'RevenueCat')
    cd /tmp/advoid-readiness-derived/SourcePackages/checkouts/purchases-ios-spm
    builtin-copy -exclude .DS_Store -exclude CVS -exclude .svn -exclude .git -exclude .hg -strip-unsigned-binaries -strip-deterministic -strip-tool /Applications/Xcode.app/Contents/Developer/Toolchains/XcodeDefault.xctoolchain/usr/bin/strip -resolve-src-symlinks /tmp/advoid-readiness-derived/SourcePackages/checkouts/purchases-ios-spm/RevenueCatUI/Resources/fi.lproj/Localizable.strings /tmp/advoid-readiness-derived/Build/Intermediates.noindex/ArchiveIntermediates/AdVoid/IntermediateBuildFilesPath/UninstalledProducts/iphoneos/RevenueCat_RevenueCatUI.bundle/fi.lproj

CpResource /tmp/advoid-readiness-derived/Build/Intermediates.noindex/ArchiveIntermediates/AdVoid/IntermediateBuildFilesPath/UninstalledProducts/iphoneos/RevenueCat_RevenueCatUI.bundle/eu.lproj/Localizable.strings /tmp/advoid-readiness-derived/SourcePackages/checkouts/purchases-ios-spm/RevenueCatUI/Resources/eu.lproj/Localizable.strings (in target 'RevenueCat_RevenueCatUI' from project 'RevenueCat')
    cd /tmp/advoid-readiness-derived/SourcePackages/checkouts/purchases-ios-spm
    builtin-copy -exclude .DS_Store -exclude CVS -exclude .svn -exclude .git -exclude .hg -strip-unsigned-binaries -strip-deterministic -strip-tool /Applications/Xcode.app/Contents/Developer/Toolchains/XcodeDefault.xctoolchain/usr/bin/strip -resolve-src-symlinks /tmp/advoid-readiness-derived/SourcePackages/checkouts/purchases-ios-spm/RevenueCatUI/Resources/eu.lproj/Localizable.strings /tmp/advoid-readiness-derived/Build/Intermediates.noindex/ArchiveIntermediates/AdVoid/IntermediateBuildFilesPath/UninstalledProducts/iphoneos/RevenueCat_RevenueCatUI.bundle/eu.lproj

CpResource /tmp/advoid-readiness-derived/Build/Intermediates.noindex/ArchiveIntermediates/AdVoid/IntermediateBuildFilesPath/UninstalledProducts/iphoneos/RevenueCat_RevenueCatUI.bundle/es_ES.lproj/Localizable.strings /tmp/advoid-readiness-derived/SourcePackages/checkouts/purchases-ios-spm/RevenueCatUI/Resources/es_ES.lproj/Localizable.strings (in target 'RevenueCat_RevenueCatUI' from project 'RevenueCat')
    cd /tmp/advoid-readiness-derived/SourcePackages/checkouts/purchases-ios-spm
    builtin-copy -exclude .DS_Store -exclude CVS -exclude .svn -exclude .git -exclude .hg -strip-unsigned-binaries -strip-deterministic -strip-tool /Applications/Xcode.app/Contents/Developer/Toolchains/XcodeDefault.xctoolchain/usr/bin/strip -resolve-src-symlinks /tmp/advoid-readiness-derived/SourcePackages/checkouts/purchases-ios-spm/RevenueCatUI/Resources/es_ES.lproj/Localizable.strings /tmp/advoid-readiness-derived/Build/Intermediates.noindex/ArchiveIntermediates/AdVoid/IntermediateBuildFilesPath/UninstalledProducts/iphoneos/RevenueCat_RevenueCatUI.bundle/es_ES.lproj

CpResource /tmp/advoid-readiness-derived/Build/Intermediates.noindex/ArchiveIntermediates/AdVoid/IntermediateBuildFilesPath/UninstalledProducts/iphoneos/RevenueCat_RevenueCatUI.bundle/es_419.lproj/Localizable.strings /tmp/advoid-readiness-derived/SourcePackages/checkouts/purchases-ios-spm/RevenueCatUI/Resources/es_419.lproj/Localizable.strings (in target 'RevenueCat_RevenueCatUI' from project 'RevenueCat')
    cd /tmp/advoid-readiness-derived/SourcePackages/checkouts/purchases-ios-spm
    builtin-copy -exclude .DS_Store -exclude CVS -exclude .svn -exclude .git -exclude .hg -strip-unsigned-binaries -strip-deterministic -strip-tool /Applications/Xcode.app/Contents/Developer/Toolchains/XcodeDefault.xctoolchain/usr/bin/strip -resolve-src-symlinks /tmp/advoid-readiness-derived/SourcePackages/checkouts/purchases-ios-spm/RevenueCatUI/Resources/es_419.lproj/Localizable.strings /tmp/advoid-readiness-derived/Build/Intermediates.noindex/ArchiveIntermediates/AdVoid/IntermediateBuildFilesPath/UninstalledProducts/iphoneos/RevenueCat_RevenueCatUI.bundle/es_419.lproj

CpResource /tmp/advoid-readiness-derived/Build/Intermediates.noindex/ArchiveIntermediates/AdVoid/IntermediateBuildFilesPath/UninstalledProducts/iphoneos/RevenueCat_RevenueCatUI.bundle/en_US.lproj/Localizable.strings /tmp/advoid-readiness-derived/SourcePackages/checkouts/purchases-ios-spm/RevenueCatUI/Resources/en_US.lproj/Localizable.strings (in target 'RevenueCat_RevenueCatUI' from project 'RevenueCat')
    cd /tmp/advoid-readiness-derived/SourcePackages/checkouts/purchases-ios-spm
    builtin-copy -exclude .DS_Store -exclude CVS -exclude .svn -exclude .git -exclude .hg -strip-unsigned-binaries -strip-deterministic -strip-tool /Applications/Xcode.app/Contents/Developer/Toolchains/XcodeDefault.xctoolchain/usr/bin/strip -resolve-src-symlinks /tmp/advoid-readiness-derived/SourcePackages/checkouts/purchases-ios-spm/RevenueCatUI/Resources/en_US.lproj/Localizable.strings /tmp/advoid-readiness-derived/Build/Intermediates.noindex/ArchiveIntermediates/AdVoid/IntermediateBuildFilesPath/UninstalledProducts/iphoneos/RevenueCat_RevenueCatUI.bundle/en_US.lproj

CpResource /tmp/advoid-readiness-derived/Build/Intermediates.noindex/ArchiveIntermediates/AdVoid/IntermediateBuildFilesPath/UninstalledProducts/iphoneos/RevenueCat_RevenueCatUI.bundle/en_GB.lproj/Localizable.strings /tmp/advoid-readiness-derived/SourcePackages/checkouts/purchases-ios-spm/RevenueCatUI/Resources/en_GB.lproj/Localizable.strings (in target 'RevenueCat_RevenueCatUI' from project 'RevenueCat')
    cd /tmp/advoid-readiness-derived/SourcePackages/checkouts/purchases-ios-spm
    builtin-copy -exclude .DS_Store -exclude CVS -exclude .svn -exclude .git -exclude .hg -strip-unsigned-binaries -strip-deterministic -strip-tool /Applications/Xcode.app/Contents/Developer/Toolchains/XcodeDefault.xctoolchain/usr/bin/strip -resolve-src-symlinks /tmp/advoid-readiness-derived/SourcePackages/checkouts/purchases-ios-spm/RevenueCatUI/Resources/en_GB.lproj/Localizable.strings /tmp/advoid-readiness-derived/Build/Intermediates.noindex/ArchiveIntermediates/AdVoid/IntermediateBuildFilesPath/UninstalledProducts/iphoneos/RevenueCat_RevenueCatUI.bundle/en_GB.lproj

CpResource /tmp/advoid-readiness-derived/Build/Intermediates.noindex/ArchiveIntermediates/AdVoid/IntermediateBuildFilesPath/UninstalledProducts/iphoneos/RevenueCat_RevenueCatUI.bundle/en_CA.lproj/Localizable.strings /tmp/advoid-readiness-derived/SourcePackages/checkouts/purchases-ios-spm/RevenueCatUI/Resources/en_CA.lproj/Localizable.strings (in target 'RevenueCat_RevenueCatUI' from project 'RevenueCat')
    cd /tmp/advoid-readiness-derived/SourcePackages/checkouts/purchases-ios-spm
    builtin-copy -exclude .DS_Store -exclude CVS -exclude .svn -exclude .git -exclude .hg -strip-unsigned-binaries -strip-deterministic -strip-tool /Applications/Xcode.app/Contents/Developer/Toolchains/XcodeDefault.xctoolchain/usr/bin/strip -resolve-src-symlinks /tmp/advoid-readiness-derived/SourcePackages/checkouts/purchases-ios-spm/RevenueCatUI/Resources/en_CA.lproj/Localizable.strings /tmp/advoid-readiness-derived/Build/Intermediates.noindex/ArchiveIntermediates/AdVoid/IntermediateBuildFilesPath/UninstalledProducts/iphoneos/RevenueCat_RevenueCatUI.bundle/en_CA.lproj

CpResource /tmp/advoid-readiness-derived/Build/Intermediates.noindex/ArchiveIntermediates/AdVoid/IntermediateBuildFilesPath/UninstalledProducts/iphoneos/RevenueCat_RevenueCatUI.bundle/en_AU.lproj/Localizable.strings /tmp/advoid-readiness-derived/SourcePackages/checkouts/purchases-ios-spm/RevenueCatUI/Resources/en_AU.lproj/Localizable.strings (in target 'RevenueCat_RevenueCatUI' from project 'RevenueCat')
    cd /tmp/advoid-readiness-derived/SourcePackages/checkouts/purchases-ios-spm
    builtin-copy -exclude .DS_Store -exclude CVS -exclude .svn -exclude .git -exclude .hg -strip-unsigned-binaries -strip-deterministic -strip-tool /Applications/Xcode.app/Contents/Developer/Toolchains/XcodeDefault.xctoolchain/usr/bin/strip -resolve-src-symlinks /tmp/advoid-readiness-derived/SourcePackages/checkouts/purchases-ios-spm/RevenueCatUI/Resources/en_AU.lproj/Localizable.strings /tmp/advoid-readiness-derived/Build/Intermediates.noindex/ArchiveIntermediates/AdVoid/IntermediateBuildFilesPath/UninstalledProducts/iphoneos/RevenueCat_RevenueCatUI.bundle/en_AU.lproj

CpResource /tmp/advoid-readiness-derived/Build/Intermediates.noindex/ArchiveIntermediates/AdVoid/IntermediateBuildFilesPath/UninstalledProducts/iphoneos/RevenueCat_RevenueCatUI.bundle/en.lproj/Localizable.strings /tmp/advoid-readiness-derived/SourcePackages/checkouts/purchases-ios-spm/RevenueCatUI/Resources/en.lproj/Localizable.strings (in target 'RevenueCat_RevenueCatUI' from project 'RevenueCat')
    cd /tmp/advoid-readiness-derived/SourcePackages/checkouts/purchases-ios-spm
    builtin-copy -exclude .DS_Store -exclude CVS -exclude .svn -exclude .git -exclude .hg -strip-unsigned-binaries -strip-deterministic -strip-tool /Applications/Xcode.app/Contents/Developer/Toolchains/XcodeDefault.xctoolchain/usr/bin/strip -resolve-src-symlinks /tmp/advoid-readiness-derived/SourcePackages/checkouts/purchases-ios-spm/RevenueCatUI/Resources/en.lproj/Localizable.strings /tmp/advoid-readiness-derived/Build/Intermediates.noindex/ArchiveIntermediates/AdVoid/IntermediateBuildFilesPath/UninstalledProducts/iphoneos/RevenueCat_RevenueCatUI.bundle/en.lproj

CpResource /tmp/advoid-readiness-derived/Build/Intermediates.noindex/ArchiveIntermediates/AdVoid/IntermediateBuildFilesPath/UninstalledProducts/iphoneos/RevenueCat_RevenueCatUI.bundle/el.lproj/Localizable.strings /tmp/advoid-readiness-derived/SourcePackages/checkouts/purchases-ios-spm/RevenueCatUI/Resources/el.lproj/Localizable.strings (in target 'RevenueCat_RevenueCatUI' from project 'RevenueCat')
    cd /tmp/advoid-readiness-derived/SourcePackages/checkouts/purchases-ios-spm
    builtin-copy -exclude .DS_Store -exclude CVS -exclude .svn -exclude .git -exclude .hg -strip-unsigned-binaries -strip-deterministic -strip-tool /Applications/Xcode.app/Contents/Developer/Toolchains/XcodeDefault.xctoolchain/usr/bin/strip -resolve-src-symlinks /tmp/advoid-readiness-derived/SourcePackages/checkouts/purchases-ios-spm/RevenueCatUI/Resources/el.lproj/Localizable.strings /tmp/advoid-readiness-derived/Build/Intermediates.noindex/ArchiveIntermediates/AdVoid/IntermediateBuildFilesPath/UninstalledProducts/iphoneos/RevenueCat_RevenueCatUI.bundle/el.lproj

CpResource /tmp/advoid-readiness-derived/Build/Intermediates.noindex/ArchiveIntermediates/AdVoid/IntermediateBuildFilesPath/UninstalledProducts/iphoneos/RevenueCat_RevenueCatUI.bundle/de.lproj/Localizable.strings /tmp/advoid-readiness-derived/SourcePackages/checkouts/purchases-ios-spm/RevenueCatUI/Resources/de.lproj/Localizable.strings (in target 'RevenueCat_RevenueCatUI' from project 'RevenueCat')
    cd /tmp/advoid-readiness-derived/SourcePackages/checkouts/purchases-ios-spm
    builtin-copy -exclude .DS_Store -exclude CVS -exclude .svn -exclude .git -exclude .hg -strip-unsigned-binaries -strip-deterministic -strip-tool /Applications/Xcode.app/Contents/Developer/Toolchains/XcodeDefault.xctoolchain/usr/bin/strip -resolve-src-symlinks /tmp/advoid-readiness-derived/SourcePackages/checkouts/purchases-ios-spm/RevenueCatUI/Resources/de.lproj/Localizable.strings /tmp/advoid-readiness-derived/Build/Intermediates.noindex/ArchiveIntermediates/AdVoid/IntermediateBuildFilesPath/UninstalledProducts/iphoneos/RevenueCat_RevenueCatUI.bundle/de.lproj

CpResource /tmp/advoid-readiness-derived/Build/Intermediates.noindex/ArchiveIntermediates/AdVoid/IntermediateBuildFilesPath/UninstalledProducts/iphoneos/RevenueCat_RevenueCatUI.bundle/da.lproj/Localizable.strings /tmp/advoid-readiness-derived/SourcePackages/checkouts/purchases-ios-spm/RevenueCatUI/Resources/da.lproj/Localizable.strings (in target 'RevenueCat_RevenueCatUI' from project 'RevenueCat')
    cd /tmp/advoid-readiness-derived/SourcePackages/checkouts/purchases-ios-spm
    builtin-copy -exclude .DS_Store -exclude CVS -exclude .svn -exclude .git -exclude .hg -strip-unsigned-binaries -strip-deterministic -strip-tool /Applications/Xcode.app/Contents/Developer/Toolchains/XcodeDefault.xctoolchain/usr/bin/strip -resolve-src-symlinks /tmp/advoid-readiness-derived/SourcePackages/checkouts/purchases-ios-spm/RevenueCatUI/Resources/da.lproj/Localizable.strings /tmp/advoid-readiness-derived/Build/Intermediates.noindex/ArchiveIntermediates/AdVoid/IntermediateBuildFilesPath/UninstalledProducts/iphoneos/RevenueCat_RevenueCatUI.bundle/da.lproj

CpResource /tmp/advoid-readiness-derived/Build/Intermediates.noindex/ArchiveIntermediates/AdVoid/IntermediateBuildFilesPath/UninstalledProducts/iphoneos/RevenueCat_RevenueCatUI.bundle/cs.lproj/Localizable.strings /tmp/advoid-readiness-derived/SourcePackages/checkouts/purchases-ios-spm/RevenueCatUI/Resources/cs.lproj/Localizable.strings (in target 'RevenueCat_RevenueCatUI' from project 'RevenueCat')
    cd /tmp/advoid-readiness-derived/SourcePackages/checkouts/purchases-ios-spm
    builtin-copy -exclude .DS_Store -exclude CVS -exclude .svn -exclude .git -exclude .hg -strip-unsigned-binaries -strip-deterministic -strip-tool /Applications/Xcode.app/Contents/Developer/Toolchains/XcodeDefault.xctoolchain/usr/bin/strip -resolve-src-symlinks /tmp/advoid-readiness-derived/SourcePackages/checkouts/purchases-ios-spm/RevenueCatUI/Resources/cs.lproj/Localizable.strings /tmp/advoid-readiness-derived/Build/Intermediates.noindex/ArchiveIntermediates/AdVoid/IntermediateBuildFilesPath/UninstalledProducts/iphoneos/RevenueCat_RevenueCatUI.bundle/cs.lproj

CpResource /tmp/advoid-readiness-derived/Build/Intermediates.noindex/ArchiveIntermediates/AdVoid/IntermediateBuildFilesPath/UninstalledProducts/iphoneos/RevenueCat_RevenueCatUI.bundle/ca.lproj/Localizable.strings /tmp/advoid-readiness-derived/SourcePackages/checkouts/purchases-ios-spm/RevenueCatUI/Resources/ca.lproj/Localizable.strings (in target 'RevenueCat_RevenueCatUI' from project 'RevenueCat')
    cd /tmp/advoid-readiness-derived/SourcePackages/checkouts/purchases-ios-spm
    builtin-copy -exclude .DS_Store -exclude CVS -exclude .svn -exclude .git -exclude .hg -strip-unsigned-binaries -strip-deterministic -strip-tool /Applications/Xcode.app/Contents/Developer/Toolchains/XcodeDefault.xctoolchain/usr/bin/strip -resolve-src-symlinks /tmp/advoid-readiness-derived/SourcePackages/checkouts/purchases-ios-spm/RevenueCatUI/Resources/ca.lproj/Localizable.strings /tmp/advoid-readiness-derived/Build/Intermediates.noindex/ArchiveIntermediates/AdVoid/IntermediateBuildFilesPath/UninstalledProducts/iphoneos/RevenueCat_RevenueCatUI.bundle/ca.lproj

CpResource /tmp/advoid-readiness-derived/Build/Intermediates.noindex/ArchiveIntermediates/AdVoid/IntermediateBuildFilesPath/UninstalledProducts/iphoneos/RevenueCat_RevenueCatUI.bundle/bg.lproj/Localizable.strings /tmp/advoid-readiness-derived/SourcePackages/checkouts/purchases-ios-spm/RevenueCatUI/Resources/bg.lproj/Localizable.strings (in target 'RevenueCat_RevenueCatUI' from project 'RevenueCat')
    cd /tmp/advoid-readiness-derived/SourcePackages/checkouts/purchases-ios-spm
    builtin-copy -exclude .DS_Store -exclude CVS -exclude .svn -exclude .git -exclude .hg -strip-unsigned-binaries -strip-deterministic -strip-tool /Applications/Xcode.app/Contents/Developer/Toolchains/XcodeDefault.xctoolchain/usr/bin/strip -resolve-src-symlinks /tmp/advoid-readiness-derived/SourcePackages/checkouts/purchases-ios-spm/RevenueCatUI/Resources/bg.lproj/Localizable.strings /tmp/advoid-readiness-derived/Build/Intermediates.noindex/ArchiveIntermediates/AdVoid/IntermediateBuildFilesPath/UninstalledProducts/iphoneos/RevenueCat_RevenueCatUI.bundle/bg.lproj

CpResource /tmp/advoid-readiness-derived/Build/Intermediates.noindex/ArchiveIntermediates/AdVoid/IntermediateBuildFilesPath/UninstalledProducts/iphoneos/RevenueCat_RevenueCatUI.bundle/az.lproj/Localizable.strings /tmp/advoid-readiness-derived/SourcePackages/checkouts/purchases-ios-spm/RevenueCatUI/Resources/az.lproj/Localizable.strings (in target 'RevenueCat_RevenueCatUI' from project 'RevenueCat')
    cd /tmp/advoid-readiness-derived/SourcePackages/checkouts/purchases-ios-spm
    builtin-copy -exclude .DS_Store -exclude CVS -exclude .svn -exclude .git -exclude .hg -strip-unsigned-binaries -strip-deterministic -strip-tool /Applications/Xcode.app/Contents/Developer/Toolchains/XcodeDefault.xctoolchain/usr/bin/strip -resolve-src-symlinks /tmp/advoid-readiness-derived/SourcePackages/checkouts/purchases-ios-spm/RevenueCatUI/Resources/az.lproj/Localizable.strings /tmp/advoid-readiness-derived/Build/Intermediates.noindex/ArchiveIntermediates/AdVoid/IntermediateBuildFilesPath/UninstalledProducts/iphoneos/RevenueCat_RevenueCatUI.bundle/az.lproj

CompileAssetCatalogVariant thinned /tmp/advoid-readiness-derived/Build/Intermediates.noindex/ArchiveIntermediates/AdVoid/IntermediateBuildFilesPath/UninstalledProducts/iphoneos/RevenueCat_RevenueCatUI.bundle /tmp/advoid-readiness-derived/SourcePackages/checkouts/purchases-ios-spm/RevenueCatUI/Resources/Media.xcassets /tmp/advoid-readiness-derived/SourcePackages/checkouts/purchases-ios-spm/RevenueCatUI/Resources/icons.xcassets (in target 'RevenueCat_RevenueCatUI' from project 'RevenueCat')
    cd /tmp/advoid-readiness-derived/SourcePackages/checkouts/purchases-ios-spm
    /Applications/Xcode.app/Contents/Developer/usr/bin/actool /tmp/advoid-readiness-derived/SourcePackages/checkouts/purchases-ios-spm/RevenueCatUI/Resources/Media.xcassets /tmp/advoid-readiness-derived/SourcePackages/checkouts/purchases-ios-spm/RevenueCatUI/Resources/icons.xcassets --compile /tmp/advoid-readiness-derived/Build/Intermediates.noindex/ArchiveIntermediates/AdVoid/IntermediateBuildFilesPath/RevenueCat.build/Release-iphoneos/RevenueCat_RevenueCatUI-b.build/assetcatalog_output/thinned --output-format human-readable-text --notices --warnings --export-dependency-info /tmp/advoid-readiness-derived/Build/Intermediates.noindex/ArchiveIntermediates/AdVoid/IntermediateBuildFilesPath/RevenueCat.build/Release-iphoneos/RevenueCat_RevenueCatUI-b.build/assetcatalog_dependencies_thinned --output-partial-info-plist /tmp/advoid-readiness-derived/Build/Intermediates.noindex/ArchiveIntermediates/AdVoid/IntermediateBuildFilesPath/RevenueCat.build/Release-iphoneos/RevenueCat_RevenueCatUI-b.build/assetcatalog_generated_info.plist_thinned --compress-pngs --enable-on-demand-resources NO --development-region en --target-device iphone --target-device ipad --minimum-deployment-target 15.0 --platform iphoneos
unrecognised property keyunrecognised property keyunrecognised property keyunrecognised property keyunrecognised property keyunrecognised property key/* com.apple.actool.compilation-results */
/tmp/advoid-readiness-derived/Build/Intermediates.noindex/ArchiveIntermediates/AdVoid/IntermediateBuildFilesPath/RevenueCat.build/Release-iphoneos/RevenueCat_RevenueCatUI-b.build/assetcatalog_generated_info.plist_thinned
/tmp/advoid-readiness-derived/Build/Intermediates.noindex/ArchiveIntermediates/AdVoid/IntermediateBuildFilesPath/RevenueCat.build/Release-iphoneos/RevenueCat_RevenueCatUI-b.build/assetcatalog_output/thinned/Assets.car


CpResource /tmp/advoid-readiness-derived/Build/Intermediates.noindex/ArchiveIntermediates/AdVoid/IntermediateBuildFilesPath/UninstalledProducts/iphoneos/RevenueCat_RevenueCatUI.bundle/ar.lproj/Localizable.strings /tmp/advoid-readiness-derived/SourcePackages/checkouts/purchases-ios-spm/RevenueCatUI/Resources/ar.lproj/Localizable.strings (in target 'RevenueCat_RevenueCatUI' from project 'RevenueCat')
    cd /tmp/advoid-readiness-derived/SourcePackages/checkouts/purchases-ios-spm
    builtin-copy -exclude .DS_Store -exclude CVS -exclude .svn -exclude .git -exclude .hg -strip-unsigned-binaries -strip-deterministic -strip-tool /Applications/Xcode.app/Contents/Developer/Toolchains/XcodeDefault.xctoolchain/usr/bin/strip -resolve-src-symlinks /tmp/advoid-readiness-derived/SourcePackages/checkouts/purchases-ios-spm/RevenueCatUI/Resources/ar.lproj/Localizable.strings /tmp/advoid-readiness-derived/Build/Intermediates.noindex/ArchiveIntermediates/AdVoid/IntermediateBuildFilesPath/UninstalledProducts/iphoneos/RevenueCat_RevenueCatUI.bundle/ar.lproj

CpResource /tmp/advoid-readiness-derived/Build/Intermediates.noindex/ArchiveIntermediates/AdVoid/IntermediateBuildFilesPath/UninstalledProducts/iphoneos/RevenueCat_RevenueCat.bundle/PrivacyInfo.xcprivacy /tmp/advoid-readiness-derived/SourcePackages/checkouts/purchases-ios-spm/Sources/PrivacyInfo.xcprivacy (in target 'RevenueCat_RevenueCat' from project 'RevenueCat')
    cd /tmp/advoid-readiness-derived/SourcePackages/checkouts/purchases-ios-spm
    builtin-copy -exclude .DS_Store -exclude CVS -exclude .svn -exclude .git -exclude .hg -strip-unsigned-binaries -strip-deterministic -strip-tool /Applications/Xcode.app/Contents/Developer/Toolchains/XcodeDefault.xctoolchain/usr/bin/strip -resolve-src-symlinks /tmp/advoid-readiness-derived/SourcePackages/checkouts/purchases-ios-spm/Sources/PrivacyInfo.xcprivacy /tmp/advoid-readiness-derived/Build/Intermediates.noindex/ArchiveIntermediates/AdVoid/IntermediateBuildFilesPath/UninstalledProducts/iphoneos/RevenueCat_RevenueCat.bundle

ProcessInfoPlistFile /tmp/advoid-readiness-derived/Build/Intermediates.noindex/ArchiveIntermediates/AdVoid/IntermediateBuildFilesPath/UninstalledProducts/iphoneos/RevenueCat_RevenueCat.bundle/Info.plist /tmp/advoid-readiness-derived/Build/Intermediates.noindex/ArchiveIntermediates/AdVoid/IntermediateBuildFilesPath/RevenueCat.build/Release-iphoneos/RevenueCat_RevenueCat-b.build/empty-RevenueCat_RevenueCat.plist (in target 'RevenueCat_RevenueCat' from project 'RevenueCat')
    cd /tmp/advoid-readiness-derived/SourcePackages/checkouts/purchases-ios-spm
    builtin-infoPlistUtility /tmp/advoid-readiness-derived/Build/Intermediates.noindex/ArchiveIntermediates/AdVoid/IntermediateBuildFilesPath/RevenueCat.build/Release-iphoneos/RevenueCat_RevenueCat-b.build/empty-RevenueCat_RevenueCat.plist -producttype com.apple.product-type.bundle -expandbuildsettings -format binary -platform iphoneos -requiredArchitecture arm64 -o /tmp/advoid-readiness-derived/Build/Intermediates.noindex/ArchiveIntermediates/AdVoid/IntermediateBuildFilesPath/UninstalledProducts/iphoneos/RevenueCat_RevenueCat.bundle/Info.plist

ProcessInfoPlistFile /tmp/advoid-readiness-derived/Build/Intermediates.noindex/ArchiveIntermediates/AdVoid/IntermediateBuildFilesPath/UninstalledProducts/iphoneos/PacketTunnel.appex/Info.plist /Users/fig/AdVoid/PacketTunnel/Info.plist (in target 'PacketTunnel' from project 'AdVoid')
    cd /Users/fig/AdVoid
    builtin-infoPlistUtility /Users/fig/AdVoid/PacketTunnel/Info.plist -producttype com.apple.product-type.app-extension -expandbuildsettings -format binary -platform iphoneos -requiredArchitecture arm64 -o /tmp/advoid-readiness-derived/Build/Intermediates.noindex/ArchiveIntermediates/AdVoid/IntermediateBuildFilesPath/UninstalledProducts/iphoneos/PacketTunnel.appex/Info.plist

SetOwnerAndGroup fig:staff /tmp/advoid-readiness-derived/Build/Intermediates.noindex/ArchiveIntermediates/AdVoid/IntermediateBuildFilesPath/UninstalledProducts/iphoneos/RevenueCat_RevenueCat.bundle (in target 'RevenueCat_RevenueCat' from project 'RevenueCat')
    cd /tmp/advoid-readiness-derived/SourcePackages/checkouts/purchases-ios-spm
    /usr/sbin/chown -RH fig:staff /tmp/advoid-readiness-derived/Build/Intermediates.noindex/ArchiveIntermediates/AdVoid/IntermediateBuildFilesPath/UninstalledProducts/iphoneos/RevenueCat_RevenueCat.bundle

SetMode u+w,go-w,a+rX /tmp/advoid-readiness-derived/Build/Intermediates.noindex/ArchiveIntermediates/AdVoid/IntermediateBuildFilesPath/UninstalledProducts/iphoneos/RevenueCat_RevenueCat.bundle (in target 'RevenueCat_RevenueCat' from project 'RevenueCat')
    cd /tmp/advoid-readiness-derived/SourcePackages/checkouts/purchases-ios-spm
    /bin/chmod -RH u+w,go-w,a+rX /tmp/advoid-readiness-derived/Build/Intermediates.noindex/ArchiveIntermediates/AdVoid/IntermediateBuildFilesPath/UninstalledProducts/iphoneos/RevenueCat_RevenueCat.bundle

RegisterExecutionPolicyException /tmp/advoid-readiness-derived/Build/Intermediates.noindex/ArchiveIntermediates/AdVoid/IntermediateBuildFilesPath/UninstalledProducts/iphoneos/RevenueCat_RevenueCat.bundle (in target 'RevenueCat_RevenueCat' from project 'RevenueCat')
    cd /tmp/advoid-readiness-derived/SourcePackages/checkouts/purchases-ios-spm
    builtin-RegisterExecutionPolicyException /tmp/advoid-readiness-derived/Build/Intermediates.noindex/ArchiveIntermediates/AdVoid/IntermediateBuildFilesPath/UninstalledProducts/iphoneos/RevenueCat_RevenueCat.bundle

Touch /tmp/advoid-readiness-derived/Build/Intermediates.noindex/ArchiveIntermediates/AdVoid/IntermediateBuildFilesPath/UninstalledProducts/iphoneos/RevenueCat_RevenueCat.bundle (in target 'RevenueCat_RevenueCat' from project 'RevenueCat')
    cd /tmp/advoid-readiness-derived/SourcePackages/checkouts/purchases-ios-spm
    /usr/bin/touch -c /tmp/advoid-readiness-derived/Build/Intermediates.noindex/ArchiveIntermediates/AdVoid/IntermediateBuildFilesPath/UninstalledProducts/iphoneos/RevenueCat_RevenueCat.bundle

SwiftDriver SafariExtension normal arm64 com.apple.xcode.tools.swift.compiler (in target 'SafariExtension' from project 'AdVoid')
    cd /Users/fig/AdVoid
    builtin-SwiftDriver -- /Applications/Xcode.app/Contents/Developer/Toolchains/XcodeDefault.xctoolchain/usr/bin/swiftc -module-name SafariExtension -O -whole-module-optimization @/tmp/advoid-readiness-derived/Build/Intermediates.noindex/ArchiveIntermediates/AdVoid/IntermediateBuildFilesPath/AdVoid.build/Release-iphoneos/SafariExtension.build/Objects-normal/arm64/SafariExtension.SwiftFileList -enable-bare-slash-regex -enable-experimental-feature DebugDescriptionMacro -sdk /Applications/Xcode.app/Contents/Developer/Platforms/iPhoneOS.platform/Developer/SDKs/iPhoneOS27.0.sdk -target arm64-apple-ios26.0 -g -module-cache-path /tmp/advoid-readiness-derived/ModuleCache.noindex -Xfrontend -serialize-debugging-options -application-extension -swift-version 5 -I /tmp/advoid-readiness-derived/Build/Intermediates.noindex/ArchiveIntermediates/AdVoid/BuildProductsPath/Release-iphoneos -F /tmp/advoid-readiness-derived/Build/Intermediates.noindex/ArchiveIntermediates/AdVoid/BuildProductsPath/Release-iphoneos -c -num-threads 10 -Xcc -ivfsstatcache -Xcc /tmp/advoid-readiness-derived/SDKStatCaches.noindex/iphoneos27.0-24A430-6c78b3cbc238196c85e1bf6c792c5915.sdkstatcache -output-file-map /tmp/advoid-readiness-derived/Build/Intermediates.noindex/ArchiveIntermediates/AdVoid/IntermediateBuildFilesPath/AdVoid.build/Release-iphoneos/SafariExtension.build/Objects-normal/arm64/SafariExtension-OutputFileMap.json -save-temps -no-color-diagnostics -explicit-module-build -module-cache-path /tmp/advoid-readiness-derived/Build/Intermediates.noindex/ArchiveIntermediates/AdVoid/IntermediateBuildFilesPath/SwiftExplicitPrecompiledModules -clang-scanner-module-cache-path /tmp/advoid-readiness-derived/ModuleCache.noindex -sdk-module-cache-path /tmp/advoid-readiness-derived/SDKExplicitPrecompiledModules -emit-dependencies -emit-module -emit-module-path /tmp/advoid-readiness-derived/Build/Intermediates.noindex/ArchiveIntermediates/AdVoid/IntermediateBuildFilesPath/AdVoid.build/Release-iphoneos/SafariExtension.build/Objects-normal/arm64/SafariExtension.swiftmodule -serialize-diagnostics -dependency-scan-serialize-diagnostics-path /tmp/advoid-readiness-derived/Build/Intermediates.noindex/ArchiveIntermediates/AdVoid/IntermediateBuildFilesPath/AdVoid.build/Release-iphoneos/SafariExtension.build/Objects-normal/arm64/SafariExtension-dependency-scan.dia -validate-clang-modules-once -clang-build-session-file /tmp/advoid-readiness-derived/ModuleCache.noindex/Session.modulevalidation -Xcc -fmodules-prune-interval\=86400 -Xcc -fmodules-prune-after\=345600 -emit-const-values -const-gather-protocols-list /tmp/advoid-readiness-derived/Build/Intermediates.noindex/ArchiveIntermediates/AdVoid/IntermediateBuildFilesPath/AdVoid.build/Release-iphoneos/SafariExtension.build/Objects-normal/arm64/SafariExtension_const_extract_protocols.json -Xcc -iquote -Xcc /tmp/advoid-readiness-derived/Build/Intermediates.noindex/ArchiveIntermediates/AdVoid/IntermediateBuildFilesPath/AdVoid.build/Release-iphoneos/SafariExtension.build/SafariExtension-generated-files.hmap -Xcc -I/tmp/advoid-readiness-derived/Build/Intermediates.noindex/ArchiveIntermediates/AdVoid/IntermediateBuildFilesPath/AdVoid.build/Release-iphoneos/SafariExtension.build/SafariExtension-own-target-headers.hmap -Xcc -I/tmp/advoid-readiness-derived/Build/Intermediates.noindex/ArchiveIntermediates/AdVoid/IntermediateBuildFilesPath/AdVoid.build/Release-iphoneos/SafariExtension.build/SafariExtension-all-non-framework-target-headers.hmap -Xcc -ivfsoverlay -Xcc /tmp/advoid-readiness-derived/Build/Intermediates.noindex/ArchiveIntermediates/AdVoid/IntermediateBuildFilesPath/AdVoid.build/Release-iphoneos/AdVoid-d0bc08e69f385f762641293c1710bfc2-VFS-iphoneos/all-product-headers.yaml -Xcc -iquote -Xcc /tmp/advoid-readiness-derived/Build/Intermediates.noindex/ArchiveIntermediates/AdVoid/IntermediateBuildFilesPath/AdVoid.build/Release-iphoneos/SafariExtension.build/SafariExtension-project-headers.hmap -Xcc -I/tmp/advoid-readiness-derived/Build/Intermediates.noindex/ArchiveIntermediates/AdVoid/BuildProductsPath/Release-iphoneos/include -Xcc -I/tmp/advoid-readiness-derived/Build/Intermediates.noindex/ArchiveIntermediates/AdVoid/IntermediateBuildFilesPath/AdVoid.build/Release-iphoneos/SafariExtension.build/DerivedSources-normal/arm64 -Xcc -I/tmp/advoid-readiness-derived/Build/Intermediates.noindex/ArchiveIntermediates/AdVoid/IntermediateBuildFilesPath/AdVoid.build/Release-iphoneos/SafariExtension.build/DerivedSources/arm64 -Xcc -I/tmp/advoid-readiness-derived/Build/Intermediates.noindex/ArchiveIntermediates/AdVoid/IntermediateBuildFilesPath/AdVoid.build/Release-iphoneos/SafariExtension.build/DerivedSources -emit-objc-header -emit-objc-header-path /tmp/advoid-readiness-derived/Build/Intermediates.noindex/ArchiveIntermediates/AdVoid/IntermediateBuildFilesPath/AdVoid.build/Release-iphoneos/SafariExtension.build/Objects-normal/arm64/SafariExtension-Swift.h -working-directory /Users/fig/AdVoid -no-emit-module-separately-wmo

SwiftDriver PacketTunnel normal arm64 com.apple.xcode.tools.swift.compiler (in target 'PacketTunnel' from project 'AdVoid')
    cd /Users/fig/AdVoid
    builtin-SwiftDriver -- /Applications/Xcode.app/Contents/Developer/Toolchains/XcodeDefault.xctoolchain/usr/bin/swiftc -module-name PacketTunnel -O -whole-module-optimization @/tmp/advoid-readiness-derived/Build/Intermediates.noindex/ArchiveIntermediates/AdVoid/IntermediateBuildFilesPath/AdVoid.build/Release-iphoneos/PacketTunnel.build/Objects-normal/arm64/PacketTunnel.SwiftFileList -enable-bare-slash-regex -enable-experimental-feature DebugDescriptionMacro -sdk /Applications/Xcode.app/Contents/Developer/Platforms/iPhoneOS.platform/Developer/SDKs/iPhoneOS27.0.sdk -target arm64-apple-ios26.0 -g -module-cache-path /tmp/advoid-readiness-derived/ModuleCache.noindex -Xfrontend -serialize-debugging-options -application-extension -swift-version 5 -I /tmp/advoid-readiness-derived/Build/Intermediates.noindex/ArchiveIntermediates/AdVoid/BuildProductsPath/Release-iphoneos -F /tmp/advoid-readiness-derived/Build/Intermediates.noindex/ArchiveIntermediates/AdVoid/BuildProductsPath/Release-iphoneos -c -num-threads 10 -Xcc -ivfsstatcache -Xcc /tmp/advoid-readiness-derived/SDKStatCaches.noindex/iphoneos27.0-24A430-6c78b3cbc238196c85e1bf6c792c5915.sdkstatcache -output-file-map /tmp/advoid-readiness-derived/Build/Intermediates.noindex/ArchiveIntermediates/AdVoid/IntermediateBuildFilesPath/AdVoid.build/Release-iphoneos/PacketTunnel.build/Objects-normal/arm64/PacketTunnel-OutputFileMap.json -save-temps -no-color-diagnostics -explicit-module-build -module-cache-path /tmp/advoid-readiness-derived/Build/Intermediates.noindex/ArchiveIntermediates/AdVoid/IntermediateBuildFilesPath/SwiftExplicitPrecompiledModules -clang-scanner-module-cache-path /tmp/advoid-readiness-derived/ModuleCache.noindex -sdk-module-cache-path /tmp/advoid-readiness-derived/SDKExplicitPrecompiledModules -emit-dependencies -emit-module -emit-module-path /tmp/advoid-readiness-derived/Build/Intermediates.noindex/ArchiveIntermediates/AdVoid/IntermediateBuildFilesPath/AdVoid.build/Release-iphoneos/PacketTunnel.build/Objects-normal/arm64/PacketTunnel.swiftmodule -serialize-diagnostics -dependency-scan-serialize-diagnostics-path /tmp/advoid-readiness-derived/Build/Intermediates.noindex/ArchiveIntermediates/AdVoid/IntermediateBuildFilesPath/AdVoid.build/Release-iphoneos/PacketTunnel.build/Objects-normal/arm64/PacketTunnel-dependency-scan.dia -validate-clang-modules-once -clang-build-session-file /tmp/advoid-readiness-derived/ModuleCache.noindex/Session.modulevalidation -Xcc -fmodules-prune-interval\=86400 -Xcc -fmodules-prune-after\=345600 -emit-const-values -const-gather-protocols-list /tmp/advoid-readiness-derived/Build/Intermediates.noindex/ArchiveIntermediates/AdVoid/IntermediateBuildFilesPath/AdVoid.build/Release-iphoneos/PacketTunnel.build/Objects-normal/arm64/PacketTunnel_const_extract_protocols.json -Xcc -iquote -Xcc /tmp/advoid-readiness-derived/Build/Intermediates.noindex/ArchiveIntermediates/AdVoid/IntermediateBuildFilesPath/AdVoid.build/Release-iphoneos/PacketTunnel.build/PacketTunnel-generated-files.hmap -Xcc -I/tmp/advoid-readiness-derived/Build/Intermediates.noindex/ArchiveIntermediates/AdVoid/IntermediateBuildFilesPath/AdVoid.build/Release-iphoneos/PacketTunnel.build/PacketTunnel-own-target-headers.hmap -Xcc -I/tmp/advoid-readiness-derived/Build/Intermediates.noindex/ArchiveIntermediates/AdVoid/IntermediateBuildFilesPath/AdVoid.build/Release-iphoneos/PacketTunnel.build/PacketTunnel-all-non-framework-target-headers.hmap -Xcc -ivfsoverlay -Xcc /tmp/advoid-readiness-derived/Build/Intermediates.noindex/ArchiveIntermediates/AdVoid/IntermediateBuildFilesPath/AdVoid.build/Release-iphoneos/AdVoid-d0bc08e69f385f762641293c1710bfc2-VFS-iphoneos/all-product-headers.yaml -Xcc -iquote -Xcc /tmp/advoid-readiness-derived/Build/Intermediates.noindex/ArchiveIntermediates/AdVoid/IntermediateBuildFilesPath/AdVoid.build/Release-iphoneos/PacketTunnel.build/PacketTunnel-project-headers.hmap -Xcc -I/tmp/advoid-readiness-derived/Build/Intermediates.noindex/ArchiveIntermediates/AdVoid/BuildProductsPath/Release-iphoneos/include -Xcc -I/tmp/advoid-readiness-derived/Build/Intermediates.noindex/ArchiveIntermediates/AdVoid/IntermediateBuildFilesPath/AdVoid.build/Release-iphoneos/PacketTunnel.build/DerivedSources-normal/arm64 -Xcc -I/tmp/advoid-readiness-derived/Build/Intermediates.noindex/ArchiveIntermediates/AdVoid/IntermediateBuildFilesPath/AdVoid.build/Release-iphoneos/PacketTunnel.build/DerivedSources/arm64 -Xcc -I/tmp/advoid-readiness-derived/Build/Intermediates.noindex/ArchiveIntermediates/AdVoid/IntermediateBuildFilesPath/AdVoid.build/Release-iphoneos/PacketTunnel.build/DerivedSources -emit-objc-header -emit-objc-header-path /tmp/advoid-readiness-derived/Build/Intermediates.noindex/ArchiveIntermediates/AdVoid/IntermediateBuildFilesPath/AdVoid.build/Release-iphoneos/PacketTunnel.build/Objects-normal/arm64/PacketTunnel-Swift.h -working-directory /Users/fig/AdVoid -no-emit-module-separately-wmo

SwiftDriver RevenueCat normal arm64 com.apple.xcode.tools.swift.compiler (in target 'RevenueCat' from project 'RevenueCat')
    cd /Users/fig/AdVoid/AdVoid.xcodeproj
    builtin-SwiftDriver -- /Applications/Xcode.app/Contents/Developer/Toolchains/XcodeDefault.xctoolchain/usr/bin/swiftc -parse-as-library -module-name RevenueCat -O -whole-module-optimization @/tmp/advoid-readiness-derived/Build/Intermediates.noindex/ArchiveIntermediates/AdVoid/IntermediateBuildFilesPath/RevenueCat.build/Release-iphoneos/RevenueCat-t.build/Objects-normal/arm64/RevenueCat.SwiftFileList -DSWIFT_PACKAGE -DSWIFT_MODULE_RESOURCE_BUNDLE_AVAILABLE -DXcode -plugin-path /Applications/Xcode.app/Contents/Developer/Toolchains/XcodeDefault.xctoolchain/usr/lib/swift/host/plugins/testing -enable-experimental-feature DebugDescriptionMacro -sdk /Applications/Xcode.app/Contents/Developer/Platforms/iPhoneOS.platform/Developer/SDKs/iPhoneOS27.0.sdk -target arm64-apple-ios15.0 -g -module-cache-path /tmp/advoid-readiness-derived/ModuleCache.noindex -Xfrontend -serialize-debugging-options -suppress-warnings -swift-version 5 -I /tmp/advoid-readiness-derived/Build/Intermediates.noindex/ArchiveIntermediates/AdVoid/BuildProductsPath/Release-iphoneos -Isystem /Applications/Xcode.app/Contents/Developer/Platforms/iPhoneOS.platform/Developer/usr/lib -F /tmp/advoid-readiness-derived/Build/Intermediates.noindex/ArchiveIntermediates/AdVoid/BuildProductsPath/Release-iphoneos -F /Applications/Xcode.app/Contents/Developer/Platforms/iPhoneOS.platform/Developer/Library/Frameworks -F /Applications/Xcode.app/Contents/Developer/Platforms/iPhoneOS.platform/Developer/SDKs/iPhoneOS27.0.sdk/Developer/Library/Frameworks -emit-localized-strings -emit-localized-strings-path /tmp/advoid-readiness-derived/Build/Intermediates.noindex/ArchiveIntermediates/AdVoid/IntermediateBuildFilesPath/RevenueCat.build/Release-iphoneos/RevenueCat-t.build/Objects-normal/arm64 -c -num-threads 10 -Xcc -ivfsstatcache -Xcc /tmp/advoid-readiness-derived/SDKStatCaches.noindex/iphoneos27.0-24A430-6c78b3cbc238196c85e1bf6c792c5915.sdkstatcache -output-file-map /tmp/advoid-readiness-derived/Build/Intermediates.noindex/ArchiveIntermediates/AdVoid/IntermediateBuildFilesPath/RevenueCat.build/Release-iphoneos/RevenueCat-t.build/Objects-normal/arm64/RevenueCat-OutputFileMap.json -save-temps -no-color-diagnostics -explicit-module-build -module-cache-path /tmp/advoid-readiness-derived/Build/Intermediates.noindex/ArchiveIntermediates/AdVoid/IntermediateBuildFilesPath/SwiftExplicitPrecompiledModules -clang-scanner-module-cache-path /tmp/advoid-readiness-derived/ModuleCache.noindex -sdk-module-cache-path /tmp/advoid-readiness-derived/SDKExplicitPrecompiledModules -emit-dependencies -emit-module -emit-module-path /tmp/advoid-readiness-derived/Build/Intermediates.noindex/ArchiveIntermediates/AdVoid/IntermediateBuildFilesPath/RevenueCat.build/Release-iphoneos/RevenueCat-t.build/Objects-normal/arm64/RevenueCat.swiftmodule -serialize-diagnostics -dependency-scan-serialize-diagnostics-path /tmp/advoid-readiness-derived/Build/Intermediates.noindex/ArchiveIntermediates/AdVoid/IntermediateBuildFilesPath/RevenueCat.build/Release-iphoneos/RevenueCat-t.build/Objects-normal/arm64/RevenueCat-dependency-scan.dia -validate-clang-modules-once -clang-build-session-file /tmp/advoid-readiness-derived/ModuleCache.noindex/Session.modulevalidation -Xcc -fmodules-prune-interval\=86400 -Xcc -fmodules-prune-after\=345600 -package-name purchases_ios_spm -emit-const-values -const-gather-protocols-list /tmp/advoid-readiness-derived/Build/Intermediates.noindex/ArchiveIntermediates/AdVoid/IntermediateBuildFilesPath/RevenueCat.build/Release-iphoneos/RevenueCat-t.build/Objects-normal/arm64/RevenueCat_const_extract_protocols.json -Xcc -I/tmp/advoid-readiness-derived/Build/Intermediates.noindex/ArchiveIntermediates/AdVoid/BuildProductsPath/Release-iphoneos/include -Xcc -I/tmp/advoid-readiness-derived/Build/Intermediates.noindex/ArchiveIntermediates/AdVoid/IntermediateBuildFilesPath/RevenueCat.build/Release-iphoneos/RevenueCat-t.build/DerivedSources-normal/arm64 -Xcc -I/tmp/advoid-readiness-derived/Build/Intermediates.noindex/ArchiveIntermediates/AdVoid/IntermediateBuildFilesPath/RevenueCat.build/Release-iphoneos/RevenueCat-t.build/DerivedSources/arm64 -Xcc -I/tmp/advoid-readiness-derived/Build/Intermediates.noindex/ArchiveIntermediates/AdVoid/IntermediateBuildFilesPath/RevenueCat.build/Release-iphoneos/RevenueCat-t.build/DerivedSources -Xcc -DSWIFT_PACKAGE -emit-objc-header -emit-objc-header-path /tmp/advoid-readiness-derived/Build/Intermediates.noindex/ArchiveIntermediates/AdVoid/IntermediateBuildFilesPath/RevenueCat.build/Release-iphoneos/RevenueCat-t.build/Objects-normal/arm64/RevenueCat-Swift.h -working-directory /Users/fig/AdVoid/AdVoid.xcodeproj -no-emit-module-separately-wmo

LinkAssetCatalog /tmp/advoid-readiness-derived/SourcePackages/checkouts/purchases-ios-spm/RevenueCatUI/Resources/Media.xcassets /tmp/advoid-readiness-derived/SourcePackages/checkouts/purchases-ios-spm/RevenueCatUI/Resources/icons.xcassets (in target 'RevenueCat_RevenueCatUI' from project 'RevenueCat')
    cd /tmp/advoid-readiness-derived/SourcePackages/checkouts/purchases-ios-spm
    builtin-linkAssetCatalog --thinned /tmp/advoid-readiness-derived/Build/Intermediates.noindex/ArchiveIntermediates/AdVoid/IntermediateBuildFilesPath/RevenueCat.build/Release-iphoneos/RevenueCat_RevenueCatUI-b.build/assetcatalog_output/thinned --thinned-dependencies /tmp/advoid-readiness-derived/Build/Intermediates.noindex/ArchiveIntermediates/AdVoid/IntermediateBuildFilesPath/RevenueCat.build/Release-iphoneos/RevenueCat_RevenueCatUI-b.build/assetcatalog_dependencies_thinned --thinned-info-plist-content /tmp/advoid-readiness-derived/Build/Intermediates.noindex/ArchiveIntermediates/AdVoid/IntermediateBuildFilesPath/RevenueCat.build/Release-iphoneos/RevenueCat_RevenueCatUI-b.build/assetcatalog_generated_info.plist_thinned --unthinned /tmp/advoid-readiness-derived/Build/Intermediates.noindex/ArchiveIntermediates/AdVoid/IntermediateBuildFilesPath/RevenueCat.build/Release-iphoneos/RevenueCat_RevenueCatUI-b.build/assetcatalog_output/unthinned --unthinned-dependencies /tmp/advoid-readiness-derived/Build/Intermediates.noindex/ArchiveIntermediates/AdVoid/IntermediateBuildFilesPath/RevenueCat.build/Release-iphoneos/RevenueCat_RevenueCatUI-b.build/assetcatalog_dependencies_unthinned --unthinned-info-plist-content /tmp/advoid-readiness-derived/Build/Intermediates.noindex/ArchiveIntermediates/AdVoid/IntermediateBuildFilesPath/RevenueCat.build/Release-iphoneos/RevenueCat_RevenueCatUI-b.build/assetcatalog_generated_info.plist_unthinned --output /tmp/advoid-readiness-derived/Build/Intermediates.noindex/ArchiveIntermediates/AdVoid/IntermediateBuildFilesPath/UninstalledProducts/iphoneos/RevenueCat_RevenueCatUI.bundle --plist-output /tmp/advoid-readiness-derived/Build/Intermediates.noindex/ArchiveIntermediates/AdVoid/IntermediateBuildFilesPath/RevenueCat.build/Release-iphoneos/RevenueCat_RevenueCatUI-b.build/assetcatalog_generated_info.plist
note: Emplaced /tmp/advoid-readiness-derived/Build/Intermediates.noindex/ArchiveIntermediates/AdVoid/IntermediateBuildFilesPath/UninstalledProducts/iphoneos/RevenueCat_RevenueCatUI.bundle/Assets.car (in target 'RevenueCat_RevenueCatUI' from project 'RevenueCat')

ProcessInfoPlistFile /tmp/advoid-readiness-derived/Build/Intermediates.noindex/ArchiveIntermediates/AdVoid/IntermediateBuildFilesPath/UninstalledProducts/iphoneos/RevenueCat_RevenueCatUI.bundle/Info.plist /tmp/advoid-readiness-derived/Build/Intermediates.noindex/ArchiveIntermediates/AdVoid/IntermediateBuildFilesPath/RevenueCat.build/Release-iphoneos/RevenueCat_RevenueCatUI-b.build/empty-RevenueCat_RevenueCatUI.plist (in target 'RevenueCat_RevenueCatUI' from project 'RevenueCat')
    cd /tmp/advoid-readiness-derived/SourcePackages/checkouts/purchases-ios-spm
    builtin-infoPlistUtility /tmp/advoid-readiness-derived/Build/Intermediates.noindex/ArchiveIntermediates/AdVoid/IntermediateBuildFilesPath/RevenueCat.build/Release-iphoneos/RevenueCat_RevenueCatUI-b.build/empty-RevenueCat_RevenueCatUI.plist -producttype com.apple.product-type.bundle -expandbuildsettings -format binary -platform iphoneos -additionalcontentfile /tmp/advoid-readiness-derived/Build/Intermediates.noindex/ArchiveIntermediates/AdVoid/IntermediateBuildFilesPath/RevenueCat.build/Release-iphoneos/RevenueCat_RevenueCatUI-b.build/assetcatalog_generated_info.plist -requiredArchitecture arm64 -o /tmp/advoid-readiness-derived/Build/Intermediates.noindex/ArchiveIntermediates/AdVoid/IntermediateBuildFilesPath/UninstalledProducts/iphoneos/RevenueCat_RevenueCatUI.bundle/Info.plist

SetOwnerAndGroup fig:staff /tmp/advoid-readiness-derived/Build/Intermediates.noindex/ArchiveIntermediates/AdVoid/IntermediateBuildFilesPath/UninstalledProducts/iphoneos/RevenueCat_RevenueCatUI.bundle (in target 'RevenueCat_RevenueCatUI' from project 'RevenueCat')
    cd /tmp/advoid-readiness-derived/SourcePackages/checkouts/purchases-ios-spm
    /usr/sbin/chown -RH fig:staff /tmp/advoid-readiness-derived/Build/Intermediates.noindex/ArchiveIntermediates/AdVoid/IntermediateBuildFilesPath/UninstalledProducts/iphoneos/RevenueCat_RevenueCatUI.bundle

SetMode u+w,go-w,a+rX /tmp/advoid-readiness-derived/Build/Intermediates.noindex/ArchiveIntermediates/AdVoid/IntermediateBuildFilesPath/UninstalledProducts/iphoneos/RevenueCat_RevenueCatUI.bundle (in target 'RevenueCat_RevenueCatUI' from project 'RevenueCat')
    cd /tmp/advoid-readiness-derived/SourcePackages/checkouts/purchases-ios-spm
    /bin/chmod -RH u+w,go-w,a+rX /tmp/advoid-readiness-derived/Build/Intermediates.noindex/ArchiveIntermediates/AdVoid/IntermediateBuildFilesPath/UninstalledProducts/iphoneos/RevenueCat_RevenueCatUI.bundle

RegisterExecutionPolicyException /tmp/advoid-readiness-derived/Build/Intermediates.noindex/ArchiveIntermediates/AdVoid/IntermediateBuildFilesPath/UninstalledProducts/iphoneos/RevenueCat_RevenueCatUI.bundle (in target 'RevenueCat_RevenueCatUI' from project 'RevenueCat')
    cd /tmp/advoid-readiness-derived/SourcePackages/checkouts/purchases-ios-spm
    builtin-RegisterExecutionPolicyException /tmp/advoid-readiness-derived/Build/Intermediates.noindex/ArchiveIntermediates/AdVoid/IntermediateBuildFilesPath/UninstalledProducts/iphoneos/RevenueCat_RevenueCatUI.bundle

Touch /tmp/advoid-readiness-derived/Build/Intermediates.noindex/ArchiveIntermediates/AdVoid/IntermediateBuildFilesPath/UninstalledProducts/iphoneos/RevenueCat_RevenueCatUI.bundle (in target 'RevenueCat_RevenueCatUI' from project 'RevenueCat')
    cd /tmp/advoid-readiness-derived/SourcePackages/checkouts/purchases-ios-spm
    /usr/bin/touch -c /tmp/advoid-readiness-derived/Build/Intermediates.noindex/ArchiveIntermediates/AdVoid/IntermediateBuildFilesPath/UninstalledProducts/iphoneos/RevenueCat_RevenueCatUI.bundle

SwiftDriver\ Compilation PacketTunnel normal arm64 com.apple.xcode.tools.swift.compiler (in target 'PacketTunnel' from project 'AdVoid')
    cd /Users/fig/AdVoid
    builtin-Swift-Compilation -- /Applications/Xcode.app/Contents/Developer/Toolchains/XcodeDefault.xctoolchain/usr/bin/swiftc -module-name PacketTunnel -O -whole-module-optimization @/tmp/advoid-readiness-derived/Build/Intermediates.noindex/ArchiveIntermediates/AdVoid/IntermediateBuildFilesPath/AdVoid.build/Release-iphoneos/PacketTunnel.build/Objects-normal/arm64/PacketTunnel.SwiftFileList -enable-bare-slash-regex -enable-experimental-feature DebugDescriptionMacro -sdk /Applications/Xcode.app/Contents/Developer/Platforms/iPhoneOS.platform/Developer/SDKs/iPhoneOS27.0.sdk -target arm64-apple-ios26.0 -g -module-cache-path /tmp/advoid-readiness-derived/ModuleCache.noindex -Xfrontend -serialize-debugging-options -application-extension -swift-version 5 -I /tmp/advoid-readiness-derived/Build/Intermediates.noindex/ArchiveIntermediates/AdVoid/BuildProductsPath/Release-iphoneos -F /tmp/advoid-readiness-derived/Build/Intermediates.noindex/ArchiveIntermediates/AdVoid/BuildProductsPath/Release-iphoneos -c -num-threads 10 -Xcc -ivfsstatcache -Xcc /tmp/advoid-readiness-derived/SDKStatCaches.noindex/iphoneos27.0-24A430-6c78b3cbc238196c85e1bf6c792c5915.sdkstatcache -output-file-map /tmp/advoid-readiness-derived/Build/Intermediates.noindex/ArchiveIntermediates/AdVoid/IntermediateBuildFilesPath/AdVoid.build/Release-iphoneos/PacketTunnel.build/Objects-normal/arm64/PacketTunnel-OutputFileMap.json -save-temps -no-color-diagnostics -explicit-module-build -module-cache-path /tmp/advoid-readiness-derived/Build/Intermediates.noindex/ArchiveIntermediates/AdVoid/IntermediateBuildFilesPath/SwiftExplicitPrecompiledModules -clang-scanner-module-cache-path /tmp/advoid-readiness-derived/ModuleCache.noindex -sdk-module-cache-path /tmp/advoid-readiness-derived/SDKExplicitPrecompiledModules -emit-dependencies -emit-module -emit-module-path /tmp/advoid-readiness-derived/Build/Intermediates.noindex/ArchiveIntermediates/AdVoid/IntermediateBuildFilesPath/AdVoid.build/Release-iphoneos/PacketTunnel.build/Objects-normal/arm64/PacketTunnel.swiftmodule -serialize-diagnostics -dependency-scan-serialize-diagnostics-path /tmp/advoid-readiness-derived/Build/Intermediates.noindex/ArchiveIntermediates/AdVoid/IntermediateBuildFilesPath/AdVoid.build/Release-iphoneos/PacketTunnel.build/Objects-normal/arm64/PacketTunnel-dependency-scan.dia -validate-clang-modules-once -clang-build-session-file /tmp/advoid-readiness-derived/ModuleCache.noindex/Session.modulevalidation -Xcc -fmodules-prune-interval\=86400 -Xcc -fmodules-prune-after\=345600 -emit-const-values -const-gather-protocols-list /tmp/advoid-readiness-derived/Build/Intermediates.noindex/ArchiveIntermediates/AdVoid/IntermediateBuildFilesPath/AdVoid.build/Release-iphoneos/PacketTunnel.build/Objects-normal/arm64/PacketTunnel_const_extract_protocols.json -Xcc -iquote -Xcc /tmp/advoid-readiness-derived/Build/Intermediates.noindex/ArchiveIntermediates/AdVoid/IntermediateBuildFilesPath/AdVoid.build/Release-iphoneos/PacketTunnel.build/PacketTunnel-generated-files.hmap -Xcc -I/tmp/advoid-readiness-derived/Build/Intermediates.noindex/ArchiveIntermediates/AdVoid/IntermediateBuildFilesPath/AdVoid.build/Release-iphoneos/PacketTunnel.build/PacketTunnel-own-target-headers.hmap -Xcc -I/tmp/advoid-readiness-derived/Build/Intermediates.noindex/ArchiveIntermediates/AdVoid/IntermediateBuildFilesPath/AdVoid.build/Release-iphoneos/PacketTunnel.build/PacketTunnel-all-non-framework-target-headers.hmap -Xcc -ivfsoverlay -Xcc /tmp/advoid-readiness-derived/Build/Intermediates.noindex/ArchiveIntermediates/AdVoid/IntermediateBuildFilesPath/AdVoid.build/Release-iphoneos/AdVoid-d0bc08e69f385f762641293c1710bfc2-VFS-iphoneos/all-product-headers.yaml -Xcc -iquote -Xcc /tmp/advoid-readiness-derived/Build/Intermediates.noindex/ArchiveIntermediates/AdVoid/IntermediateBuildFilesPath/AdVoid.build/Release-iphoneos/PacketTunnel.build/PacketTunnel-project-headers.hmap -Xcc -I/tmp/advoid-readiness-derived/Build/Intermediates.noindex/ArchiveIntermediates/AdVoid/BuildProductsPath/Release-iphoneos/include -Xcc -I/tmp/advoid-readiness-derived/Build/Intermediates.noindex/ArchiveIntermediates/AdVoid/IntermediateBuildFilesPath/AdVoid.build/Release-iphoneos/PacketTunnel.build/DerivedSources-normal/arm64 -Xcc -I/tmp/advoid-readiness-derived/Build/Intermediates.noindex/ArchiveIntermediates/AdVoid/IntermediateBuildFilesPath/AdVoid.build/Release-iphoneos/PacketTunnel.build/DerivedSources/arm64 -Xcc -I/tmp/advoid-readiness-derived/Build/Intermediates.noindex/ArchiveIntermediates/AdVoid/IntermediateBuildFilesPath/AdVoid.build/Release-iphoneos/PacketTunnel.build/DerivedSources -emit-objc-header -emit-objc-header-path /tmp/advoid-readiness-derived/Build/Intermediates.noindex/ArchiveIntermediates/AdVoid/IntermediateBuildFilesPath/AdVoid.build/Release-iphoneos/PacketTunnel.build/Objects-normal/arm64/PacketTunnel-Swift.h -working-directory /Users/fig/AdVoid -no-emit-module-separately-wmo

SwiftExplicitDependencyGeneratePcm arm64 /tmp/advoid-readiness-derived/SDKExplicitPrecompiledModules/SwiftShims-940M6O9P2ZDU8TELVYXH5GX09.pcm

SwiftExplicitDependencyGeneratePcm arm64 /tmp/advoid-readiness-derived/SDKExplicitPrecompiledModules/_AvailabilityInternal-6KD7BH5F1BVL3OAMZ8QRT3X13.pcm

SwiftExplicitDependencyGeneratePcm arm64 /tmp/advoid-readiness-derived/SDKExplicitPrecompiledModules/ptrauth-CZG5Z54BKFY871AJ7W0WPXYUS.pcm

SwiftExplicitDependencyGeneratePcm arm64 /tmp/advoid-readiness-derived/SDKExplicitPrecompiledModules/_Builtin_stdbool-3GTS9H7H2VWBYRCC3VJJCGTG8.pcm

SwiftExplicitDependencyGeneratePcm arm64 /tmp/advoid-readiness-derived/SDKExplicitPrecompiledModules/_Builtin_float-61ZA0ARUMNVUP83W3OZBHXYLR.pcm

SwiftExplicitDependencyGeneratePcm arm64 /tmp/advoid-readiness-derived/SDKExplicitPrecompiledModules/ptrcheck-CH1Z1FPYE6W1XFVNLBD844I1G.pcm

SwiftExplicitDependencyGeneratePcm arm64 /tmp/advoid-readiness-derived/SDKExplicitPrecompiledModules/_SwiftConcurrencyShims-DO48XR7M7J5FFMRRJB7LMAEWG.pcm

SwiftExplicitDependencyGeneratePcm arm64 /tmp/advoid-readiness-derived/SDKExplicitPrecompiledModules/DeveloperToolsSupport-9MI1C29CD07X0LCT82HB7G5MS.pcm

SwiftExplicitDependencyGeneratePcm arm64 /tmp/advoid-readiness-derived/SDKExplicitPrecompiledModules/_Builtin_stdarg-48QSSLLCVTPHVU0DSJM6K7LHO.pcm

SwiftExplicitDependencyGeneratePcm arm64 /tmp/advoid-readiness-derived/SDKExplicitPrecompiledModules/_Builtin_stddef-72XK8S1AANDWHP1DJERID60RT.pcm

SwiftExplicitDependencyGeneratePcm arm64 /tmp/advoid-readiness-derived/SDKExplicitPrecompiledModules/ptrauth-43VIPWZ1NVK09T13X2DZQR51L.pcm

SwiftExplicitDependencyGeneratePcm arm64 /tmp/advoid-readiness-derived/SDKExplicitPrecompiledModules/_Builtin_stdarg-5P22I1UTXBC5HKKQ97HPFR89G.pcm

SwiftExplicitDependencyGeneratePcm arm64 /tmp/advoid-readiness-derived/SDKExplicitPrecompiledModules/_Builtin_stddef-H4GLOJ0TRSFIWGEB55ZVNHPY.pcm

SwiftExplicitDependencyGeneratePcm arm64 /tmp/advoid-readiness-derived/SDKExplicitPrecompiledModules/_AvailabilityInternal-DZI4A9JWN3Y75O3L22W9DH855.pcm

SwiftExplicitDependencyGeneratePcm arm64 /tmp/advoid-readiness-derived/SDKExplicitPrecompiledModules/_Builtin_float-9VULZ8K6GMOJDDEATVC7S2DM7.pcm

SwiftExplicitDependencyGeneratePcm arm64 /tmp/advoid-readiness-derived/SDKExplicitPrecompiledModules/SwiftShims-63PBETNG1XN4J8HJOWD3ERYH5.pcm

SwiftExplicitDependencyGeneratePcm arm64 /tmp/advoid-readiness-derived/SDKExplicitPrecompiledModules/ptrcheck-1GB0EUWUSCMYEK8J7H7SU4VTY.pcm

SwiftExplicitDependencyGeneratePcm arm64 /tmp/advoid-readiness-derived/SDKExplicitPrecompiledModules/_StoreKit_SwiftUI-2OPC9X7FL5KHQACPOHH0KLK7J.pcm

SwiftExplicitDependencyGeneratePcm arm64 /tmp/advoid-readiness-derived/SDKExplicitPrecompiledModules/_Builtin_stdbool-97W1DG2SR16IUGJCL35AM0YW.pcm

SwiftExplicitDependencyGeneratePcm arm64 /tmp/advoid-readiness-derived/SDKExplicitPrecompiledModules/_DarwinFoundation1-436P817YJ9H3JELDUUJZDHTTH.pcm

SwiftExplicitDependencyGeneratePcm arm64 /tmp/advoid-readiness-derived/SDKExplicitPrecompiledModules/DeveloperToolsSupport-BD8SGI5X1DO30I14GH2MSALAN.pcm

SwiftExplicitDependencyGeneratePcm arm64 /tmp/advoid-readiness-derived/SDKExplicitPrecompiledModules/_SwiftConcurrencyShims-6KWI0VB6DK4DZ32HX47BRZ6N.pcm

SwiftDriver\ Compilation SafariExtension normal arm64 com.apple.xcode.tools.swift.compiler (in target 'SafariExtension' from project 'AdVoid')
    cd /Users/fig/AdVoid
    builtin-Swift-Compilation -- /Applications/Xcode.app/Contents/Developer/Toolchains/XcodeDefault.xctoolchain/usr/bin/swiftc -module-name SafariExtension -O -whole-module-optimization @/tmp/advoid-readiness-derived/Build/Intermediates.noindex/ArchiveIntermediates/AdVoid/IntermediateBuildFilesPath/AdVoid.build/Release-iphoneos/SafariExtension.build/Objects-normal/arm64/SafariExtension.SwiftFileList -enable-bare-slash-regex -enable-experimental-feature DebugDescriptionMacro -sdk /Applications/Xcode.app/Contents/Developer/Platforms/iPhoneOS.platform/Developer/SDKs/iPhoneOS27.0.sdk -target arm64-apple-ios26.0 -g -module-cache-path /tmp/advoid-readiness-derived/ModuleCache.noindex -Xfrontend -serialize-debugging-options -application-extension -swift-version 5 -I /tmp/advoid-readiness-derived/Build/Intermediates.noindex/ArchiveIntermediates/AdVoid/BuildProductsPath/Release-iphoneos -F /tmp/advoid-readiness-derived/Build/Intermediates.noindex/ArchiveIntermediates/AdVoid/BuildProductsPath/Release-iphoneos -c -num-threads 10 -Xcc -ivfsstatcache -Xcc /tmp/advoid-readiness-derived/SDKStatCaches.noindex/iphoneos27.0-24A430-6c78b3cbc238196c85e1bf6c792c5915.sdkstatcache -output-file-map /tmp/advoid-readiness-derived/Build/Intermediates.noindex/ArchiveIntermediates/AdVoid/IntermediateBuildFilesPath/AdVoid.build/Release-iphoneos/SafariExtension.build/Objects-normal/arm64/SafariExtension-OutputFileMap.json -save-temps -no-color-diagnostics -explicit-module-build -module-cache-path /tmp/advoid-readiness-derived/Build/Intermediates.noindex/ArchiveIntermediates/AdVoid/IntermediateBuildFilesPath/SwiftExplicitPrecompiledModules -clang-scanner-module-cache-path /tmp/advoid-readiness-derived/ModuleCache.noindex -sdk-module-cache-path /tmp/advoid-readiness-derived/SDKExplicitPrecompiledModules -emit-dependencies -emit-module -emit-module-path /tmp/advoid-readiness-derived/Build/Intermediates.noindex/ArchiveIntermediates/AdVoid/IntermediateBuildFilesPath/AdVoid.build/Release-iphoneos/SafariExtension.build/Objects-normal/arm64/SafariExtension.swiftmodule -serialize-diagnostics -dependency-scan-serialize-diagnostics-path /tmp/advoid-readiness-derived/Build/Intermediates.noindex/ArchiveIntermediates/AdVoid/IntermediateBuildFilesPath/AdVoid.build/Release-iphoneos/SafariExtension.build/Objects-normal/arm64/SafariExtension-dependency-scan.dia -validate-clang-modules-once -clang-build-session-file /tmp/advoid-readiness-derived/ModuleCache.noindex/Session.modulevalidation -Xcc -fmodules-prune-interval\=86400 -Xcc -fmodules-prune-after\=345600 -emit-const-values -const-gather-protocols-list /tmp/advoid-readiness-derived/Build/Intermediates.noindex/ArchiveIntermediates/AdVoid/IntermediateBuildFilesPath/AdVoid.build/Release-iphoneos/SafariExtension.build/Objects-normal/arm64/SafariExtension_const_extract_protocols.json -Xcc -iquote -Xcc /tmp/advoid-readiness-derived/Build/Intermediates.noindex/ArchiveIntermediates/AdVoid/IntermediateBuildFilesPath/AdVoid.build/Release-iphoneos/SafariExtension.build/SafariExtension-generated-files.hmap -Xcc -I/tmp/advoid-readiness-derived/Build/Intermediates.noindex/ArchiveIntermediates/AdVoid/IntermediateBuildFilesPath/AdVoid.build/Release-iphoneos/SafariExtension.build/SafariExtension-own-target-headers.hmap -Xcc -I/tmp/advoid-readiness-derived/Build/Intermediates.noindex/ArchiveIntermediates/AdVoid/IntermediateBuildFilesPath/AdVoid.build/Release-iphoneos/SafariExtension.build/SafariExtension-all-non-framework-target-headers.hmap -Xcc -ivfsoverlay -Xcc /tmp/advoid-readiness-derived/Build/Intermediates.noindex/ArchiveIntermediates/AdVoid/IntermediateBuildFilesPath/AdVoid.build/Release-iphoneos/AdVoid-d0bc08e69f385f762641293c1710bfc2-VFS-iphoneos/all-product-headers.yaml -Xcc -iquote -Xcc /tmp/advoid-readiness-derived/Build/Intermediates.noindex/ArchiveIntermediates/AdVoid/IntermediateBuildFilesPath/AdVoid.build/Release-iphoneos/SafariExtension.build/SafariExtension-project-headers.hmap -Xcc -I/tmp/advoid-readiness-derived/Build/Intermediates.noindex/ArchiveIntermediates/AdVoid/BuildProductsPath/Release-iphoneos/include -Xcc -I/tmp/advoid-readiness-derived/Build/Intermediates.noindex/ArchiveIntermediates/AdVoid/IntermediateBuildFilesPath/AdVoid.build/Release-iphoneos/SafariExtension.build/DerivedSources-normal/arm64 -Xcc -I/tmp/advoid-readiness-derived/Build/Intermediates.noindex/ArchiveIntermediates/AdVoid/IntermediateBuildFilesPath/AdVoid.build/Release-iphoneos/SafariExtension.build/DerivedSources/arm64 -Xcc -I/tmp/advoid-readiness-derived/Build/Intermediates.noindex/ArchiveIntermediates/AdVoid/IntermediateBuildFilesPath/AdVoid.build/Release-iphoneos/SafariExtension.build/DerivedSources -emit-objc-header -emit-objc-header-path /tmp/advoid-readiness-derived/Build/Intermediates.noindex/ArchiveIntermediates/AdVoid/IntermediateBuildFilesPath/AdVoid.build/Release-iphoneos/SafariExtension.build/Objects-normal/arm64/SafariExtension-Swift.h -working-directory /Users/fig/AdVoid -no-emit-module-separately-wmo

SwiftDriver\ Compilation RevenueCat normal arm64 com.apple.xcode.tools.swift.compiler (in target 'RevenueCat' from project 'RevenueCat')
    cd /Users/fig/AdVoid/AdVoid.xcodeproj
    builtin-Swift-Compilation -- /Applications/Xcode.app/Contents/Developer/Toolchains/XcodeDefault.xctoolchain/usr/bin/swiftc -parse-as-library -module-name RevenueCat -O -whole-module-optimization @/tmp/advoid-readiness-derived/Build/Intermediates.noindex/ArchiveIntermediates/AdVoid/IntermediateBuildFilesPath/RevenueCat.build/Release-iphoneos/RevenueCat-t.build/Objects-normal/arm64/RevenueCat.SwiftFileList -DSWIFT_PACKAGE -DSWIFT_MODULE_RESOURCE_BUNDLE_AVAILABLE -DXcode -plugin-path /Applications/Xcode.app/Contents/Developer/Toolchains/XcodeDefault.xctoolchain/usr/lib/swift/host/plugins/testing -enable-experimental-feature DebugDescriptionMacro -sdk /Applications/Xcode.app/Contents/Developer/Platforms/iPhoneOS.platform/Developer/SDKs/iPhoneOS27.0.sdk -target arm64-apple-ios15.0 -g -module-cache-path /tmp/advoid-readiness-derived/ModuleCache.noindex -Xfrontend -serialize-debugging-options -suppress-warnings -swift-version 5 -I /tmp/advoid-readiness-derived/Build/Intermediates.noindex/ArchiveIntermediates/AdVoid/BuildProductsPath/Release-iphoneos -Isystem /Applications/Xcode.app/Contents/Developer/Platforms/iPhoneOS.platform/Developer/usr/lib -F /tmp/advoid-readiness-derived/Build/Intermediates.noindex/ArchiveIntermediates/AdVoid/BuildProductsPath/Release-iphoneos -F /Applications/Xcode.app/Contents/Developer/Platforms/iPhoneOS.platform/Developer/Library/Frameworks -F /Applications/Xcode.app/Contents/Developer/Platforms/iPhoneOS.platform/Developer/SDKs/iPhoneOS27.0.sdk/Developer/Library/Frameworks -emit-localized-strings -emit-localized-strings-path /tmp/advoid-readiness-derived/Build/Intermediates.noindex/ArchiveIntermediates/AdVoid/IntermediateBuildFilesPath/RevenueCat.build/Release-iphoneos/RevenueCat-t.build/Objects-normal/arm64 -c -num-threads 10 -Xcc -ivfsstatcache -Xcc /tmp/advoid-readiness-derived/SDKStatCaches.noindex/iphoneos27.0-24A430-6c78b3cbc238196c85e1bf6c792c5915.sdkstatcache -output-file-map /tmp/advoid-readiness-derived/Build/Intermediates.noindex/ArchiveIntermediates/AdVoid/IntermediateBuildFilesPath/RevenueCat.build/Release-iphoneos/RevenueCat-t.build/Objects-normal/arm64/RevenueCat-OutputFileMap.json -save-temps -no-color-diagnostics -explicit-module-build -module-cache-path /tmp/advoid-readiness-derived/Build/Intermediates.noindex/ArchiveIntermediates/AdVoid/IntermediateBuildFilesPath/SwiftExplicitPrecompiledModules -clang-scanner-module-cache-path /tmp/advoid-readiness-derived/ModuleCache.noindex -sdk-module-cache-path /tmp/advoid-readiness-derived/SDKExplicitPrecompiledModules -emit-dependencies -emit-module -emit-module-path /tmp/advoid-readiness-derived/Build/Intermediates.noindex/ArchiveIntermediates/AdVoid/IntermediateBuildFilesPath/RevenueCat.build/Release-iphoneos/RevenueCat-t.build/Objects-normal/arm64/RevenueCat.swiftmodule -serialize-diagnostics -dependency-scan-serialize-diagnostics-path /tmp/advoid-readiness-derived/Build/Intermediates.noindex/ArchiveIntermediates/AdVoid/IntermediateBuildFilesPath/RevenueCat.build/Release-iphoneos/RevenueCat-t.build/Objects-normal/arm64/RevenueCat-dependency-scan.dia -validate-clang-modules-once -clang-build-session-file /tmp/advoid-readiness-derived/ModuleCache.noindex/Session.modulevalidation -Xcc -fmodules-prune-interval\=86400 -Xcc -fmodules-prune-after\=345600 -package-name purchases_ios_spm -emit-const-values -const-gather-protocols-list /tmp/advoid-readiness-derived/Build/Intermediates.noindex/ArchiveIntermediates/AdVoid/IntermediateBuildFilesPath/RevenueCat.build/Release-iphoneos/RevenueCat-t.build/Objects-normal/arm64/RevenueCat_const_extract_protocols.json -Xcc -I/tmp/advoid-readiness-derived/Build/Intermediates.noindex/ArchiveIntermediates/AdVoid/BuildProductsPath/Release-iphoneos/include -Xcc -I/tmp/advoid-readiness-derived/Build/Intermediates.noindex/ArchiveIntermediates/AdVoid/IntermediateBuildFilesPath/RevenueCat.build/Release-iphoneos/RevenueCat-t.build/DerivedSources-normal/arm64 -Xcc -I/tmp/advoid-readiness-derived/Build/Intermediates.noindex/ArchiveIntermediates/AdVoid/IntermediateBuildFilesPath/RevenueCat.build/Release-iphoneos/RevenueCat-t.build/DerivedSources/arm64 -Xcc -I/tmp/advoid-readiness-derived/Build/Intermediates.noindex/ArchiveIntermediates/AdVoid/IntermediateBuildFilesPath/RevenueCat.build/Release-iphoneos/RevenueCat-t.build/DerivedSources -Xcc -DSWIFT_PACKAGE -emit-objc-header -emit-objc-header-path /tmp/advoid-readiness-derived/Build/Intermediates.noindex/ArchiveIntermediates/AdVoid/IntermediateBuildFilesPath/RevenueCat.build/Release-iphoneos/RevenueCat-t.build/Objects-normal/arm64/RevenueCat-Swift.h -working-directory /Users/fig/AdVoid/AdVoid.xcodeproj -no-emit-module-separately-wmo

SwiftExplicitDependencyGeneratePcm arm64 /tmp/advoid-readiness-derived/SDKExplicitPrecompiledModules/_DarwinFoundation1-BODBKUDR94CKOCHW8164HLS67.pcm

SwiftExplicitDependencyGeneratePcm arm64 /tmp/advoid-readiness-derived/SDKExplicitPrecompiledModules/_Builtin_limits-DPYIE78X7JB0BYLX7OW2UFDF0.pcm

SwiftExplicitDependencyGeneratePcm arm64 /tmp/advoid-readiness-derived/SDKExplicitPrecompiledModules/ExtensionFoundation-E56NHEYC5244QOTX3C4L5I1B.pcm

SwiftExplicitDependencyGeneratePcm arm64 /tmp/advoid-readiness-derived/SDKExplicitPrecompiledModules/_DarwinFoundation2-R4HGTA2G5VEH06KVW14XWIDJ.pcm

SwiftExplicitDependencyGeneratePcm arm64 /tmp/advoid-readiness-derived/SDKExplicitPrecompiledModules/_Builtin_limits-2HCJ37GKSFXCE0EMJCM8CS5YS.pcm

SwiftExplicitDependencyGeneratePcm arm64 /tmp/advoid-readiness-derived/SDKExplicitPrecompiledModules/ExtensionFoundation-4IA7FL70T2SPQI68FOD3FBQVM.pcm

SwiftExplicitDependencyGeneratePcm arm64 /tmp/advoid-readiness-derived/SDKExplicitPrecompiledModules/_DarwinFoundation2-BXPIM5AVKKGW61N8MHEWGFJTO.pcm

SwiftExplicitDependencyGeneratePcm arm64 /tmp/advoid-readiness-derived/SDKExplicitPrecompiledModules/sys_types-9V4JHUKHBHODPLI0MOOPDBNA5.pcm

SwiftExplicitDependencyGeneratePcm arm64 /tmp/advoid-readiness-derived/SDKExplicitPrecompiledModules/_Builtin_stdint-F8VNUI04933K7LVFNTCEQAG4.pcm

SwiftExplicitDependencyGeneratePcm arm64 /tmp/advoid-readiness-derived/SDKExplicitPrecompiledModules/_Builtin_tgmath-7EU61C18W9CZIQLPEVRVTNE1L.pcm

SwiftExplicitDependencyGeneratePcm arm64 /tmp/advoid-readiness-derived/SDKExplicitPrecompiledModules/string_h-BT4EIF72PO0AIGT860EG7LXPP.pcm

SwiftExplicitDependencyGeneratePcm arm64 /tmp/advoid-readiness-derived/SDKExplicitPrecompiledModules/_Builtin_stdint-CTAMPNX2SCLHQPCZZOBV5N3AB.pcm

SwiftExplicitDependencyGeneratePcm arm64 /tmp/advoid-readiness-derived/SDKExplicitPrecompiledModules/sys_types-2PEARYAL87PUS51NO5RG7OLAR.pcm

SwiftExplicitDependencyGeneratePcm arm64 /tmp/advoid-readiness-derived/SDKExplicitPrecompiledModules/string_h-ALPSEMP52N8EXUVFUCFH1S6AM.pcm

SwiftExplicitDependencyGeneratePcm arm64 /tmp/advoid-readiness-derived/SDKExplicitPrecompiledModules/_Builtin_tgmath-DKS0VRZHPIMX8G8VU7NKCMJ4C.pcm

SwiftExplicitDependencyGeneratePcm arm64 /tmp/advoid-readiness-derived/SDKExplicitPrecompiledModules/_DarwinFoundation3-8VC6GGY3KUUK127C5JSBUVVL7.pcm

SwiftExplicitDependencyGeneratePcm arm64 /tmp/advoid-readiness-derived/SDKExplicitPrecompiledModules/_Builtin_stdatomic-5GTGHLC2KFTNMAMYFQMOB8TFL.pcm

SwiftExplicitDependencyGeneratePcm arm64 /tmp/advoid-readiness-derived/SDKExplicitPrecompiledModules/_Builtin_intrinsics-5GBOUM2KA2FDVT0S01J6RWUHJ.pcm

SwiftExplicitDependencyGeneratePcm arm64 /tmp/advoid-readiness-derived/SDKExplicitPrecompiledModules/_Builtin_intrinsics-DIMA56SUEYMH7CSW6UEZ1QWAY.pcm

SwiftExplicitDependencyGeneratePcm arm64 /tmp/advoid-readiness-derived/SDKExplicitPrecompiledModules/_DarwinFoundation3-2B1EDXWZPI26XOB48D1JUSXIU.pcm

SwiftExplicitDependencyGeneratePcm arm64 /tmp/advoid-readiness-derived/SDKExplicitPrecompiledModules/_Builtin_stdatomic-CTFNFPLO1HX6OLF3OYU4MNBQY.pcm

SwiftExplicitDependencyGeneratePcm arm64 /tmp/advoid-readiness-derived/SDKExplicitPrecompiledModules/_Builtin_inttypes-9LNZMKX9NRWVPSY0VYRIKACPO.pcm

SwiftExplicitDependencyGeneratePcm arm64 /tmp/advoid-readiness-derived/SDKExplicitPrecompiledModules/_Builtin_inttypes-EF3ZULVDAMHW57T3K0YAODR16.pcm

SwiftExplicitDependencyGeneratePcm arm64 /tmp/advoid-readiness-derived/SDKExplicitPrecompiledModules/zlib-6BQ70R074E6DWZK72R6LQYWSV.pcm

SwiftExplicitDependencyGeneratePcm arm64 /tmp/advoid-readiness-derived/SDKExplicitPrecompiledModules/CommonCrypto-73F1Z9V6JG0VTBLYCKCWKKGQK.pcm

SwiftExplicitDependencyGeneratePcm arm64 /tmp/advoid-readiness-derived/SDKExplicitPrecompiledModules/Darwin-COYSLKZXG09RQBTK16MJNO2WM.pcm

SwiftExplicitDependencyGeneratePcm arm64 /tmp/advoid-readiness-derived/SDKExplicitPrecompiledModules/Darwin-E3L4ULV47AQZ6IQNMKHKXOOPR.pcm

SwiftExplicitDependencyGeneratePcm arm64 /tmp/advoid-readiness-derived/SDKExplicitPrecompiledModules/simd-ZPHV65ODIL1ITE4R69ZY390F.pcm

SwiftExplicitDependencyGeneratePcm arm64 /tmp/advoid-readiness-derived/SDKExplicitPrecompiledModules/simd-OUOMB74O6BM8ZXSYIN71WI7K.pcm

SwiftExplicitDependencyGeneratePcm arm64 /tmp/advoid-readiness-derived/SDKExplicitPrecompiledModules/ObjectiveC-8ML2KVCGOWQ3SQ895A1VRNXSI.pcm

SwiftExplicitDependencyGeneratePcm arm64 /tmp/advoid-readiness-derived/SDKExplicitPrecompiledModules/MachO-8V1VPTDKSU6IKMQV9JJ3G8WL3.pcm

SwiftExplicitDependencyGeneratePcm arm64 /tmp/advoid-readiness-derived/SDKExplicitPrecompiledModules/MachO-Z7ZFMXR7L6G921EVL33ZVN7I.pcm

SwiftExplicitDependencyGeneratePcm arm64 /tmp/advoid-readiness-derived/SDKExplicitPrecompiledModules/Compression-72DBZJSZKKN8M74WKJCH0T2QQ.pcm

SwiftExplicitDependencyGeneratePcm arm64 /tmp/advoid-readiness-derived/SDKExplicitPrecompiledModules/ObjectiveC-8WAFS8IA7LYRU0CT2FIS0GION.pcm

SwiftExplicitDependencyGeneratePcm arm64 /tmp/advoid-readiness-derived/SDKExplicitPrecompiledModules/os_object-14V4287ET34KWTTM7RNIAEXJ0.pcm

SwiftExplicitDependencyGeneratePcm arm64 /tmp/advoid-readiness-derived/SDKExplicitPrecompiledModules/os_object-D60D1HSXKSN4J8EMTAV4IKNJ1.pcm

SwiftExplicitDependencyGeneratePcm arm64 /tmp/advoid-readiness-derived/SDKExplicitPrecompiledModules/os_workgroup-CR2FQA3R63IEGSUQYBX94NFJ7.pcm

SwiftExplicitDependencyGeneratePcm arm64 /tmp/advoid-readiness-derived/SDKExplicitPrecompiledModules/Spatial-6PD3KRMSX4KPDNFTAWPFZZJGM.pcm

SwiftExplicitDependencyGeneratePcm arm64 /tmp/advoid-readiness-derived/SDKExplicitPrecompiledModules/os_workgroup-2FVSCUNZ7TCOBPPCXH6CKQ5CB.pcm

SwiftExplicitDependencyGeneratePcm arm64 /tmp/advoid-readiness-derived/SDKExplicitPrecompiledModules/Spatial-C7CZ5470Y5J2QNH0N0QAOF5LN.pcm

SwiftExplicitDependencyGeneratePcm arm64 /tmp/advoid-readiness-derived/SDKExplicitPrecompiledModules/Dispatch-DPT9KUE16ADZV2CYHBDOVCUQR.pcm

SwiftExplicitDependencyGeneratePcm arm64 /tmp/advoid-readiness-derived/SDKExplicitPrecompiledModules/Dispatch-6ZIQGOA75I68BRZ3SF9S7VMR4.pcm

SwiftExplicitDependencyGeneratePcm arm64 /tmp/advoid-readiness-derived/SDKExplicitPrecompiledModules/dnssd-9AHLAUIIYKECCE6TPPDMLXDXF.pcm

SwiftExplicitDependencyGeneratePcm arm64 /tmp/advoid-readiness-derived/SDKExplicitPrecompiledModules/XPC-BSNHK1JTX1FVQX835E9GIVOCV.pcm

SwiftExplicitDependencyGeneratePcm arm64 /tmp/advoid-readiness-derived/SDKExplicitPrecompiledModules/CoreFoundation-1GLXBE60R5U52VJCRZGFV589C.pcm

SwiftExplicitDependencyGeneratePcm arm64 /tmp/advoid-readiness-derived/SDKExplicitPrecompiledModules/dnssd-66JPJTDJ1L74BT1UJIJKZXX88.pcm

SwiftExplicitDependencyGeneratePcm arm64 /tmp/advoid-readiness-derived/SDKExplicitPrecompiledModules/CoreFoundation-CQE8D26IDR37NGRRMZT76WR72.pcm

SwiftExplicitDependencyGeneratePcm arm64 /tmp/advoid-readiness-derived/SDKExplicitPrecompiledModules/XPC-8UWCK0T3C8Y73PF9O0ZMZRNGZ.pcm

SwiftExplicitDependencyGeneratePcm arm64 /tmp/advoid-readiness-derived/SDKExplicitPrecompiledModules/os-36TMCRJGCKK9W5UHQQ6T6VQ3D.pcm

SwiftExplicitDependencyGeneratePcm arm64 /tmp/advoid-readiness-derived/SDKExplicitPrecompiledModules/os-EZOXG8E9GBUF27QMGDYY8URUY.pcm

SwiftExplicitDependencyGeneratePcm arm64 /tmp/advoid-readiness-derived/SDKExplicitPrecompiledModules/Security-6EI65T2CEJTUDBYUNP40TRCI.pcm

SwiftExplicitDependencyGeneratePcm arm64 /tmp/advoid-readiness-derived/SDKExplicitPrecompiledModules/CoreGraphics-9YMXYWNUMO72PS3N1FV070R9M.pcm

SwiftExplicitDependencyGeneratePcm arm64 /tmp/advoid-readiness-derived/SDKExplicitPrecompiledModules/CFNetwork-NY0V6KH32I30QBRT7UQ1R9NH.pcm

SwiftExplicitDependencyGeneratePcm arm64 /tmp/advoid-readiness-derived/SDKExplicitPrecompiledModules/CoreAudioTypes-30EVNJW3R6TE97NLSZ1IKQNFY.pcm

SwiftExplicitDependencyGeneratePcm arm64 /tmp/advoid-readiness-derived/SDKExplicitPrecompiledModules/Security-98P5ZFFL7JC1K6SVDBYDT8X13.pcm

SwiftExplicitDependencyGeneratePcm arm64 /tmp/advoid-readiness-derived/SDKExplicitPrecompiledModules/CFNetwork-6GEATJ94ADNS2BP7MCK8YT7PZ.pcm

SwiftExplicitDependencyGeneratePcm arm64 /tmp/advoid-readiness-derived/SDKExplicitPrecompiledModules/CoreGraphics-1HBYJE5TIHCAFSYQ9CFJ9ICMC.pcm

SwiftExplicitDependencyGeneratePcm arm64 /tmp/advoid-readiness-derived/SDKExplicitPrecompiledModules/Foundation-19TJHBPWTO68UF5KO43RV3KXG.pcm

SwiftExplicitDependencyGeneratePcm arm64 /tmp/advoid-readiness-derived/SDKExplicitPrecompiledModules/ImageIO-8S1ARNX9HO2UTWDCT3O2TF8M8.pcm

SwiftExplicitDependencyGeneratePcm arm64 /tmp/advoid-readiness-derived/SDKExplicitPrecompiledModules/CoreText-4M3J5O5M1UVPFIWUXLCJT8ED7.pcm

SwiftExplicitDependencyGeneratePcm arm64 /tmp/advoid-readiness-derived/SDKExplicitPrecompiledModules/CoreAudio-1BSOPYG7Z7GRHIGEKPFYBTQQ5.pcm

SwiftExplicitDependencyGeneratePcm arm64 /tmp/advoid-readiness-derived/SDKExplicitPrecompiledModules/Foundation-851RBVYFIOHXMTPP7X091AWCN.pcm

SwiftExplicitDependencyGeneratePcm arm64 /tmp/advoid-readiness-derived/SDKExplicitPrecompiledModules/CoreText-470VE7F2DM1PXW2M6QYXDYR04.pcm

SwiftExplicitDependencyGeneratePcm arm64 /tmp/advoid-readiness-derived/SDKExplicitPrecompiledModules/ImageIO-EGB02X7V4YW7CVDGW3T4WK7G1.pcm

SwiftExplicitDependencyGeneratePcm arm64 /tmp/advoid-readiness-derived/SDKExplicitPrecompiledModules/UniformTypeIdentifiers-14P5CI4X6HQEWG3L17BF42OOW.pcm

SwiftExplicitDependencyGeneratePcm arm64 /tmp/advoid-readiness-derived/SDKExplicitPrecompiledModules/DataDetection-A3GQEMJ1T5A8EOLJGZT5DJUCZ.pcm

SwiftExplicitDependencyGeneratePcm arm64 /tmp/advoid-readiness-derived/SDKExplicitPrecompiledModules/OSLog-DHPJ9ZIWZJ3PYE3RJ5C2ZMU31.pcm

SwiftExplicitDependencyGeneratePcm arm64 /tmp/advoid-readiness-derived/SDKExplicitPrecompiledModules/_LocationEssentials-9QRGZKATP025DVTT7B2VP81YA.pcm

SwiftExplicitDependencyGeneratePcm arm64 /tmp/advoid-readiness-derived/SDKExplicitPrecompiledModules/Network-J6FEXLEG9Q67B86AL06MS48T.pcm

SwiftExplicitDependencyGeneratePcm arm64 /tmp/advoid-readiness-derived/SDKExplicitPrecompiledModules/FileProvider-9FFW6QU767P9V8CD311VM999Q.pcm

SwiftExplicitDependencyGeneratePcm arm64 /tmp/advoid-readiness-derived/SDKExplicitPrecompiledModules/CoreTransferable-8IBA1NI5K7I0PF5HQC6OVPW0E.pcm

SwiftExplicitDependencyGeneratePcm arm64 /tmp/advoid-readiness-derived/SDKExplicitPrecompiledModules/IOSurface-TJPNCE5DK45SXO2M903R6WGD.pcm

SwiftExplicitDependencyGeneratePcm arm64 /tmp/advoid-readiness-derived/SDKExplicitPrecompiledModules/Accessibility-2ZI4I0976TTD84T65HZX19N3U.pcm

SwiftExplicitDependencyGeneratePcm arm64 /tmp/advoid-readiness-derived/SDKExplicitPrecompiledModules/UIUtilities-2PMDE2GX52RVPAYZ73J6W7D6B.pcm

SwiftExplicitDependencyGeneratePcm arm64 /tmp/advoid-readiness-derived/SDKExplicitPrecompiledModules/BackgroundAssets-BSRV4138QQODGUYGND199I5Y1.pcm

SwiftExplicitDependencyGeneratePcm arm64 /tmp/advoid-readiness-derived/SDKExplicitPrecompiledModules/UserNotifications-CDV79JUDMBUAJ1I6LG5HUXOG0.pcm

SwiftExplicitDependencyGeneratePcm arm64 /tmp/advoid-readiness-derived/SDKExplicitPrecompiledModules/IOSurface-7T4L1DKHQG1RSJN9SHWR9L9MU.pcm

SwiftExplicitDependencyGeneratePcm arm64 /tmp/advoid-readiness-derived/SDKExplicitPrecompiledModules/CoreTransferable-CN4OK058H9GH5HCW1F0R0494J.pcm

SwiftExplicitDependencyGeneratePcm arm64 /tmp/advoid-readiness-derived/SDKExplicitPrecompiledModules/Metal-C7HDFLORMXYZXCKB8R7HSYKHA.pcm

SwiftExplicitDependencyGeneratePcm arm64 /tmp/advoid-readiness-derived/SDKExplicitPrecompiledModules/_LocationEssentials-F4ILYWU8SJJBOFG0JWMRU1JNT.pcm

SwiftExplicitDependencyGeneratePcm arm64 /tmp/advoid-readiness-derived/SDKExplicitPrecompiledModules/DataDetection-26LG3QE5MU2D8JH3D15Q9PE6L.pcm

SwiftExplicitDependencyGeneratePcm arm64 /tmp/advoid-readiness-derived/SDKExplicitPrecompiledModules/LocalAuthentication-5MRFEIPMEC2UJL2OFST8KO9GM.pcm

SwiftExplicitDependencyGeneratePcm arm64 /tmp/advoid-readiness-derived/SDKExplicitPrecompiledModules/OpenGLES-CI9XRTOLHGRL5J6WYSXVALZKR.pcm

SwiftExplicitDependencyGeneratePcm arm64 /tmp/advoid-readiness-derived/SDKExplicitPrecompiledModules/Accessibility-AC9I1MXHHL5ZFV5VR2CX8SPB1.pcm

SwiftExplicitDependencyGeneratePcm arm64 /tmp/advoid-readiness-derived/SDKExplicitPrecompiledModules/CoreData-63H1EWPB33HFGF9KFET62WRV8.pcm

SwiftExplicitDependencyGeneratePcm arm64 /tmp/advoid-readiness-derived/SDKExplicitPrecompiledModules/AdServices-EI4NDOB2IG3WYK1KY8T2S5BG.pcm

SwiftExplicitDependencyGeneratePcm arm64 /tmp/advoid-readiness-derived/SDKExplicitPrecompiledModules/CoreLocation-FM9PQ4Q6LRJNAABYF2UNYG78.pcm

SwiftExplicitDependencyGeneratePcm arm64 /tmp/advoid-readiness-derived/SDKExplicitPrecompiledModules/UserNotifications-COG434VN96WHKWB8T5S959T89.pcm

SwiftExplicitDependencyGeneratePcm arm64 /tmp/advoid-readiness-derived/SDKExplicitPrecompiledModules/Symbols-803D882H9Q4UDXQB08B5UCPVZ.pcm

SwiftExplicitDependencyGeneratePcm arm64 /tmp/advoid-readiness-derived/SDKExplicitPrecompiledModules/CoreLocation-88B32M4C5EBFAPOC7IWUJHMJU.pcm

SwiftExplicitDependencyGeneratePcm arm64 /tmp/advoid-readiness-derived/SDKExplicitPrecompiledModules/OpenGLES-LS4H65AG87E0WWFG3M6X7RX.pcm

SwiftExplicitDependencyGeneratePcm arm64 /tmp/advoid-readiness-derived/SDKExplicitPrecompiledModules/Metal-26AO2RE444G5TK6IW0D2N0SL8.pcm

SwiftExplicitDependencyGeneratePcm arm64 /tmp/advoid-readiness-derived/SDKExplicitPrecompiledModules/Symbols-4SX8B0DJEBHM0KZAPEF18V6I1.pcm

SwiftExplicitDependencyGeneratePcm arm64 /tmp/advoid-readiness-derived/SDKExplicitPrecompiledModules/LocalAuthentication-B0R2N995SLKHYT4ADBSDDZ9H9.pcm

SwiftExplicitDependencyGeneratePcm arm64 /tmp/advoid-readiness-derived/SDKExplicitPrecompiledModules/FileProvider-9H9E9VC5W7F964YHTR7PZG0QQ.pcm

SwiftExplicitDependencyGeneratePcm arm64 /tmp/advoid-readiness-derived/SDKExplicitPrecompiledModules/UniformTypeIdentifiers-33OOJ5SPM6B47ICI1M6JB15MQ.pcm

SwiftExplicitDependencyGeneratePcm arm64 /tmp/advoid-readiness-derived/SDKExplicitPrecompiledModules/BackgroundAssets-EEQZSTVAGIEHHHF673W8PJ15K.pcm

SwiftExplicitDependencyGeneratePcm arm64 /tmp/advoid-readiness-derived/SDKExplicitPrecompiledModules/CoreMotion-1HYNPD3TMKZAQXDLJIEE405SW.pcm

SwiftExplicitDependencyGeneratePcm arm64 /tmp/advoid-readiness-derived/SDKExplicitPrecompiledModules/CoreMotion-AKHYT7WX7XDWP2I3E8WHTDU39.pcm

SwiftExplicitDependencyGeneratePcm arm64 /tmp/advoid-readiness-derived/SDKExplicitPrecompiledModules/OSLog-EIMK7KREA3M2V2RV75BNPAYB0.pcm

SwiftExplicitDependencyGeneratePcm arm64 /tmp/advoid-readiness-derived/SDKExplicitPrecompiledModules/NetworkExtension-8T7HVU0GHILX6148PRPO8XMGC.pcm

SwiftExplicitDependencyGeneratePcm arm64 /tmp/advoid-readiness-derived/SDKExplicitPrecompiledModules/Network-F5DRP53U5FO9GG0SND4S1X3DE.pcm

SwiftExplicitDependencyGeneratePcm arm64 /tmp/advoid-readiness-derived/SDKExplicitPrecompiledModules/UIUtilities-UEI58MLBDP3WQZLICFJLIS68.pcm

SwiftExplicitDependencyGeneratePcm arm64 /tmp/advoid-readiness-derived/SDKExplicitPrecompiledModules/CoreVideo-22VAST2VLJSYJEKZNL7KD62K.pcm

SwiftExplicitDependencyGeneratePcm arm64 /tmp/advoid-readiness-derived/SDKExplicitPrecompiledModules/CoreVideo-3310OL4F9T0EURHL7LZQXPHG3.pcm

SwiftExplicitDependencyGeneratePcm arm64 /tmp/advoid-readiness-derived/SDKExplicitPrecompiledModules/CoreImage-C24BEYIWWUH7HSLOPSMPAYNIN.pcm

SwiftExplicitDependencyGeneratePcm arm64 /tmp/advoid-readiness-derived/SDKExplicitPrecompiledModules/QuartzCore-64Y2NQNZD3K38MKB1NF4Z2WLP.pcm

SwiftExplicitDependencyGeneratePcm arm64 /tmp/advoid-readiness-derived/SDKExplicitPrecompiledModules/CoreImage-C3IR2TUUG5954TZ6OVUPRLDD1.pcm

SwiftExplicitDependencyGeneratePcm arm64 /tmp/advoid-readiness-derived/SDKExplicitPrecompiledModules/CoreMedia-A2IHKDI0STA1ZYXH9OTWQ4823.pcm

SwiftExplicitDependencyGeneratePcm arm64 /tmp/advoid-readiness-derived/SDKExplicitPrecompiledModules/QuartzCore-DF352MILP4909HWVIVLMK0YB.pcm

SwiftExplicitDependencyGeneratePcm arm64 /tmp/advoid-readiness-derived/SDKExplicitPrecompiledModules/SwiftUICore-V2Q9GUIKR6E7JGSVW31UJ97.pcm

SwiftExplicitDependencyGeneratePcm arm64 /tmp/advoid-readiness-derived/SDKExplicitPrecompiledModules/UIKit-7YAVPHWOH828MKDECZLN8961L.pcm

SwiftExplicitDependencyGeneratePcm arm64 /tmp/advoid-readiness-derived/SDKExplicitPrecompiledModules/SwiftUICore-A8GTBIZ6WA3XJCA2AYBZO0PO5.pcm

SwiftExplicitDependencyGeneratePcm arm64 /tmp/advoid-readiness-derived/SDKExplicitPrecompiledModules/UIKit-BNA9KXWJ9O8BYS9I8RPKOS14.pcm

SwiftExplicitDependencyGeneratePcm arm64 /tmp/advoid-readiness-derived/SDKExplicitPrecompiledModules/SafariServices-2I2FCV7K30E45TDBS8HKWBMQR.pcm

SwiftExplicitDependencyGeneratePcm arm64 /tmp/advoid-readiness-derived/SDKExplicitPrecompiledModules/StoreKit-CM31U7CE1KWWV1GV5S2EB1VJH.pcm

SwiftExplicitDependencyGeneratePcm arm64 /tmp/advoid-readiness-derived/SDKExplicitPrecompiledModules/AuthenticationServices-1L792ESTK258MPQTZT10RL6AW.pcm

SwiftExplicitDependencyGeneratePcm arm64 /tmp/advoid-readiness-derived/SDKExplicitPrecompiledModules/SwiftUI-8UA5FIICNE57M255SEYWEYSBU.pcm

SwiftExplicitDependencyGeneratePcm arm64 /tmp/advoid-readiness-derived/SDKExplicitPrecompiledModules/StoreKit-EWXM25O5GE6CSEUAYMSRCIAZJ.pcm

SwiftCompile normal arm64 Compiling\ AppGroup.swift,\ BlocklistParser.swift,\ DNSForwarder.swift,\ DNSMessage.swift,\ DomainMatcher.swift,\ PacketTunnelProvider.swift,\ Stats.swift,\ StatsRecorder.swift,\ Subscription.swift,\ UDPPacket.swift /Users/fig/AdVoid/Shared/AppGroup.swift /Users/fig/AdVoid/Shared/BlocklistParser.swift /Users/fig/AdVoid/PacketTunnel/DNSForwarder.swift /Users/fig/AdVoid/Shared/DNSMessage.swift /Users/fig/AdVoid/Shared/DomainMatcher.swift /Users/fig/AdVoid/PacketTunnel/PacketTunnelProvider.swift /Users/fig/AdVoid/Shared/Stats.swift /Users/fig/AdVoid/PacketTunnel/StatsRecorder.swift /Users/fig/AdVoid/Shared/Subscription.swift /Users/fig/AdVoid/Shared/UDPPacket.swift /Applications/Xcode.app/Contents/Developer/Toolchains/XcodeDefault.xctoolchain/usr/lib/swift/iphoneos/prebuilt-modules/27.0/_DarwinFoundation1.swiftmodule/arm64e-apple-ios.swiftmodule /Applications/Xcode.app/Contents/Developer/Toolchains/XcodeDefault.xctoolchain/usr/lib/swift/iphoneos/prebuilt-modules/27.0/CoreLocation.swiftmodule/arm64e-apple-ios.swiftmodule /Applications/Xcode.app/Contents/Developer/Toolchains/XcodeDefault.xctoolchain/usr/lib/swift/iphoneos/prebuilt-modules/27.0/OSLog.swiftmodule/arm64e-apple-ios.swiftmodule /Applications/Xcode.app/Contents/Developer/Toolchains/XcodeDefault.xctoolchain/usr/lib/swift/iphoneos/prebuilt-modules/27.0/XPC.swiftmodule/arm64e-apple-ios.swiftmodule /Applications/Xcode.app/Contents/Developer/Toolchains/XcodeDefault.xctoolchain/usr/lib/swift/iphoneos/prebuilt-modules/27.0/Symbols.swiftmodule/arm64e-apple-ios.swiftmodule /Applications/Xcode.app/Contents/Developer/Toolchains/XcodeDefault.xctoolchain/usr/lib/swift/iphoneos/prebuilt-modules/27.0/Metal.swiftmodule/arm64e-apple-ios.swiftmodule /Applications/Xcode.app/Contents/Developer/Toolchains/XcodeDefault.xctoolchain/usr/lib/swift/iphoneos/prebuilt-modules/27.0/Foundation.swiftmodule/arm64e-apple-ios.swiftmodule /Applications/Xcode.app/Contents/Developer/Toolchains/XcodeDefault.xctoolchain/usr/lib/swift/iphoneos/prebuilt-modules/27.0/BackgroundAssets.swiftmodule/arm64e-apple-ios.swiftmodule /Applications/Xcode.app/Contents/Developer/Toolchains/XcodeDefault.xctoolchain/usr/lib/swift/iphoneos/prebuilt-modules/27.0/_StringProcessing.swiftmodule/arm64e-apple-ios.swiftmodule /Applications/Xcode.app/Contents/Developer/Toolchains/XcodeDefault.xctoolchain/usr/lib/swift/iphoneos/prebuilt-modules/27.0/LocalAuthentication.swiftmodule/arm64e-apple-ios.swiftmodule /Applications/Xcode.app/Contents/Developer/Toolchains/XcodeDefault.xctoolchain/usr/lib/swift/iphoneos/prebuilt-modules/27.0/Spatial.swiftmodule/arm64e-apple-ios.swiftmodule /Applications/Xcode.app/Contents/Developer/Toolchains/XcodeDefault.xctoolchain/usr/lib/swift/iphoneos/prebuilt-modules/27.0/QuartzCore.swiftmodule/arm64e-apple-ios.swiftmodule /Applications/Xcode.app/Contents/Developer/Toolchains/XcodeDefault.xctoolchain/usr/lib/swift/iphoneos/prebuilt-modules/27.0/ExtensionFoundation.swiftmodule/arm64e-apple-ios.swiftmodule /Applications/Xcode.app/Contents/Developer/Toolchains/XcodeDefault.xctoolchain/usr/lib/swift/iphoneos/prebuilt-modules/27.0/CoreText.swiftmodule/arm64e-apple-ios.swiftmodule /Applications/Xcode.app/Contents/Developer/Toolchains/XcodeDefault.xctoolchain/usr/lib/swift/iphoneos/prebuilt-modules/27.0/CoreTransferable.swiftmodule/arm64e-apple-ios.swiftmodule /Applications/Xcode.app/Contents/Developer/Toolchains/XcodeDefault.xctoolchain/usr/lib/swift/iphoneos/prebuilt-modules/27.0/FileProvider.swiftmodule/arm64e-apple-ios.swiftmodule /Applications/Xcode.app/Contents/Developer/Toolchains/XcodeDefault.xctoolchain/usr/lib/swift/iphoneos/prebuilt-modules/27.0/Observation.swiftmodule/arm64e-apple-ios.swiftmodule /Applications/Xcode.app/Contents/Developer/Toolchains/XcodeDefault.xctoolchain/usr/lib/swift/iphoneos/prebuilt-modules/27.0/Accessibility.swiftmodule/arm64e-apple-ios.swiftmodule /Applications/Xcode.app/Contents/Developer/Toolchains/XcodeDefault.xctoolchain/usr/lib/swift/iphoneos/prebuilt-modules/27.0/CryptoKit.swiftmodule/arm64e-apple-ios.swiftmodule /Applications/Xcode.app/Contents/Developer/Toolchains/XcodeDefault.xctoolchain/usr/lib/swift/iphoneos/prebuilt-modules/27.0/simd.swiftmodule/arm64e-apple-ios.swiftmodule /Applications/Xcode.app/Contents/Developer/Toolchains/XcodeDefault.xctoolchain/usr/lib/swift/iphoneos/prebuilt-modules/27.0/Distributed.swiftmodule/arm64e-apple-ios.swiftmodule /Applications/Xcode.app/Contents/Developer/Toolchains/XcodeDefault.xctoolchain/usr/lib/swift/iphoneos/prebuilt-modules/27.0/CoreMotion.swiftmodule/arm64e-apple-ios.swiftmodule /Applications/Xcode.app/Contents/Developer/Toolchains/XcodeDefault.xctoolchain/usr/lib/swift/iphoneos/prebuilt-modules/27.0/Network.swiftmodule/arm64e-apple-ios.swiftmodule /Applications/Xcode.app/Contents/Developer/Toolchains/XcodeDefault.xctoolchain/usr/lib/swift/iphoneos/prebuilt-modules/27.0/System.swiftmodule/arm64e-apple-ios.swiftmodule /Applications/Xcode.app/Contents/Developer/Toolchains/XcodeDefault.xctoolchain/usr/lib/swift/iphoneos/prebuilt-modules/27.0/Combine.swiftmodule/arm64e-apple-ios.swiftmodule /Applications/Xcode.app/Contents/Developer/Toolchains/XcodeDefault.xctoolchain/usr/lib/swift/iphoneos/prebuilt-modules/27.0/ImageIO.swiftmodule/arm64e-apple-ios.swiftmodule /Applications/Xcode.app/Contents/Developer/Toolchains/XcodeDefault.xctoolchain/usr/lib/swift/iphoneos/prebuilt-modules/27.0/ObjectiveC.swiftmodule/arm64e-apple-ios.swiftmodule /Applications/Xcode.app/Contents/Developer/Toolchains/XcodeDefault.xctoolchain/usr/lib/swift/iphoneos/prebuilt-modules/27.0/Dispatch.swiftmodule/arm64e-apple-ios.swiftmodule /Applications/Xcode.app/Contents/Developer/Toolchains/XcodeDefault.xctoolchain/usr/lib/swift/iphoneos/prebuilt-modules/27.0/DeveloperToolsSupport.swiftmodule/arm64e-apple-ios.swiftmodule /Applications/Xcode.app/Contents/Developer/Toolchains/XcodeDefault.xctoolchain/usr/lib/swift/iphoneos/prebuilt-modules/27.0/Darwin.swiftmodule/arm64e-apple-ios.swiftmodule /Applications/Xcode.app/Contents/Developer/Toolchains/XcodeDefault.xctoolchain/usr/lib/swift/iphoneos/prebuilt-modules/27.0/CoreFoundation.swiftmodule/arm64e-apple-ios.swiftmodule /Applications/Xcode.app/Contents/Developer/Toolchains/XcodeDefault.xctoolchain/usr/lib/swift/iphoneos/prebuilt-modules/27.0/_DarwinFoundation2.swiftmodule/arm64e-apple-ios.swiftmodule /Applications/Xcode.app/Contents/Developer/Toolchains/XcodeDefault.xctoolchain/usr/lib/swift/iphoneos/prebuilt-modules/27.0/NetworkExtension.swiftmodule/arm64e-apple-ios.swiftmodule /Applications/Xcode.app/Contents/Developer/Toolchains/XcodeDefault.xctoolchain/usr/lib/swift/iphoneos/prebuilt-modules/27.0/LightweightCodeRequirements.swiftmodule/arm64e-apple-ios.swiftmodule /Applications/Xcode.app/Contents/Developer/Toolchains/XcodeDefault.xctoolchain/usr/lib/swift/iphoneos/prebuilt-modules/27.0/CoreImage.swiftmodule/arm64e-apple-ios.swiftmodule /Applications/Xcode.app/Contents/Developer/Toolchains/XcodeDefault.xctoolchain/usr/lib/swift/iphoneos/prebuilt-modules/27.0/_DarwinFoundation3.swiftmodule/arm64e-apple-ios.swiftmodule /Applications/Xcode.app/Contents/Developer/Toolchains/XcodeDefault.xctoolchain/usr/lib/swift/iphoneos/prebuilt-modules/27.0/DataDetection.swiftmodule/arm64e-apple-ios.swiftmodule /Applications/Xcode.app/Contents/Developer/Toolchains/XcodeDefault.xctoolchain/usr/lib/swift/iphoneos/prebuilt-modules/27.0/Swift.swiftmodule/arm64e-apple-ios.swiftmodule /Applications/Xcode.app/Contents/Developer/Toolchains/XcodeDefault.xctoolchain/usr/lib/swift/iphoneos/prebuilt-modules/27.0/StoreKit.swiftmodule/arm64e-apple-ios.swiftmodule /Applications/Xcode.app/Contents/Developer/Toolchains/XcodeDefault.xctoolchain/usr/lib/swift/iphoneos/prebuilt-modules/27.0/CoreGraphics.swiftmodule/arm64e-apple-ios.swiftmodule /Applications/Xcode.app/Contents/Developer/Toolchains/XcodeDefault.xctoolchain/usr/lib/swift/iphoneos/prebuilt-modules/27.0/_Concurrency.swiftmodule/arm64e-apple-ios.swiftmodule /Applications/Xcode.app/Contents/Developer/Toolchains/XcodeDefault.xctoolchain/usr/lib/swift/iphoneos/prebuilt-modules/27.0/SwiftUICore.swiftmodule/arm64e-apple-ios.swiftmodule /Applications/Xcode.app/Contents/Developer/Toolchains/XcodeDefault.xctoolchain/usr/lib/swift/iphoneos/prebuilt-modules/27.0/os.swiftmodule/arm64e-apple-ios.swiftmodule /Applications/Xcode.app/Contents/Developer/Toolchains/XcodeDefault.xctoolchain/usr/lib/swift/iphoneos/prebuilt-modules/27.0/UniformTypeIdentifiers.swiftmodule/arm64e-apple-ios.swiftmodule /Applications/Xcode.app/Contents/Developer/Toolchains/XcodeDefault.xctoolchain/usr/lib/swift/iphoneos/prebuilt-modules/27.0/_Builtin_float.swiftmodule/arm64e-apple-ios.swiftmodule /Applications/Xcode.app/Contents/Developer/Toolchains/XcodeDefault.xctoolchain/usr/lib/swift/iphoneos/prebuilt-modules/27.0/CoreVideo.swiftmodule/arm64e-apple-ios.swiftmodule /Applications/Xcode.app/Contents/Developer/Toolchains/XcodeDefault.xctoolchain/usr/lib/swift/iphoneos/prebuilt-modules/27.0/UIKit.swiftmodule/arm64e-apple-ios.swiftmodule /tmp/advoid-readiness-derived/SDKExplicitPrecompiledModules/_AvailabilityInternal-6KD7BH5F1BVL3OAMZ8QRT3X13.pcm /tmp/advoid-readiness-derived/SDKExplicitPrecompiledModules/_Builtin_intrinsics-5GBOUM2KA2FDVT0S01J6RWUHJ.pcm /tmp/advoid-readiness-derived/SDKExplicitPrecompiledModules/OSLog-DHPJ9ZIWZJ3PYE3RJ5C2ZMU31.pcm /tmp/advoid-readiness-derived/SDKExplicitPrecompiledModules/SwiftUICore-V2Q9GUIKR6E7JGSVW31UJ97.pcm /tmp/advoid-readiness-derived/SDKExplicitPrecompiledModules/BackgroundAssets-EEQZSTVAGIEHHHF673W8PJ15K.pcm /tmp/advoid-readiness-derived/SDKExplicitPrecompiledModules/_Builtin_stdint-F8VNUI04933K7LVFNTCEQAG4.pcm /tmp/advoid-readiness-derived/SDKExplicitPrecompiledModules/CoreGraphics-9YMXYWNUMO72PS3N1FV070R9M.pcm /tmp/advoid-readiness-derived/SDKExplicitPrecompiledModules/Foundation-19TJHBPWTO68UF5KO43RV3KXG.pcm /tmp/advoid-readiness-derived/SDKExplicitPrecompiledModules/CoreFoundation-1GLXBE60R5U52VJCRZGFV589C.pcm /tmp/advoid-readiness-derived/SDKExplicitPrecompiledModules/_Builtin_stdatomic-5GTGHLC2KFTNMAMYFQMOB8TFL.pcm /tmp/advoid-readiness-derived/SDKExplicitPrecompiledModules/_DarwinFoundation3-8VC6GGY3KUUK127C5JSBUVVL7.pcm /tmp/advoid-readiness-derived/SDKExplicitPrecompiledModules/Spatial-C7CZ5470Y5J2QNH0N0QAOF5LN.pcm /tmp/advoid-readiness-derived/SDKExplicitPrecompiledModules/_Builtin_float-61ZA0ARUMNVUP83W3OZBHXYLR.pcm /tmp/advoid-readiness-derived/SDKExplicitPrecompiledModules/QuartzCore-64Y2NQNZD3K38MKB1NF4Z2WLP.pcm /tmp/advoid-readiness-derived/SDKExplicitPrecompiledModules/ExtensionFoundation-E56NHEYC5244QOTX3C4L5I1B.pcm /tmp/advoid-readiness-derived/SDKExplicitPrecompiledModules/LocalAuthentication-B0R2N995SLKHYT4ADBSDDZ9H9.pcm /tmp/advoid-readiness-derived/SDKExplicitPrecompiledModules/UIUtilities-2PMDE2GX52RVPAYZ73J6W7D6B.pcm /tmp/advoid-readiness-derived/SDKExplicitPrecompiledModules/FileProvider-9FFW6QU767P9V8CD311VM999Q.pcm /tmp/advoid-readiness-derived/SDKExplicitPrecompiledModules/_SwiftConcurrencyShims-DO48XR7M7J5FFMRRJB7LMAEWG.pcm /tmp/advoid-readiness-derived/SDKExplicitPrecompiledModules/Network-J6FEXLEG9Q67B86AL06MS48T.pcm /tmp/advoid-readiness-derived/SDKExplicitPrecompiledModules/CoreLocation-FM9PQ4Q6LRJNAABYF2UNYG78.pcm /tmp/advoid-readiness-derived/SDKExplicitPrecompiledModules/_LocationEssentials-9QRGZKATP025DVTT7B2VP81YA.pcm /tmp/advoid-readiness-derived/SDKExplicitPrecompiledModules/UserNotifications-COG434VN96WHKWB8T5S959T89.pcm /tmp/advoid-readiness-derived/SDKExplicitPrecompiledModules/DeveloperToolsSupport-9MI1C29CD07X0LCT82HB7G5MS.pcm /tmp/advoid-readiness-derived/SDKExplicitPrecompiledModules/_Builtin_stdarg-48QSSLLCVTPHVU0DSJM6K7LHO.pcm /tmp/advoid-readiness-derived/SDKExplicitPrecompiledModules/UniformTypeIdentifiers-14P5CI4X6HQEWG3L17BF42OOW.pcm /tmp/advoid-readiness-derived/SDKExplicitPrecompiledModules/MachO-8V1VPTDKSU6IKMQV9JJ3G8WL3.pcm /tmp/advoid-readiness-derived/SDKExplicitPrecompiledModules/os_object-14V4287ET34KWTTM7RNIAEXJ0.pcm /tmp/advoid-readiness-derived/SDKExplicitPrecompiledModules/CoreText-4M3J5O5M1UVPFIWUXLCJT8ED7.pcm /tmp/advoid-readiness-derived/SDKExplicitPrecompiledModules/CoreImage-C24BEYIWWUH7HSLOPSMPAYNIN.pcm /tmp/advoid-readiness-derived/SDKExplicitPrecompiledModules/dnssd-9AHLAUIIYKECCE6TPPDMLXDXF.pcm /tmp/advoid-readiness-derived/SDKExplicitPrecompiledModules/Security-6EI65T2CEJTUDBYUNP40TRCI.pcm /tmp/advoid-readiness-derived/SDKExplicitPrecompiledModules/ObjectiveC-8ML2KVCGOWQ3SQ895A1VRNXSI.pcm /tmp/advoid-readiness-derived/SDKExplicitPrecompiledModules/_Builtin_inttypes-9LNZMKX9NRWVPSY0VYRIKACPO.pcm /tmp/advoid-readiness-derived/SDKExplicitPrecompiledModules/_DarwinFoundation1-436P817YJ9H3JELDUUJZDHTTH.pcm /tmp/advoid-readiness-derived/SDKExplicitPrecompiledModules/Symbols-803D882H9Q4UDXQB08B5UCPVZ.pcm /tmp/advoid-readiness-derived/SDKExplicitPrecompiledModules/ImageIO-8S1ARNX9HO2UTWDCT3O2TF8M8.pcm /tmp/advoid-readiness-derived/SDKExplicitPrecompiledModules/Metal-C7HDFLORMXYZXCKB8R7HSYKHA.pcm /tmp/advoid-readiness-derived/SDKExplicitPrecompiledModules/_Builtin_stddef-72XK8S1AANDWHP1DJERID60RT.pcm /tmp/advoid-readiness-derived/SDKExplicitPrecompiledModules/UIKit-7YAVPHWOH828MKDECZLN8961L.pcm /tmp/advoid-readiness-derived/SDKExplicitPrecompiledModules/_Builtin_tgmath-7EU61C18W9CZIQLPEVRVTNE1L.pcm /tmp/advoid-readiness-derived/SDKExplicitPrecompiledModules/CFNetwork-NY0V6KH32I30QBRT7UQ1R9NH.pcm /tmp/advoid-readiness-derived/SDKExplicitPrecompiledModules/_Builtin_stdbool-3GTS9H7H2VWBYRCC3VJJCGTG8.pcm /tmp/advoid-readiness-derived/SDKExplicitPrecompiledModules/CoreMotion-1HYNPD3TMKZAQXDLJIEE405SW.pcm /tmp/advoid-readiness-derived/SDKExplicitPrecompiledModules/StoreKit-CM31U7CE1KWWV1GV5S2EB1VJH.pcm /tmp/advoid-readiness-derived/SDKExplicitPrecompiledModules/_Builtin_limits-DPYIE78X7JB0BYLX7OW2UFDF0.pcm /tmp/advoid-readiness-derived/SDKExplicitPrecompiledModules/IOSurface-TJPNCE5DK45SXO2M903R6WGD.pcm /tmp/advoid-readiness-derived/SDKExplicitPrecompiledModules/sys_types-9V4JHUKHBHODPLI0MOOPDBNA5.pcm /tmp/advoid-readiness-derived/SDKExplicitPrecompiledModules/_DarwinFoundation2-R4HGTA2G5VEH06KVW14XWIDJ.pcm /tmp/advoid-readiness-derived/SDKExplicitPrecompiledModules/ptrcheck-CH1Z1FPYE6W1XFVNLBD844I1G.pcm /tmp/advoid-readiness-derived/SDKExplicitPrecompiledModules/Darwin-COYSLKZXG09RQBTK16MJNO2WM.pcm /tmp/advoid-readiness-derived/SDKExplicitPrecompiledModules/string_h-BT4EIF72PO0AIGT860EG7LXPP.pcm /tmp/advoid-readiness-derived/SDKExplicitPrecompiledModules/CoreVideo-22VAST2VLJSYJEKZNL7KD62K.pcm /tmp/advoid-readiness-derived/SDKExplicitPrecompiledModules/ptrauth-CZG5Z54BKFY871AJ7W0WPXYUS.pcm /tmp/advoid-readiness-derived/SDKExplicitPrecompiledModules/os_workgroup-CR2FQA3R63IEGSUQYBX94NFJ7.pcm /tmp/advoid-readiness-derived/SDKExplicitPrecompiledModules/Dispatch-DPT9KUE16ADZV2CYHBDOVCUQR.pcm /tmp/advoid-readiness-derived/SDKExplicitPrecompiledModules/Accessibility-2ZI4I0976TTD84T65HZX19N3U.pcm /tmp/advoid-readiness-derived/SDKExplicitPrecompiledModules/DataDetection-A3GQEMJ1T5A8EOLJGZT5DJUCZ.pcm /tmp/advoid-readiness-derived/SDKExplicitPrecompiledModules/XPC-BSNHK1JTX1FVQX835E9GIVOCV.pcm /tmp/advoid-readiness-derived/SDKExplicitPrecompiledModules/NetworkExtension-8T7HVU0GHILX6148PRPO8XMGC.pcm /tmp/advoid-readiness-derived/SDKExplicitPrecompiledModules/CoreTransferable-8IBA1NI5K7I0PF5HQC6OVPW0E.pcm /tmp/advoid-readiness-derived/SDKExplicitPrecompiledModules/SwiftShims-940M6O9P2ZDU8TELVYXH5GX09.pcm /tmp/advoid-readiness-derived/SDKExplicitPrecompiledModules/simd-OUOMB74O6BM8ZXSYIN71WI7K.pcm /tmp/advoid-readiness-derived/SDKExplicitPrecompiledModules/OpenGLES-CI9XRTOLHGRL5J6WYSXVALZKR.pcm /tmp/advoid-readiness-derived/SDKExplicitPrecompiledModules/os-36TMCRJGCKK9W5UHQQ6T6VQ3D.pcm /tmp/advoid-readiness-derived/Build/Intermediates.noindex/ArchiveIntermediates/AdVoid/IntermediateBuildFilesPath/AdVoid.build/Release-iphoneos/PacketTunnel.build/Objects-normal/arm64/PacketTunnel-dependencies-1.json (in target 'PacketTunnel' from project 'AdVoid')

SwiftCompile normal arm64 (in target 'PacketTunnel' from project 'AdVoid')
    cd /Users/fig/AdVoid
    

/Users/fig/AdVoid/PacketTunnel/PacketTunnelProvider.swift:115:31: warning: capture of 'self' with non-Sendable type 'PacketTunnelProvider?' in a '@Sendable' closure [#SendableClosureCaptures]
  5 | /// which is the only route into the tunnel; everything else bypasses it.
  6 | /// Blocked names are answered locally, the rest are relayed upstream.
  7 | final class PacketTunnelProvider: NEPacketTunnelProvider {
    |             `- note: class 'PacketTunnelProvider' does not conform to the 'Sendable' protocol
  8 |     private let log = Logger(subsystem: "com.roxuh.advoid", category: "tunnel")
  9 |     private let queue = DispatchQueue(label: "com.roxuh.advoid.tunnel")
    :
113 |                 let active = await Subscription.isActive()
114 |                 self?.queue.async {
115 |                     guard let self, active != self.isSubscribed else { return }
    |                               `- warning: capture of 'self' with non-Sendable type 'PacketTunnelProvider?' in a '@Sendable' closure [#SendableClosureCaptures]
116 |                     self.isSubscribed = active
117 |                     self.log.info("Subscription \(active ? "active" : "inactive"); filtering \(active ? "on" : "off")")

[#SendableClosureCaptures]: <https://docs.swift.org/compiler/documentation/diagnostics/sendable-closure-captures>
SwiftCompile normal arm64 Compiling\ AppGroup.swift,\ SafariWebExtensionHandler.swift,\ Stats.swift,\ Subscription.swift /Users/fig/AdVoid/Shared/AppGroup.swift /Users/fig/AdVoid/SafariExtension/SafariWebExtensionHandler.swift /Users/fig/AdVoid/Shared/Stats.swift /Users/fig/AdVoid/Shared/Subscription.swift /Applications/Xcode.app/Contents/Developer/Toolchains/XcodeDefault.xctoolchain/usr/lib/swift/iphoneos/prebuilt-modules/27.0/LightweightCodeRequirements.swiftmodule/arm64e-apple-ios.swiftmodule /Applications/Xcode.app/Contents/Developer/Toolchains/XcodeDefault.xctoolchain/usr/lib/swift/iphoneos/prebuilt-modules/27.0/CoreTransferable.swiftmodule/arm64e-apple-ios.swiftmodule /Applications/Xcode.app/Contents/Developer/Toolchains/XcodeDefault.xctoolchain/usr/lib/swift/iphoneos/prebuilt-modules/27.0/Combine.swiftmodule/arm64e-apple-ios.swiftmodule /Applications/Xcode.app/Contents/Developer/Toolchains/XcodeDefault.xctoolchain/usr/lib/swift/iphoneos/prebuilt-modules/27.0/Metal.swiftmodule/arm64e-apple-ios.swiftmodule /Applications/Xcode.app/Contents/Developer/Toolchains/XcodeDefault.xctoolchain/usr/lib/swift/iphoneos/prebuilt-modules/27.0/StoreKit.swiftmodule/arm64e-apple-ios.swiftmodule /Applications/Xcode.app/Contents/Developer/Toolchains/XcodeDefault.xctoolchain/usr/lib/swift/iphoneos/prebuilt-modules/27.0/simd.swiftmodule/arm64e-apple-ios.swiftmodule /Applications/Xcode.app/Contents/Developer/Toolchains/XcodeDefault.xctoolchain/usr/lib/swift/iphoneos/prebuilt-modules/27.0/BackgroundAssets.swiftmodule/arm64e-apple-ios.swiftmodule /Applications/Xcode.app/Contents/Developer/Toolchains/XcodeDefault.xctoolchain/usr/lib/swift/iphoneos/prebuilt-modules/27.0/_DarwinFoundation3.swiftmodule/arm64e-apple-ios.swiftmodule /Applications/Xcode.app/Contents/Developer/Toolchains/XcodeDefault.xctoolchain/usr/lib/swift/iphoneos/prebuilt-modules/27.0/DataDetection.swiftmodule/arm64e-apple-ios.swiftmodule /Applications/Xcode.app/Contents/Developer/Toolchains/XcodeDefault.xctoolchain/usr/lib/swift/iphoneos/prebuilt-modules/27.0/_DarwinFoundation2.swiftmodule/arm64e-apple-ios.swiftmodule /Applications/Xcode.app/Contents/Developer/Toolchains/XcodeDefault.xctoolchain/usr/lib/swift/iphoneos/prebuilt-modules/27.0/Foundation.swiftmodule/arm64e-apple-ios.swiftmodule /Applications/Xcode.app/Contents/Developer/Toolchains/XcodeDefault.xctoolchain/usr/lib/swift/iphoneos/prebuilt-modules/27.0/CoreLocation.swiftmodule/arm64e-apple-ios.swiftmodule /Applications/Xcode.app/Contents/Developer/Toolchains/XcodeDefault.xctoolchain/usr/lib/swift/iphoneos/prebuilt-modules/27.0/os.swiftmodule/arm64e-apple-ios.swiftmodule /Applications/Xcode.app/Contents/Developer/Toolchains/XcodeDefault.xctoolchain/usr/lib/swift/iphoneos/prebuilt-modules/27.0/Distributed.swiftmodule/arm64e-apple-ios.swiftmodule /Applications/Xcode.app/Contents/Developer/Toolchains/XcodeDefault.xctoolchain/usr/lib/swift/iphoneos/prebuilt-modules/27.0/DeveloperToolsSupport.swiftmodule/arm64e-apple-ios.swiftmodule /Applications/Xcode.app/Contents/Developer/Toolchains/XcodeDefault.xctoolchain/usr/lib/swift/iphoneos/prebuilt-modules/27.0/CoreMotion.swiftmodule/arm64e-apple-ios.swiftmodule /Applications/Xcode.app/Contents/Developer/Toolchains/XcodeDefault.xctoolchain/usr/lib/swift/iphoneos/prebuilt-modules/27.0/Dispatch.swiftmodule/arm64e-apple-ios.swiftmodule /Applications/Xcode.app/Contents/Developer/Toolchains/XcodeDefault.xctoolchain/usr/lib/swift/iphoneos/prebuilt-modules/27.0/SafariServices.swiftmodule/arm64e-apple-ios.swiftmodule /Applications/Xcode.app/Contents/Developer/Toolchains/XcodeDefault.xctoolchain/usr/lib/swift/iphoneos/prebuilt-modules/27.0/Observation.swiftmodule/arm64e-apple-ios.swiftmodule /Applications/Xcode.app/Contents/Developer/Toolchains/XcodeDefault.xctoolchain/usr/lib/swift/iphoneos/prebuilt-modules/27.0/System.swiftmodule/arm64e-apple-ios.swiftmodule /Applications/Xcode.app/Contents/Developer/Toolchains/XcodeDefault.xctoolchain/usr/lib/swift/iphoneos/prebuilt-modules/27.0/UIKit.swiftmodule/arm64e-apple-ios.swiftmodule /Applications/Xcode.app/Contents/Developer/Toolchains/XcodeDefault.xctoolchain/usr/lib/swift/iphoneos/prebuilt-modules/27.0/Network.swiftmodule/arm64e-apple-ios.swiftmodule /Applications/Xcode.app/Contents/Developer/Toolchains/XcodeDefault.xctoolchain/usr/lib/swift/iphoneos/prebuilt-modules/27.0/Spatial.swiftmodule/arm64e-apple-ios.swiftmodule /Applications/Xcode.app/Contents/Developer/Toolchains/XcodeDefault.xctoolchain/usr/lib/swift/iphoneos/prebuilt-modules/27.0/UniformTypeIdentifiers.swiftmodule/arm64e-apple-ios.swiftmodule /Applications/Xcode.app/Contents/Developer/Toolchains/XcodeDefault.xctoolchain/usr/lib/swift/iphoneos/prebuilt-modules/27.0/ObjectiveC.swiftmodule/arm64e-apple-ios.swiftmodule /Applications/Xcode.app/Contents/Developer/Toolchains/XcodeDefault.xctoolchain/usr/lib/swift/iphoneos/prebuilt-modules/27.0/FileProvider.swiftmodule/arm64e-apple-ios.swiftmodule /Applications/Xcode.app/Contents/Developer/Toolchains/XcodeDefault.xctoolchain/usr/lib/swift/iphoneos/prebuilt-modules/27.0/ExtensionFoundation.swiftmodule/arm64e-apple-ios.swiftmodule /Applications/Xcode.app/Contents/Developer/Toolchains/XcodeDefault.xctoolchain/usr/lib/swift/iphoneos/prebuilt-modules/27.0/QuartzCore.swiftmodule/arm64e-apple-ios.swiftmodule /Applications/Xcode.app/Contents/Developer/Toolchains/XcodeDefault.xctoolchain/usr/lib/swift/iphoneos/prebuilt-modules/27.0/_StringProcessing.swiftmodule/arm64e-apple-ios.swiftmodule /Applications/Xcode.app/Contents/Developer/Toolchains/XcodeDefault.xctoolchain/usr/lib/swift/iphoneos/prebuilt-modules/27.0/AuthenticationServices.swiftmodule/arm64e-apple-ios.swiftmodule /Applications/Xcode.app/Contents/Developer/Toolchains/XcodeDefault.xctoolchain/usr/lib/swift/iphoneos/prebuilt-modules/27.0/_DarwinFoundation1.swiftmodule/arm64e-apple-ios.swiftmodule /Applications/Xcode.app/Contents/Developer/Toolchains/XcodeDefault.xctoolchain/usr/lib/swift/iphoneos/prebuilt-modules/27.0/CoreVideo.swiftmodule/arm64e-apple-ios.swiftmodule /Applications/Xcode.app/Contents/Developer/Toolchains/XcodeDefault.xctoolchain/usr/lib/swift/iphoneos/prebuilt-modules/27.0/Darwin.swiftmodule/arm64e-apple-ios.swiftmodule /Applications/Xcode.app/Contents/Developer/Toolchains/XcodeDefault.xctoolchain/usr/lib/swift/iphoneos/prebuilt-modules/27.0/LocalAuthentication.swiftmodule/arm64e-apple-ios.swiftmodule /Applications/Xcode.app/Contents/Developer/Toolchains/XcodeDefault.xctoolchain/usr/lib/swift/iphoneos/prebuilt-modules/27.0/_Builtin_float.swiftmodule/arm64e-apple-ios.swiftmodule /Applications/Xcode.app/Contents/Developer/Toolchains/XcodeDefault.xctoolchain/usr/lib/swift/iphoneos/prebuilt-modules/27.0/ImageIO.swiftmodule/arm64e-apple-ios.swiftmodule /Applications/Xcode.app/Contents/Developer/Toolchains/XcodeDefault.xctoolchain/usr/lib/swift/iphoneos/prebuilt-modules/27.0/CryptoKit.swiftmodule/arm64e-apple-ios.swiftmodule /Applications/Xcode.app/Contents/Developer/Toolchains/XcodeDefault.xctoolchain/usr/lib/swift/iphoneos/prebuilt-modules/27.0/CoreImage.swiftmodule/arm64e-apple-ios.swiftmodule /Applications/Xcode.app/Contents/Developer/Toolchains/XcodeDefault.xctoolchain/usr/lib/swift/iphoneos/prebuilt-modules/27.0/OSLog.swiftmodule/arm64e-apple-ios.swiftmodule /Applications/Xcode.app/Contents/Developer/Toolchains/XcodeDefault.xctoolchain/usr/lib/swift/iphoneos/prebuilt-modules/27.0/_Concurrency.swiftmodule/arm64e-apple-ios.swiftmodule /Applications/Xcode.app/Contents/Developer/Toolchains/XcodeDefault.xctoolchain/usr/lib/swift/iphoneos/prebuilt-modules/27.0/CoreFoundation.swiftmodule/arm64e-apple-ios.swiftmodule /Applications/Xcode.app/Contents/Developer/Toolchains/XcodeDefault.xctoolchain/usr/lib/swift/iphoneos/prebuilt-modules/27.0/XPC.swiftmodule/arm64e-apple-ios.swiftmodule /Applications/Xcode.app/Contents/Developer/Toolchains/XcodeDefault.xctoolchain/usr/lib/swift/iphoneos/prebuilt-modules/27.0/SwiftUICore.swiftmodule/arm64e-apple-ios.swiftmodule /Applications/Xcode.app/Contents/Developer/Toolchains/XcodeDefault.xctoolchain/usr/lib/swift/iphoneos/prebuilt-modules/27.0/Synchronization.swiftmodule/arm64e-apple-ios.swiftmodule /Applications/Xcode.app/Contents/Developer/Toolchains/XcodeDefault.xctoolchain/usr/lib/swift/iphoneos/prebuilt-modules/27.0/CoreText.swiftmodule/arm64e-apple-ios.swiftmodule /Applications/Xcode.app/Contents/Developer/Toolchains/XcodeDefault.xctoolchain/usr/lib/swift/iphoneos/prebuilt-modules/27.0/CoreGraphics.swiftmodule/arm64e-apple-ios.swiftmodule /Applications/Xcode.app/Contents/Developer/Toolchains/XcodeDefault.xctoolchain/usr/lib/swift/iphoneos/prebuilt-modules/27.0/Accessibility.swiftmodule/arm64e-apple-ios.swiftmodule /Applications/Xcode.app/Contents/Developer/Toolchains/XcodeDefault.xctoolchain/usr/lib/swift/iphoneos/prebuilt-modules/27.0/Symbols.swiftmodule/arm64e-apple-ios.swiftmodule /Applications/Xcode.app/Contents/Developer/Toolchains/XcodeDefault.xctoolchain/usr/lib/swift/iphoneos/prebuilt-modules/27.0/Swift.swiftmodule/arm64e-apple-ios.swiftmodule /tmp/advoid-readiness-derived/SDKExplicitPrecompiledModules/ptrcheck-CH1Z1FPYE6W1XFVNLBD844I1G.pcm /tmp/advoid-readiness-derived/SDKExplicitPrecompiledModules/SwiftUICore-V2Q9GUIKR6E7JGSVW31UJ97.pcm /tmp/advoid-readiness-derived/SDKExplicitPrecompiledModules/Accessibility-2ZI4I0976TTD84T65HZX19N3U.pcm /tmp/advoid-readiness-derived/SDKExplicitPrecompiledModules/IOSurface-TJPNCE5DK45SXO2M903R6WGD.pcm /tmp/advoid-readiness-derived/SDKExplicitPrecompiledModules/CoreVideo-22VAST2VLJSYJEKZNL7KD62K.pcm /tmp/advoid-readiness-derived/SDKExplicitPrecompiledModules/sys_types-9V4JHUKHBHODPLI0MOOPDBNA5.pcm /tmp/advoid-readiness-derived/SDKExplicitPrecompiledModules/Darwin-COYSLKZXG09RQBTK16MJNO2WM.pcm /tmp/advoid-readiness-derived/SDKExplicitPrecompiledModules/CoreMotion-1HYNPD3TMKZAQXDLJIEE405SW.pcm /tmp/advoid-readiness-derived/SDKExplicitPrecompiledModules/Spatial-C7CZ5470Y5J2QNH0N0QAOF5LN.pcm /tmp/advoid-readiness-derived/SDKExplicitPrecompiledModules/SafariServices-2I2FCV7K30E45TDBS8HKWBMQR.pcm /tmp/advoid-readiness-derived/SDKExplicitPrecompiledModules/FileProvider-9FFW6QU767P9V8CD311VM999Q.pcm /tmp/advoid-readiness-derived/SDKExplicitPrecompiledModules/Symbols-803D882H9Q4UDXQB08B5UCPVZ.pcm /tmp/advoid-readiness-derived/SDKExplicitPrecompiledModules/ImageIO-8S1ARNX9HO2UTWDCT3O2TF8M8.pcm /tmp/advoid-readiness-derived/SDKExplicitPrecompiledModules/Foundation-19TJHBPWTO68UF5KO43RV3KXG.pcm /tmp/advoid-readiness-derived/SDKExplicitPrecompiledModules/_DarwinFoundation3-8VC6GGY3KUUK127C5JSBUVVL7.pcm /tmp/advoid-readiness-derived/SDKExplicitPrecompiledModules/UniformTypeIdentifiers-14P5CI4X6HQEWG3L17BF42OOW.pcm /tmp/advoid-readiness-derived/SDKExplicitPrecompiledModules/UserNotifications-COG434VN96WHKWB8T5S959T89.pcm /tmp/advoid-readiness-derived/SDKExplicitPrecompiledModules/LocalAuthentication-B0R2N995SLKHYT4ADBSDDZ9H9.pcm /tmp/advoid-readiness-derived/SDKExplicitPrecompiledModules/_Builtin_intrinsics-5GBOUM2KA2FDVT0S01J6RWUHJ.pcm /tmp/advoid-readiness-derived/SDKExplicitPrecompiledModules/_Builtin_stdatomic-5GTGHLC2KFTNMAMYFQMOB8TFL.pcm /tmp/advoid-readiness-derived/SDKExplicitPrecompiledModules/ExtensionFoundation-E56NHEYC5244QOTX3C4L5I1B.pcm /tmp/advoid-readiness-derived/SDKExplicitPrecompiledModules/ptrauth-CZG5Z54BKFY871AJ7W0WPXYUS.pcm /tmp/advoid-readiness-derived/SDKExplicitPrecompiledModules/_Builtin_stdbool-3GTS9H7H2VWBYRCC3VJJCGTG8.pcm /tmp/advoid-readiness-derived/SDKExplicitPrecompiledModules/os-36TMCRJGCKK9W5UHQQ6T6VQ3D.pcm /tmp/advoid-readiness-derived/SDKExplicitPrecompiledModules/os_object-14V4287ET34KWTTM7RNIAEXJ0.pcm /tmp/advoid-readiness-derived/SDKExplicitPrecompiledModules/CFNetwork-NY0V6KH32I30QBRT7UQ1R9NH.pcm /tmp/advoid-readiness-derived/SDKExplicitPrecompiledModules/ObjectiveC-8ML2KVCGOWQ3SQ895A1VRNXSI.pcm /tmp/advoid-readiness-derived/SDKExplicitPrecompiledModules/OpenGLES-CI9XRTOLHGRL5J6WYSXVALZKR.pcm /tmp/advoid-readiness-derived/SDKExplicitPrecompiledModules/MachO-8V1VPTDKSU6IKMQV9JJ3G8WL3.pcm /tmp/advoid-readiness-derived/SDKExplicitPrecompiledModules/QuartzCore-64Y2NQNZD3K38MKB1NF4Z2WLP.pcm /tmp/advoid-readiness-derived/SDKExplicitPrecompiledModules/_Builtin_stdint-F8VNUI04933K7LVFNTCEQAG4.pcm /tmp/advoid-readiness-derived/SDKExplicitPrecompiledModules/Metal-C7HDFLORMXYZXCKB8R7HSYKHA.pcm /tmp/advoid-readiness-derived/SDKExplicitPrecompiledModules/UIKit-7YAVPHWOH828MKDECZLN8961L.pcm /tmp/advoid-readiness-derived/SDKExplicitPrecompiledModules/CoreFoundation-1GLXBE60R5U52VJCRZGFV589C.pcm /tmp/advoid-readiness-derived/SDKExplicitPrecompiledModules/DeveloperToolsSupport-9MI1C29CD07X0LCT82HB7G5MS.pcm /tmp/advoid-readiness-derived/SDKExplicitPrecompiledModules/OSLog-DHPJ9ZIWZJ3PYE3RJ5C2ZMU31.pcm /tmp/advoid-readiness-derived/SDKExplicitPrecompiledModules/CoreTransferable-8IBA1NI5K7I0PF5HQC6OVPW0E.pcm /tmp/advoid-readiness-derived/SDKExplicitPrecompiledModules/_Builtin_stddef-72XK8S1AANDWHP1DJERID60RT.pcm /tmp/advoid-readiness-derived/SDKExplicitPrecompiledModules/_DarwinFoundation2-R4HGTA2G5VEH06KVW14XWIDJ.pcm /tmp/advoid-readiness-derived/SDKExplicitPrecompiledModules/Network-J6FEXLEG9Q67B86AL06MS48T.pcm /tmp/advoid-readiness-derived/SDKExplicitPrecompiledModules/_LocationEssentials-9QRGZKATP025DVTT7B2VP81YA.pcm /tmp/advoid-readiness-derived/SDKExplicitPrecompiledModules/_AvailabilityInternal-6KD7BH5F1BVL3OAMZ8QRT3X13.pcm /tmp/advoid-readiness-derived/SDKExplicitPrecompiledModules/_SwiftConcurrencyShims-DO48XR7M7J5FFMRRJB7LMAEWG.pcm /tmp/advoid-readiness-derived/SDKExplicitPrecompiledModules/_Builtin_stdarg-48QSSLLCVTPHVU0DSJM6K7LHO.pcm /tmp/advoid-readiness-derived/SDKExplicitPrecompiledModules/_Builtin_inttypes-9LNZMKX9NRWVPSY0VYRIKACPO.pcm /tmp/advoid-readiness-derived/SDKExplicitPrecompiledModules/AuthenticationServices-1L792ESTK258MPQTZT10RL6AW.pcm /tmp/advoid-readiness-derived/SDKExplicitPrecompiledModules/_Builtin_tgmath-7EU61C18W9CZIQLPEVRVTNE1L.pcm /tmp/advoid-readiness-derived/SDKExplicitPrecompiledModules/UIUtilities-2PMDE2GX52RVPAYZ73J6W7D6B.pcm /tmp/advoid-readiness-derived/SDKExplicitPrecompiledModules/string_h-BT4EIF72PO0AIGT860EG7LXPP.pcm /tmp/advoid-readiness-derived/SDKExplicitPrecompiledModules/_DarwinFoundation1-436P817YJ9H3JELDUUJZDHTTH.pcm /tmp/advoid-readiness-derived/SDKExplicitPrecompiledModules/CoreImage-C24BEYIWWUH7HSLOPSMPAYNIN.pcm /tmp/advoid-readiness-derived/SDKExplicitPrecompiledModules/CoreText-4M3J5O5M1UVPFIWUXLCJT8ED7.pcm /tmp/advoid-readiness-derived/SDKExplicitPrecompiledModules/DataDetection-A3GQEMJ1T5A8EOLJGZT5DJUCZ.pcm /tmp/advoid-readiness-derived/SDKExplicitPrecompiledModules/_Builtin_limits-DPYIE78X7JB0BYLX7OW2UFDF0.pcm /tmp/advoid-readiness-derived/SDKExplicitPrecompiledModules/BackgroundAssets-EEQZSTVAGIEHHHF673W8PJ15K.pcm /tmp/advoid-readiness-derived/SDKExplicitPrecompiledModules/SwiftShims-940M6O9P2ZDU8TELVYXH5GX09.pcm /tmp/advoid-readiness-derived/SDKExplicitPrecompiledModules/Security-6EI65T2CEJTUDBYUNP40TRCI.pcm /tmp/advoid-readiness-derived/SDKExplicitPrecompiledModules/CoreLocation-FM9PQ4Q6LRJNAABYF2UNYG78.pcm /tmp/advoid-readiness-derived/SDKExplicitPrecompiledModules/dnssd-9AHLAUIIYKECCE6TPPDMLXDXF.pcm /tmp/advoid-readiness-derived/SDKExplicitPrecompiledModules/XPC-BSNHK1JTX1FVQX835E9GIVOCV.pcm /tmp/advoid-readiness-derived/SDKExplicitPrecompiledModules/CoreGraphics-9YMXYWNUMO72PS3N1FV070R9M.pcm /tmp/advoid-readiness-derived/SDKExplicitPrecompiledModules/os_workgroup-CR2FQA3R63IEGSUQYBX94NFJ7.pcm /tmp/advoid-readiness-derived/SDKExplicitPrecompiledModules/_Builtin_float-61ZA0ARUMNVUP83W3OZBHXYLR.pcm /tmp/advoid-readiness-derived/SDKExplicitPrecompiledModules/simd-OUOMB74O6BM8ZXSYIN71WI7K.pcm /tmp/advoid-readiness-derived/SDKExplicitPrecompiledModules/StoreKit-CM31U7CE1KWWV1GV5S2EB1VJH.pcm /tmp/advoid-readiness-derived/SDKExplicitPrecompiledModules/Dispatch-DPT9KUE16ADZV2CYHBDOVCUQR.pcm /tmp/advoid-readiness-derived/Build/Intermediates.noindex/ArchiveIntermediates/AdVoid/IntermediateBuildFilesPath/AdVoid.build/Release-iphoneos/SafariExtension.build/Objects-normal/arm64/SafariExtension-dependencies-1.json (in target 'SafariExtension' from project 'AdVoid')

SwiftCompile normal arm64 (in target 'SafariExtension' from project 'AdVoid')
    cd /Users/fig/AdVoid
    

SwiftCompile normal arm64 Compiling\ resource_bundle_accessor.swift,\ AdTracker.swift,\ AdsAPI.swift,\ AdEvent.swift,\ AdEventStore.swift,\ AdRewardEvents.swift,\ AdEventsRequest.swift,\ AdHTTPRequestPath.swift,\ PostAdEventsOperation.swift,\ StoredAdEvent.swift,\ StoredAdEventSerializer.swift,\ AdReward.swift,\ EntitlementReward.swift,\ GetRewardVerificationStatusOperation.swift,\ RewardVerificationStatusCallback.swift,\ RewardVerificationStatusResponse.swift,\ Outcome.swift,\ Poller.swift,\ RewardVerification.swift,\ RewardVerificationPollStatus.swift,\ RewardVerificationResult.swift,\ RewardVerificationToken.swift,\ RewardedAdTrackingMetadata.swift,\ VirtualCurrencyReward.swift,\ ASIdManagerProxy.swift,\ AttributionData.swift,\ AttributionFetcher.swift,\ AttributionNetwork.swift,\ AttributionPoster.swift,\ AttributionTypeFactory.swift,\ TrackingManagerProxy.swift,\ Authentication.swift,\ CacheStatus.swift,\ Checksum.swift,\ DeviceCache.swift,\ DirectoryHelper.swift,\ FileRepository.swift,\ InMemoryCachedObject.swift,\ KeyedDeferredValueStore.swift,\ LargeItemCacheType.swift,\ URLWithValidation.swift,\ CheckpointEvent.swift,\ CheckpointWorkflowResolver.swift,\ Checkpoints.swift,\ ResolvedCheckpointWorkflow.swift,\ PeriodType+Extensions.swift,\ PurchaseOwnershipType+Extensions.swift,\ Store+Extensions.swift,\ CustomerCenterConfigData.swift,\ CustomerCenterPresentationMode.swift,\ CustomerCenterEvent.swift,\ EventsRequest+CustomerCenter.swift,\ DeepLinkParser.swift,\ DiagnosticsEvent.swift,\ DiagnosticsFileHandler.swift,\ DiagnosticsTracker.swift,\ FileHandler.swift,\ DiagnosticsEventsRequest.swift,\ DiagnosticsHTTPRequestPath.swift,\ DiagnosticsPostOperation.swift,\ DiagnosticsSynchronizer.swift,\ EmptyFile.swift,\ Assertions.swift,\ BackendError.swift,\ BackendErrorCode.swift,\ DescribableError.swift,\ ErrorCode+Conformances.swift,\ ErrorDetails.swift,\ ErrorUtils.swift,\ PurchasesError.swift,\ SKError+Extensions.swift,\ StoreKitError+Extensions.swift,\ StoreKitErrorHelper.swift,\ EventsManager.swift,\ FeatureEvent.swift,\ FeatureEventStore.swift,\ FeatureEventHTTPRequestPath.swift,\ FeatureEventsRequest+CheckpointEvent.swift,\ FeatureEventsRequest+WorkflowEvent.swift,\ FeatureEventsRequest.swift,\ PostFeatureEventsOperation.swift,\ StoredFeatureEvent.swift,\ StoredFeatureEventSerializer.swift,\ EventsHTTPRequestPath.swift,\ Array+Extensions.swift,\ AsyncExtensions.swift,\ Data+Extensions.swift,\ Date+Extensions.swift,\ Decoder+Extensions.swift,\ Dictionary+Extensions.swift,\ DispatchTimeInterval+Extensions.swift,\ Error+Extensions.swift,\ Integer+Extensions.swift,\ Locale+Extensions.swift,\ NSNumber+JSON.swift,\ OperationQueue+Extensions.swift,\ Operators+Extensions.swift,\ Optional+Extensions.swift,\ Result+Extensions.swift,\ Set+Extensions.swift,\ String+Extensions.swift,\ TimeInterval+Extensions.swift,\ UIApplication+RCExtensions.swift,\ UserDefaults+Extensions.swift,\ ErrorCode.swift,\ CustomerInfo+ActiveDates.swift,\ CustomerInfo+NonSubscriptions.swift,\ CustomerInfo.swift,\ CustomerInfoManager.swift,\ Identity.swift,\ IdentityManager.swift,\ ProductPaidPrice.swift,\ SubscriptionInfo.swift,\ ASN1Container.swift,\ ASN1ObjectIdentifier.swift,\ AppleReceipt.swift,\ InAppPurchase.swift,\ ASN1ContainerBuilder.swift,\ ASN1ObjectIdentifierBuilder.swift,\ AppleReceiptBuilder.swift,\ InAppPurchaseBuilder.swift,\ ArraySlice_UInt8+Extensions.swift,\ Codable+Extensions.swift,\ DateFormatter+Extensions.swift,\ UInt8+Extensions.swift,\ FileReader.swift,\ LoggerType.swift,\ ProcessInfo+Extensions.swift,\ ReceiptParserLogger.swift,\ ReceiptStrings.swift,\ LocalReceiptFetcher.swift,\ PurchasesReceiptParser.swift,\ ReceiptParsingError.swift,\ AnyDecodable+DimensionValue.swift,\ CustomerInfoDimensionProvider.swift,\ DeviceDimensionProvider.swift,\ Dictionary+DimensionValue.swift,\ DimensionProvider.swift,\ DimensionResolver.swift,\ LocalRulesEvaluator.swift,\ RulesEngineLoggerBridge.swift,\ StoreDimensionProvider.swift,\ SubscriberAttributesDimensionProvider.swift,\ SubscriberDimensionsProvider.swift,\ LogIntent.swift,\ Logger.swift,\ AdsStrings.swift,\ AnalyticsStrings.swift,\ AttributionStrings.swift,\ AuthenticationStrings.swift,\ BackendErrorStrings.swift,\ CacheStrings.swift,\ CheckpointsStrings.swift,\ CodableStrings.swift,\ ConfigureStrings.swift,\ CustomerInfoStrings.swift,\ DiagnosticsStrings.swift,\ ETagStrings.swift,\ EligibilityStrings.swift,\ EventsManagerStrings.swift,\ ExternalPurchaseStrings.swift,\ FileRepositoryStrings.swift,\ HostedCheckoutStrings.swift,\ IdentityStrings.swift,\ LocalRulesStrings.swift,\ ManageSubscriptionsStrings.swift,\ NetworkStrings.swift,\ OfferingStrings.swift,\ OfflineEntitlementsStrings.swift,\ PaywallsStrings.swift,\ PurchaseStrings.swift,\ RemoteConfigStrings.swift,\ SigningStrings.swift,\ StoreKitStrings.swift,\ Strings.swift,\ TransactionMetadataStrings.swift,\ VirtualCurrencyStrings.swift,\ WebRedemptionStrings.swift,\ Box.swift,\ AnyCodingKey.swift,\ AnyDecodable.swift,\ AnyEncodable.swift,\ DefaultDecodable.swift,\ EnsureNonEmptyCollectionDecodable.swift,\ IgnoreHashable.swift,\ NonEmptyStringDecodable.swift,\ RawDataContainer.swift,\ Atomic.swift,\ DeferredTask.swift,\ Lock.swift,\ OperationDispatcher.swift,\ Purchases+async.swift,\ Purchases+nonasync.swift,\ SynchronizedLargeItemCache.swift,\ SynchronizedUserDefaults.swift,\ CustomVariableKeyValidator.swift,\ DangerousSettings.swift,\ Clock.swift,\ DateExtensions.swift,\ DateProvider.swift,\ ISODurationFormatter.swift,\ ISOPeriodFormatter.swift,\ TimingUtil.swift,\ Deprecations.swift,\ Either.swift,\ JWT.swift,\ PreferredLocalesProvider.swift,\ MacDevice.swift,\ MapAppStoreDetector.swift,\ Obsoletions.swift,\ PlatformInfo.swift,\ PriceFormatterProvider.swift,\ RateLimiter.swift,\ SandboxEnvironmentDetector.swift,\ StoreKitVersion.swift,\ SystemInfo.swift,\ APISourceFailover.swift,\ Audience.swift,\ AudiencesConfigProvider.swift,\ Backend.swift,\ BackendConfiguration.swift,\ CacheFetchPolicy.swift,\ CallbackCache.swift,\ CallbackCacheStatus.swift,\ CustomerCenterConfigCallback.swift,\ CustomerInfoCallback.swift,\ ExternalPurchaseTokenCallback.swift,\ HostedCheckoutCallback.swift,\ IAMCallbacks.swift,\ IsPurchaseAllowedByRestoreBehaviorCallback.swift,\ LogInCallback.swift,\ OfferingsCallback.swift,\ ProductEntitlementMappingCallback.swift,\ RemoteConfigCallback.swift,\ VirtualCurrenciesCallback.swift,\ WebBillingProductsCallback.swift,\ WebOfferingProductsCallback.swift,\ CheckpointRules.swift,\ CheckpointsConfigProvider.swift,\ ConnectionErrorReason.swift,\ CustomerAPI.swift,\ CustomerCenterConfigAPI.swift,\ ExternalPurchaseTokenAPI.swift,\ GenerationGuardedCache.swift,\ DNSChecker.swift,\ ETagManager.swift,\ ErrorResponse.swift,\ HTTPClient.swift,\ HTTPRequest.swift,\ HTTPRequestBody.swift,\ HTTPRequestPath.swift,\ HTTPRequestTimeoutManager.swift,\ HTTPResponse.swift,\ HTTPResponseBody.swift,\ HTTPStatusCode.swift,\ NetworkError.swift,\ NetworkTimeout.swift,\ RedirectLoggerTaskDelegate.swift,\ SimpleNetworkServiceType.swift,\ TokenManager.swift,\ URLMessage+Description.swift,\ IdentityAPI.swift,\ InternalAPI.swift,\ OfferingsAPI.swift,\ OfflineEntitlementsAPI.swift,\ GetCustomerCenterConfigOperation.swift,\ GetCustomerInfoOperation.swift,\ GetIntroEligibilityOperation.swift,\ GetOfferingsOperation.swift,\ GetProductEntitlementMappingOperation.swift,\ GetRemoteConfigFallbackOperation.swift,\ GetRemoteConfigOperation.swift,\ GetVirtualCurrenciesOperation.swift,\ GetWebBillingProductsOperation.swift,\ GetWebOfferingProductsOperation.swift,\ CustomerInfoResponseHandler.swift,\ HealthOperation.swift,\ HealthReportAvailabilityOperation.swift,\ HealthReportOperation.swift,\ LogInOperation.swift,\ NetworkOperation.swift,\ PostAdServicesTokenOperation.swift,\ PostAttributionDataOperation.swift,\ PostExternalPurchaseTokenOperation.swift,\ PostHostedCheckoutOperation.swift,\ PostIsPurchaseAllowedByRestoreBehaviorOperation.swift,\ PostOfferForSigningOperation.swift,\ PostReceiptDataOperation.swift,\ PostRedeemWebPurchaseOperation.swift,\ PostSubscriberAttributesOperation.swift,\ SpendVirtualCurrenciesOperation.swift,\ TokenOperations.swift,\ RCContainer+Compression.swift,\ RCContainer+Element.swift,\ RCContainer+Parser.swift,\ RCContainer.swift,\ RedeemWebPurchaseAPI.swift,\ RemoteConfigAPI.swift,\ RemoteConfigBlobDownloader.swift,\ RemoteConfigBlobFetcher.swift,\ RemoteConfigBlobRefHelpers.swift,\ RemoteConfigBlobStore.swift,\ RemoteConfigDiskCache.swift,\ RemoteConfigFetchContext.swift,\ RemoteConfigManager.swift,\ RemoteConfigSignatureContextProvider.swift,\ RemoteConfigSourceProvider.swift,\ RemoteConfigTopic.swift,\ CustomerCenterConfigResponse.swift,\ CustomerInfoResponse.swift,\ ExternalPurchaseTokenResponse.swift,\ GetIntroEligibilityResponse.swift,\ HealthReportAvailabilityResponse.swift,\ HealthReportResponse.swift,\ HostedCheckoutResponse.swift,\ IAMResponses.swift,\ IsPurchaseAllowedByRestoreBehaviorResponse.swift,\ OfferingsResponse.swift,\ PostOfferResponse.swift,\ ProductEntitlementMappingResponse.swift,\ RemoteConfiguration.swift,\ PaywallComponentsData.swift,\ UIConfig.swift,\ VirtualCurrenciesResponse.swift,\ WebBillingProductsResponse.swift,\ WebOfferingProductsResponse.swift,\ WorkflowBranch.swift,\ WorkflowTriggerAction.swift,\ WorkflowsResponse.swift,\ SourceHealthChecker.swift,\ TokenAPI.swift,\ UiConfigProvider.swift,\ VirtualCurrenciesAPI.swift,\ WebBillingAPI.swift,\ WebBillingHTTPRequestPath.swift,\ WeightedSourceSelector.swift,\ WorkflowsConfigProvider.swift,\ CustomerInfo+OfflineEntitlements.swift,\ OfflineCustomerInfoCreator.swift,\ OfflineEntitlementsManager.swift,\ ProductEntitlementMapping.swift,\ ProductEntitlementMappingFetcher.swift,\ PurchasedProductsFetcher.swift,\ PurchasedSK2Product.swift,\ Background.swift,\ Border.swift,\ ComponentOverrides.swift,\ Dimension.swift,\ PaywallComponentBase.swift,\ PaywallComponentLocalization.swift,\ PaywallComponentPropertyTypes.swift,\ StateDeclaration.swift,\ StateUpdate.swift,\ PaywallButtonComponent.swift,\ PaywallCarouselComponent.swift,\ PaywallCountdownComponent.swift,\ PaywallHeaderComponent.swift,\ PaywallIconComponent.swift,\ PaywallImageComponent.swift,\ PaywallPackageComponent.swift,\ PaywallPurchaseButtonComponent.swift,\ PaywallStackComponent.swift,\ PaywallStickyFooterComponent.swift,\ PaywallTabsComponent.swift,\ PaywallTextComponent.swift,\ PaywallTimelineComponent.swift,\ PaywallV2CacheWarming.swift,\ PaywallVideoComponent.swift,\ PaywallWebViewComponent.swift,\ PaywallAnimation.swift,\ PaywallTransition.swift,\ CustomPaywallEvent.swift,\ CustomPaywallImpressionParams.swift,\ EventsRequest+CustomPaywallImpression.swift,\ EventsRequest+Paywall.swift,\ PaywallEvent.swift,\ WorkflowEvent.swift,\ ExitOffer.swift,\ Locale+Comparison.swift,\ PaywallCacheWarming.swift,\ PaywallColor.swift,\ PaywallData+Localization.swift,\ PaywallData.swift,\ PaywallFontManagerType.swift,\ PaywallSource.swift,\ PaywallViewMode.swift,\ SubscriptionHistoryTracker.swift,\ WebBundleEventBus.swift,\ WebBundleURLBatcher.swift,\ WebViewDataStoreIdentifierStore.swift,\ CachingProductsManager.swift,\ CachingTrialOrIntroPriceEligibilityChecker.swift,\ Configuration.swift,\ EntitlementInfo.swift,\ EntitlementInfos.swift,\ ExternalPurchaseCustomLinkType.swift,\ ExternalPurchaseFlow.swift,\ ExternalPurchaseLinkResult.swift,\ ExternalPurchaseManager.swift,\ ExternalPurchaseNotice.swift,\ ExternalPurchaseTokenType.swift,\ StoreKitExternalPurchaseCustomLink.swift,\ HostedCheckoutManager.swift,\ HostedCheckoutSession.swift,\ InstallmentsInfo.swift,\ InstallmentsInfoFactory.swift,\ IntroEligibility.swift,\ IntroEligibilityCalculator.swift,\ NonSubscriptionTransaction.swift,\ Offering.swift,\ Offerings.swift,\ OfferingsFactory.swift,\ OfferingsManager.swift,\ Package.swift,\ PackageType.swift,\ ProductRequestData+Initialization.swift,\ ProductRequestData.swift,\ ProductsManager.swift,\ ProductsManagerFactory.swift,\ ProductsManagerType.swift,\ ProductsRequestFactory.swift,\ PurchaseOwnershipType.swift,\ Attribution.swift,\ ConfiguredStoreEnvironment.swift,\ LocalTransactionMetadata.swift,\ LocalTransactionMetadataStore.swift,\ PurchaseParams.swift,\ Purchases.swift,\ PurchasesAreCompletedBy.swift,\ PurchasesConfiguredNotifier.swift,\ PurchasesDelegate.swift,\ PurchasesOrchestrator.swift,\ PurchasesType.swift,\ TransactionMetadataSyncHelper.swift,\ TransactionNotifications.swift,\ TransactionPoster.swift,\ ReceiptFetcher.swift,\ ReceiptRefreshPolicy.swift,\ SimulatedStoreProduct.swift,\ SimulatedStoreProductsManager.swift,\ SimulatedStorePurchaseHandler.swift,\ SimulatedStorePurchaseUI.swift,\ SimulatedStoreTransaction.swift,\ SimulatedStoreTransactionFetcher.swift,\ WebBillingProduct+SimulatedStoreProduct.swift,\ PaymentQueueWrapper.swift,\ ProductsFetcherSK1.swift,\ StoreKit1Wrapper.swift,\ StoreKitRequestFetcher.swift,\ StoreKit2ObserverModePurchaseDetector.swift,\ CompoundProductIdentifier.swift,\ CompoundProductIdentifierResolver.swift,\ ProductsFetcherSK2.swift,\ SK2AppTransaction.swift,\ SK2BeginRefundRequestHelper.swift,\ StoreKit2ConfirmInOptions.swift,\ StoreKit2ProductPurchaser.swift,\ StoreKit2PromotionalOfferPurchaseOptions.swift,\ StoreKit2PurchaseIntentListener.swift,\ StoreKit2Receipt.swift,\ StoreKit2StorefrontListener.swift,\ StoreKit2TransactionFetcher.swift,\ StoreKit2TransactionListener.swift,\ WinBackEligibilityAdapters.swift,\ WinBackOfferEligibilityCalculator.swift,\ WinBackOfferEligibilityCalculatorType.swift,\ BillingPlanType.swift,\ EncodedAppleReceipt.swift,\ ProductType.swift,\ PromotionalOffer.swift,\ RevocationReason.swift,\ SK1StoreProduct.swift,\ SK1StoreProductDiscount.swift,\ SK1StoreTransaction.swift,\ SK1Storefront.swift,\ SK2StoreProduct.swift,\ SK2StoreProductDiscount.swift,\ SK2StoreTransaction.swift,\ SK2Storefront.swift,\ StoreEnvironment.swift,\ StoreKitWorkarounds.swift,\ StoreProduct.swift,\ StoreProductDiscount.swift,\ StoreTransaction.swift,\ Storefront.swift,\ StorefrontProvider.swift,\ SubscriptionPeriod.swift,\ TestStoreProduct.swift,\ TestStoreProductDiscount.swift,\ TestStoreTransaction.swift,\ TransactionReason.swift,\ WinBackOffer.swift,\ TransactionsFactory.swift,\ TransactionsManager.swift,\ TrialOrIntroPriceEligibilityChecker.swift,\ WorkflowManager.swift,\ CaseOperators.swift,\ CustomOperators.swift,\ EntriesOperators.swift,\ LetOperator.swift,\ RegexOperators.swift,\ RootVarOperator.swift,\ SemverOperator.swift,\ SliceOperator.swift,\ SortByOperator.swift,\ SplitOperator.swift,\ EvaluationError.swift,\ Evaluator.swift,\ ObjectValue.swift,\ AccessorOperators.swift,\ ArithmeticOperators.swift,\ ComparisonOperators.swift,\ EqualityOperators.swift,\ IterationOperators.swift,\ LogicOperators.swift,\ MinMaxOperators.swift,\ MiscOperators.swift,\ Operators.swift,\ StringArrayOperators.swift,\ RulesEngine.swift,\ RulesEngineEvaluate.swift,\ RulesEngineLogger.swift,\ Scope.swift,\ Value+JSON.swift,\ Value.swift,\ FakeSigning.swift,\ HTTPRequest+Signing.swift,\ HTTPRequestBody+Signing.swift,\ Keychain.swift,\ Signing+ResponseVerification.swift,\ Signing.swift,\ VerificationResult.swift,\ AttributionDataMigrator.swift,\ AttributionKey.swift,\ ReservedSubscriberAttributes.swift,\ SubscriberAttribute.swift,\ SubscriberAttributesManager+Appstack.swift,\ SubscriberAttributesManager.swift,\ BeginRefundRequestHelper.swift,\ DebugContentViews.swift,\ DebugView.swift,\ DebugViewController.swift,\ DebugViewModel.swift,\ DebugViewSheetPresentation.swift,\ ProductStatus+Icon.swift,\ SDKHealthCheckStatus+Icon.swift,\ SDKHealthStatus+Icon.swift,\ FrameworkDisambiguation.swift,\ HealthReport+Validate.swift,\ ManageSubscriptionsHelper.swift,\ PaymentAuthorizationProvider.swift,\ PaywallExtensions.swift,\ PurchasesDiagnostics.swift,\ SDKHealthError+CustomNSError.swift,\ SDKHealthManager.swift,\ StoreMessageType.swift,\ StoreMessagesHelper.swift,\ SwiftVersionCheck.swift,\ VirtualCurrencies.swift,\ VirtualCurrency.swift,\ VirtualCurrencyManager.swift,\ URL+WebPurchaseRedemption.swift,\ WebPurchaseRedemption.swift,\ WebPurchaseRedemptionHelper.swift,\ WebPurchaseRedemptionResult.swift /tmp/advoid-readiness-derived/Build/Intermediates.noindex/ArchiveIntermediates/AdVoid/IntermediateBuildFilesPath/RevenueCat.build/Release-iphoneos/RevenueCat-t.build/DerivedSources/resource_bundle_accessor.swift /private/tmp/advoid-readiness-derived/SourcePackages/checkouts/purchases-ios-spm/Sources/Ads/AdTracker.swift /private/tmp/advoid-readiness-derived/SourcePackages/checkouts/purchases-ios-spm/Sources/Ads/AdsAPI.swift /private/tmp/advoid-readiness-derived/SourcePackages/checkouts/purchases-ios-spm/Sources/Ads/Events/AdEvent.swift /private/tmp/advoid-readiness-derived/SourcePackages/checkouts/purchases-ios-spm/Sources/Ads/Events/AdEventStore.swift /private/tmp/advoid-readiness-derived/SourcePackages/checkouts/purchases-ios-spm/Sources/Ads/Events/AdRewardEvents.swift /private/tmp/advoid-readiness-derived/SourcePackages/checkouts/purchases-ios-spm/Sources/Ads/Events/Networking/AdEventsRequest.swift /private/tmp/advoid-readiness-derived/SourcePackages/checkouts/purchases-ios-spm/Sources/Ads/Events/Networking/AdHTTPRequestPath.swift /private/tmp/advoid-readiness-derived/SourcePackages/checkouts/purchases-ios-spm/Sources/Ads/Events/Networking/PostAdEventsOperation.swift /private/tmp/advoid-readiness-derived/SourcePackages/checkouts/purchases-ios-spm/Sources/Ads/Events/StoredAdEvent.swift /private/tmp/advoid-readiness-derived/SourcePackages/checkouts/purchases-ios-spm/Sources/Ads/Events/StoredAdEventSerializer.swift /private/tmp/advoid-readiness-derived/SourcePackages/checkouts/purchases-ios-spm/Sources/Ads/RewardVerification/AdReward.swift /private/tmp/advoid-readiness-derived/SourcePackages/checkouts/purchases-ios-spm/Sources/Ads/RewardVerification/EntitlementReward.swift /private/tmp/advoid-readiness-derived/SourcePackages/checkouts/purchases-ios-spm/Sources/Ads/RewardVerification/Networking/GetRewardVerificationStatusOperation.swift /private/tmp/advoid-readiness-derived/SourcePackages/checkouts/purchases-ios-spm/Sources/Ads/RewardVerification/Networking/RewardVerificationStatusCallback.swift /private/tmp/advoid-readiness-derived/SourcePackages/checkouts/purchases-ios-spm/Sources/Ads/RewardVerification/Networking/RewardVerificationStatusResponse.swift /private/tmp/advoid-readiness-derived/SourcePackages/checkouts/purchases-ios-spm/Sources/Ads/RewardVerification/Outcome.swift /private/tmp/advoid-readiness-derived/SourcePackages/checkouts/purchases-ios-spm/Sources/Ads/RewardVerification/Poller.swift /private/tmp/advoid-readiness-derived/SourcePackages/checkouts/purchases-ios-spm/Sources/Ads/RewardVerification/RewardVerification.swift /private/tmp/advoid-readiness-derived/SourcePackages/checkouts/purchases-ios-spm/Sources/Ads/RewardVerification/RewardVerificationPollStatus.swift /private/tmp/advoid-readiness-derived/SourcePackages/checkouts/purchases-ios-spm/Sources/Ads/RewardVerification/RewardVerificationResult.swift /private/tmp/advoid-readiness-derived/SourcePackages/checkouts/purchases-ios-spm/Sources/Ads/RewardVerification/RewardVerificationToken.swift /private/tmp/advoid-readiness-derived/SourcePackages/checkouts/purchases-ios-spm/Sources/Ads/RewardVerification/RewardedAdTrackingMetadata.swift /private/tmp/advoid-readiness-derived/SourcePackages/checkouts/purchases-ios-spm/Sources/Ads/RewardVerification/VirtualCurrencyReward.swift /private/tmp/advoid-readiness-derived/SourcePackages/checkouts/purchases-ios-spm/Sources/Attribution/ASIdManagerProxy.swift /private/tmp/advoid-readiness-derived/SourcePackages/checkouts/purchases-ios-spm/Sources/Attribution/AttributionData.swift /private/tmp/advoid-readiness-derived/SourcePackages/checkouts/purchases-ios-spm/Sources/Attribution/AttributionFetcher.swift /private/tmp/advoid-readiness-derived/SourcePackages/checkouts/purchases-ios-spm/Sources/Attribution/AttributionNetwork.swift /private/tmp/advoid-readiness-derived/SourcePackages/checkouts/purchases-ios-spm/Sources/Attribution/AttributionPoster.swift /private/tmp/advoid-readiness-derived/SourcePackages/checkouts/purchases-ios-spm/Sources/Attribution/AttributionTypeFactory.swift /private/tmp/advoid-readiness-derived/SourcePackages/checkouts/purchases-ios-spm/Sources/Attribution/TrackingManagerProxy.swift /private/tmp/advoid-readiness-derived/SourcePackages/checkouts/purchases-ios-spm/Sources/Authentication/Authentication.swift /private/tmp/advoid-readiness-derived/SourcePackages/checkouts/purchases-ios-spm/Sources/Caching/CacheStatus.swift /private/tmp/advoid-readiness-derived/SourcePackages/checkouts/purchases-ios-spm/Sources/Caching/Checksum.swift /private/tmp/advoid-readiness-derived/SourcePackages/checkouts/purchases-ios-spm/Sources/Caching/DeviceCache.swift /private/tmp/advoid-readiness-derived/SourcePackages/checkouts/purchases-ios-spm/Sources/Caching/DirectoryHelper.swift /private/tmp/advoid-readiness-derived/SourcePackages/checkouts/purchases-ios-spm/Sources/Caching/FileRepository.swift /private/tmp/advoid-readiness-derived/SourcePackages/checkouts/purchases-ios-spm/Sources/Caching/InMemoryCachedObject.swift /private/tmp/advoid-readiness-derived/SourcePackages/checkouts/purchases-ios-spm/Sources/Caching/KeyedDeferredValueStore.swift /private/tmp/advoid-readiness-derived/SourcePackages/checkouts/purchases-ios-spm/Sources/Caching/LargeItemCacheType.swift /private/tmp/advoid-readiness-derived/SourcePackages/checkouts/purchases-ios-spm/Sources/Caching/URLWithValidation.swift /private/tmp/advoid-readiness-derived/SourcePackages/checkouts/purchases-ios-spm/Sources/Checkpoints/CheckpointEvent.swift /private/tmp/advoid-readiness-derived/SourcePackages/checkouts/purchases-ios-spm/Sources/Checkpoints/CheckpointWorkflowResolver.swift /private/tmp/advoid-readiness-derived/SourcePackages/checkouts/purchases-ios-spm/Sources/Checkpoints/Checkpoints.swift /private/tmp/advoid-readiness-derived/SourcePackages/checkouts/purchases-ios-spm/Sources/Checkpoints/ResolvedCheckpointWorkflow.swift /private/tmp/advoid-readiness-derived/SourcePackages/checkouts/purchases-ios-spm/Sources/CodableExtensions/PeriodType+Extensions.swift /private/tmp/advoid-readiness-derived/SourcePackages/checkouts/purchases-ios-spm/Sources/CodableExtensions/PurchaseOwnershipType+Extensions.swift /private/tmp/advoid-readiness-derived/SourcePackages/checkouts/purchases-ios-spm/Sources/CodableExtensions/Store+Extensions.swift /private/tmp/advoid-readiness-derived/SourcePackages/checkouts/purchases-ios-spm/Sources/CustomerCenter/CustomerCenterConfigData.swift /private/tmp/advoid-readiness-derived/SourcePackages/checkouts/purchases-ios-spm/Sources/CustomerCenter/CustomerCenterPresentationMode.swift /private/tmp/advoid-readiness-derived/SourcePackages/checkouts/purchases-ios-spm/Sources/CustomerCenter/Events/CustomerCenterEvent.swift /private/tmp/advoid-readiness-derived/SourcePackages/checkouts/purchases-ios-spm/Sources/CustomerCenter/Events/Networking/EventsRequest+CustomerCenter.swift /private/tmp/advoid-readiness-derived/SourcePackages/checkouts/purchases-ios-spm/Sources/DeepLink/DeepLinkParser.swift /private/tmp/advoid-readiness-derived/SourcePackages/checkouts/purchases-ios-spm/Sources/Diagnostics/DiagnosticsEvent.swift /private/tmp/advoid-readiness-derived/SourcePackages/checkouts/purchases-ios-spm/Sources/Diagnostics/DiagnosticsFileHandler.swift /private/tmp/advoid-readiness-derived/SourcePackages/checkouts/purchases-ios-spm/Sources/Diagnostics/DiagnosticsTracker.swift /private/tmp/advoid-readiness-derived/SourcePackages/checkouts/purchases-ios-spm/Sources/Diagnostics/FileHandler.swift /private/tmp/advoid-readiness-derived/SourcePackages/checkouts/purchases-ios-spm/Sources/Diagnostics/Networking/DiagnosticsEventsRequest.swift /private/tmp/advoid-readiness-derived/SourcePackages/checkouts/purchases-ios-spm/Sources/Diagnostics/Networking/DiagnosticsHTTPRequestPath.swift /private/tmp/advoid-readiness-derived/SourcePackages/checkouts/purchases-ios-spm/Sources/Diagnostics/Networking/DiagnosticsPostOperation.swift /private/tmp/advoid-readiness-derived/SourcePackages/checkouts/purchases-ios-spm/Sources/Diagnostics/Networking/DiagnosticsSynchronizer.swift /private/tmp/advoid-readiness-derived/SourcePackages/checkouts/purchases-ios-spm/Sources/DocCDocumentation/EmptyFile.swift /private/tmp/advoid-readiness-derived/SourcePackages/checkouts/purchases-ios-spm/Sources/Error\ Handling/Assertions.swift /private/tmp/advoid-readiness-derived/SourcePackages/checkouts/purchases-ios-spm/Sources/Error\ Handling/BackendError.swift /private/tmp/advoid-readiness-derived/SourcePackages/checkouts/purchases-ios-spm/Sources/Error\ Handling/BackendErrorCode.swift /private/tmp/advoid-readiness-derived/SourcePackages/checkouts/purchases-ios-spm/Sources/Error\ Handling/DescribableError.swift /private/tmp/advoid-readiness-derived/SourcePackages/checkouts/purchases-ios-spm/Sources/Error\ Handling/ErrorCode+Conformances.swift /private/tmp/advoid-readiness-derived/SourcePackages/checkouts/purchases-ios-spm/Sources/Error\ Handling/ErrorDetails.swift /private/tmp/advoid-readiness-derived/SourcePackages/checkouts/purchases-ios-spm/Sources/Error\ Handling/ErrorUtils.swift /private/tmp/advoid-readiness-derived/SourcePackages/checkouts/purchases-ios-spm/Sources/Error\ Handling/PurchasesError.swift /private/tmp/advoid-readiness-derived/SourcePackages/checkouts/purchases-ios-spm/Sources/Error\ Handling/SKError+Extensions.swift /private/tmp/advoid-readiness-derived/SourcePackages/checkouts/purchases-ios-spm/Sources/Error\ Handling/StoreKitError+Extensions.swift /private/tmp/advoid-readiness-derived/SourcePackages/checkouts/purchases-ios-spm/Sources/Error\ Handling/StoreKitErrorHelper.swift /private/tmp/advoid-readiness-derived/SourcePackages/checkouts/purchases-ios-spm/Sources/Events/EventsManager.swift /private/tmp/advoid-readiness-derived/SourcePackages/checkouts/purchases-ios-spm/Sources/Events/FeatureEvents/FeatureEvent.swift /private/tmp/advoid-readiness-derived/SourcePackages/checkouts/purchases-ios-spm/Sources/Events/FeatureEvents/FeatureEventStore.swift /private/tmp/advoid-readiness-derived/SourcePackages/checkouts/purchases-ios-spm/Sources/Events/FeatureEvents/Networking/FeatureEventHTTPRequestPath.swift /private/tmp/advoid-readiness-derived/SourcePackages/checkouts/purchases-ios-spm/Sources/Events/FeatureEvents/Networking/FeatureEventsRequest+CheckpointEvent.swift /private/tmp/advoid-readiness-derived/SourcePackages/checkouts/purchases-ios-spm/Sources/Events/FeatureEvents/Networking/FeatureEventsRequest+WorkflowEvent.swift /private/tmp/advoid-readiness-derived/SourcePackages/checkouts/purchases-ios-spm/Sources/Events/FeatureEvents/Networking/FeatureEventsRequest.swift /private/tmp/advoid-readiness-derived/SourcePackages/checkouts/purchases-ios-spm/Sources/Events/FeatureEvents/Networking/PostFeatureEventsOperation.swift /private/tmp/advoid-readiness-derived/SourcePackages/checkouts/purchases-ios-spm/Sources/Events/FeatureEvents/StoredFeatureEvent.swift /private/tmp/advoid-readiness-derived/SourcePackages/checkouts/purchases-ios-spm/Sources/Events/FeatureEvents/StoredFeatureEventSerializer.swift /private/tmp/advoid-readiness-derived/SourcePackages/checkouts/purchases-ios-spm/Sources/Events/Networking/EventsHTTPRequestPath.swift /private/tmp/advoid-readiness-derived/SourcePackages/checkouts/purchases-ios-spm/Sources/FoundationExtensions/Array+Extensions.swift /private/tmp/advoid-readiness-derived/SourcePackages/checkouts/purchases-ios-spm/Sources/FoundationExtensions/AsyncExtensions.swift /private/tmp/advoid-readiness-derived/SourcePackages/checkouts/purchases-ios-spm/Sources/FoundationExtensions/Data+Extensions.swift /private/tmp/advoid-readiness-derived/SourcePackages/checkouts/purchases-ios-spm/Sources/FoundationExtensions/Date+Extensions.swift /private/tmp/advoid-readiness-derived/SourcePackages/checkouts/purchases-ios-spm/Sources/FoundationExtensions/Decoder+Extensions.swift /private/tmp/advoid-readiness-derived/SourcePackages/checkouts/purchases-ios-spm/Sources/FoundationExtensions/Dictionary+Extensions.swift /private/tmp/advoid-readiness-derived/SourcePackages/checkouts/purchases-ios-spm/Sources/FoundationExtensions/DispatchTimeInterval+Extensions.swift /private/tmp/advoid-readiness-derived/SourcePackages/checkouts/purchases-ios-spm/Sources/FoundationExtensions/Error+Extensions.swift /private/tmp/advoid-readiness-derived/SourcePackages/checkouts/purchases-ios-spm/Sources/FoundationExtensions/Integer+Extensions.swift /private/tmp/advoid-readiness-derived/SourcePackages/checkouts/purchases-ios-spm/Sources/FoundationExtensions/Locale+Extensions.swift /private/tmp/advoid-readiness-derived/SourcePackages/checkouts/purchases-ios-spm/Sources/FoundationExtensions/NSNumber+JSON.swift /private/tmp/advoid-readiness-derived/SourcePackages/checkouts/purchases-ios-spm/Sources/FoundationExtensions/OperationQueue+Extensions.swift /private/tmp/advoid-readiness-derived/SourcePackages/checkouts/purchases-ios-spm/Sources/FoundationExtensions/Operators+Extensions.swift /private/tmp/advoid-readiness-derived/SourcePackages/checkouts/purchases-ios-spm/Sources/FoundationExtensions/Optional+Extensions.swift /private/tmp/advoid-readiness-derived/SourcePackages/checkouts/purchases-ios-spm/Sources/FoundationExtensions/Result+Extensions.swift /private/tmp/advoid-readiness-derived/SourcePackages/checkouts/purchases-ios-spm/Sources/FoundationExtensions/Set+Extensions.swift /private/tmp/advoid-readiness-derived/SourcePackages/checkouts/purchases-ios-spm/Sources/FoundationExtensions/String+Extensions.swift /private/tmp/advoid-readiness-derived/SourcePackages/checkouts/purchases-ios-spm/Sources/FoundationExtensions/TimeInterval+Extensions.swift /private/tmp/advoid-readiness-derived/SourcePackages/checkouts/purchases-ios-spm/Sources/FoundationExtensions/UIApplication+RCExtensions.swift /private/tmp/advoid-readiness-derived/SourcePackages/checkouts/purchases-ios-spm/Sources/FoundationExtensions/UserDefaults+Extensions.swift /private/tmp/advoid-readiness-derived/SourcePackages/checkouts/purchases-ios-spm/Sources/Generated/ErrorCode.swift /private/tmp/advoid-readiness-derived/SourcePackages/checkouts/purchases-ios-spm/Sources/Identity/CustomerInfo+ActiveDates.swift /private/tmp/advoid-readiness-derived/SourcePackages/checkouts/purchases-ios-spm/Sources/Identity/CustomerInfo+NonSubscriptions.swift /private/tmp/advoid-readiness-derived/SourcePackages/checkouts/purchases-ios-spm/Sources/Identity/CustomerInfo.swift /private/tmp/advoid-readiness-derived/SourcePackages/checkouts/purchases-ios-spm/Sources/Identity/CustomerInfoManager.swift /private/tmp/advoid-readiness-derived/SourcePackages/checkouts/purchases-ios-spm/Sources/Identity/Identity.swift /private/tmp/advoid-readiness-derived/SourcePackages/checkouts/purchases-ios-spm/Sources/Identity/IdentityManager.swift /private/tmp/advoid-readiness-derived/SourcePackages/checkouts/purchases-ios-spm/Sources/Identity/ProductPaidPrice.swift /private/tmp/advoid-readiness-derived/SourcePackages/checkouts/purchases-ios-spm/Sources/Identity/SubscriptionInfo.swift /private/tmp/advoid-readiness-derived/SourcePackages/checkouts/purchases-ios-spm/Sources/LocalReceiptParsing/BasicTypes/ASN1Container.swift /private/tmp/advoid-readiness-derived/SourcePackages/checkouts/purchases-ios-spm/Sources/LocalReceiptParsing/BasicTypes/ASN1ObjectIdentifier.swift /private/tmp/advoid-readiness-derived/SourcePackages/checkouts/purchases-ios-spm/Sources/LocalReceiptParsing/BasicTypes/AppleReceipt.swift /private/tmp/advoid-readiness-derived/SourcePackages/checkouts/purchases-ios-spm/Sources/LocalReceiptParsing/BasicTypes/InAppPurchase.swift /private/tmp/advoid-readiness-derived/SourcePackages/checkouts/purchases-ios-spm/Sources/LocalReceiptParsing/Builders/ASN1ContainerBuilder.swift /private/tmp/advoid-readiness-derived/SourcePackages/checkouts/purchases-ios-spm/Sources/LocalReceiptParsing/Builders/ASN1ObjectIdentifierBuilder.swift /private/tmp/advoid-readiness-derived/SourcePackages/checkouts/purchases-ios-spm/Sources/LocalReceiptParsing/Builders/AppleReceiptBuilder.swift /private/tmp/advoid-readiness-derived/SourcePackages/checkouts/purchases-ios-spm/Sources/LocalReceiptParsing/Builders/InAppPurchaseBuilder.swift /private/tmp/advoid-readiness-derived/SourcePackages/checkouts/purchases-ios-spm/Sources/LocalReceiptParsing/DataConverters/ArraySlice_UInt8+Extensions.swift /private/tmp/advoid-readiness-derived/SourcePackages/checkouts/purchases-ios-spm/Sources/LocalReceiptParsing/DataConverters/Codable+Extensions.swift /private/tmp/advoid-readiness-derived/SourcePackages/checkouts/purchases-ios-spm/Sources/LocalReceiptParsing/DataConverters/DateFormatter+Extensions.swift /private/tmp/advoid-readiness-derived/SourcePackages/checkouts/purchases-ios-spm/Sources/LocalReceiptParsing/DataConverters/UInt8+Extensions.swift /private/tmp/advoid-readiness-derived/SourcePackages/checkouts/purchases-ios-spm/Sources/LocalReceiptParsing/Helpers/FileReader.swift /private/tmp/advoid-readiness-derived/SourcePackages/checkouts/purchases-ios-spm/Sources/LocalReceiptParsing/Helpers/LoggerType.swift /private/tmp/advoid-readiness-derived/SourcePackages/checkouts/purchases-ios-spm/Sources/LocalReceiptParsing/Helpers/ProcessInfo+Extensions.swift /private/tmp/advoid-readiness-derived/SourcePackages/checkouts/purchases-ios-spm/Sources/LocalReceiptParsing/Helpers/ReceiptParserLogger.swift /private/tmp/advoid-readiness-derived/SourcePackages/checkouts/purchases-ios-spm/Sources/LocalReceiptParsing/Helpers/ReceiptStrings.swift /private/tmp/advoid-readiness-derived/SourcePackages/checkouts/purchases-ios-spm/Sources/LocalReceiptParsing/LocalReceiptFetcher.swift /private/tmp/advoid-readiness-derived/SourcePackages/checkouts/purchases-ios-spm/Sources/LocalReceiptParsing/PurchasesReceiptParser.swift /private/tmp/advoid-readiness-derived/SourcePackages/checkouts/purchases-ios-spm/Sources/LocalReceiptParsing/ReceiptParsingError.swift /private/tmp/advoid-readiness-derived/SourcePackages/checkouts/purchases-ios-spm/Sources/LocalRules/AnyDecodable+DimensionValue.swift /private/tmp/advoid-readiness-derived/SourcePackages/checkouts/purchases-ios-spm/Sources/LocalRules/CustomerInfoDimensionProvider.swift /private/tmp/advoid-readiness-derived/SourcePackages/checkouts/purchases-ios-spm/Sources/LocalRules/DeviceDimensionProvider.swift /private/tmp/advoid-readiness-derived/SourcePackages/checkouts/purchases-ios-spm/Sources/LocalRules/Dictionary+DimensionValue.swift /private/tmp/advoid-readiness-derived/SourcePackages/checkouts/purchases-ios-spm/Sources/LocalRules/DimensionProvider.swift /private/tmp/advoid-readiness-derived/SourcePackages/checkouts/purchases-ios-spm/Sources/LocalRules/DimensionResolver.swift /private/tmp/advoid-readiness-derived/SourcePackages/checkouts/purchases-ios-spm/Sources/LocalRules/LocalRulesEvaluator.swift /private/tmp/advoid-readiness-derived/SourcePackages/checkouts/purchases-ios-spm/Sources/LocalRules/RulesEngineLoggerBridge.swift /private/tmp/advoid-readiness-derived/SourcePackages/checkouts/purchases-ios-spm/Sources/LocalRules/StoreDimensionProvider.swift /private/tmp/advoid-readiness-derived/SourcePackages/checkouts/purchases-ios-spm/Sources/LocalRules/SubscriberAttributesDimensionProvider.swift /private/tmp/advoid-readiness-derived/SourcePackages/checkouts/purchases-ios-spm/Sources/LocalRules/SubscriberDimensionsProvider.swift /private/tmp/advoid-readiness-derived/SourcePackages/checkouts/purchases-ios-spm/Sources/Logging/LogIntent.swift /private/tmp/advoid-readiness-derived/SourcePackages/checkouts/purchases-ios-spm/Sources/Logging/Logger.swift /private/tmp/advoid-readiness-derived/SourcePackages/checkouts/purchases-ios-spm/Sources/Logging/Strings/AdsStrings.swift /private/tmp/advoid-readiness-derived/SourcePackages/checkouts/purchases-ios-spm/Sources/Logging/Strings/AnalyticsStrings.swift /private/tmp/advoid-readiness-derived/SourcePackages/checkouts/purchases-ios-spm/Sources/Logging/Strings/AttributionStrings.swift /private/tmp/advoid-readiness-derived/SourcePackages/checkouts/purchases-ios-spm/Sources/Logging/Strings/AuthenticationStrings.swift /private/tmp/advoid-readiness-derived/SourcePackages/checkouts/purchases-ios-spm/Sources/Logging/Strings/BackendErrorStrings.swift /private/tmp/advoid-readiness-derived/SourcePackages/checkouts/purchases-ios-spm/Sources/Logging/Strings/CacheStrings.swift /private/tmp/advoid-readiness-derived/SourcePackages/checkouts/purchases-ios-spm/Sources/Logging/Strings/CheckpointsStrings.swift /private/tmp/advoid-readiness-derived/SourcePackages/checkouts/purchases-ios-spm/Sources/Logging/Strings/CodableStrings.swift /private/tmp/advoid-readiness-derived/SourcePackages/checkouts/purchases-ios-spm/Sources/Logging/Strings/ConfigureStrings.swift /private/tmp/advoid-readiness-derived/SourcePackages/checkouts/purchases-ios-spm/Sources/Logging/Strings/CustomerInfoStrings.swift /private/tmp/advoid-readiness-derived/SourcePackages/checkouts/purchases-ios-spm/Sources/Logging/Strings/DiagnosticsStrings.swift /private/tmp/advoid-readiness-derived/SourcePackages/checkouts/purchases-ios-spm/Sources/Logging/Strings/ETagStrings.swift /private/tmp/advoid-readiness-derived/SourcePackages/checkouts/purchases-ios-spm/Sources/Logging/Strings/EligibilityStrings.swift /private/tmp/advoid-readiness-derived/SourcePackages/checkouts/purchases-ios-spm/Sources/Logging/Strings/EventsManagerStrings.swift /private/tmp/advoid-readiness-derived/SourcePackages/checkouts/purchases-ios-spm/Sources/Logging/Strings/ExternalPurchaseStrings.swift /private/tmp/advoid-readiness-derived/SourcePackages/checkouts/purchases-ios-spm/Sources/Logging/Strings/FileRepositoryStrings.swift /private/tmp/advoid-readiness-derived/SourcePackages/checkouts/purchases-ios-spm/Sources/Logging/Strings/HostedCheckoutStrings.swift /private/tmp/advoid-readiness-derived/SourcePackages/checkouts/purchases-ios-spm/Sources/Logging/Strings/IdentityStrings.swift /private/tmp/advoid-readiness-derived/SourcePackages/checkouts/purchases-ios-spm/Sources/Logging/Strings/LocalRulesStrings.swift /private/tmp/advoid-readiness-derived/SourcePackages/checkouts/purchases-ios-spm/Sources/Logging/Strings/ManageSubscriptionsStrings.swift /private/tmp/advoid-readiness-derived/SourcePackages/checkouts/purchases-ios-spm/Sources/Logging/Strings/NetworkStrings.swift /private/tmp/advoid-readiness-derived/SourcePackages/checkouts/purchases-ios-spm/Sources/Logging/Strings/OfferingStrings.swift /private/tmp/advoid-readiness-derived/SourcePackages/checkouts/purchases-ios-spm/Sources/Logging/Strings/OfflineEntitlementsStrings.swift /private/tmp/advoid-readiness-derived/SourcePackages/checkouts/purchases-ios-spm/Sources/Logging/Strings/PaywallsStrings.swift /private/tmp/advoid-readiness-derived/SourcePackages/checkouts/purchases-ios-spm/Sources/Logging/Strings/PurchaseStrings.swift /private/tmp/advoid-readiness-derived/SourcePackages/checkouts/purchases-ios-spm/Sources/Logging/Strings/RemoteConfigStrings.swift /private/tmp/advoid-readiness-derived/SourcePackages/checkouts/purchases-ios-spm/Sources/Logging/Strings/SigningStrings.swift /private/tmp/advoid-readiness-derived/SourcePackages/checkouts/purchases-ios-spm/Sources/Logging/Strings/StoreKitStrings.swift /private/tmp/advoid-readiness-derived/SourcePackages/checkouts/purchases-ios-spm/Sources/Logging/Strings/Strings.swift /private/tmp/advoid-readiness-derived/SourcePackages/checkouts/purchases-ios-spm/Sources/Logging/Strings/TransactionMetadataStrings.swift /private/tmp/advoid-readiness-derived/SourcePackages/checkouts/purchases-ios-spm/Sources/Logging/Strings/VirtualCurrencyStrings.swift /private/tmp/advoid-readiness-derived/SourcePackages/checkouts/purchases-ios-spm/Sources/Logging/Strings/WebRedemptionStrings.swift /private/tmp/advoid-readiness-derived/SourcePackages/checkouts/purchases-ios-spm/Sources/Misc/Box.swift /private/tmp/advoid-readiness-derived/SourcePackages/checkouts/purchases-ios-spm/Sources/Misc/Codable/AnyCodingKey.swift /private/tmp/advoid-readiness-derived/SourcePackages/checkouts/purchases-ios-spm/Sources/Misc/Codable/AnyDecodable.swift /private/tmp/advoid-readiness-derived/SourcePackages/checkouts/purchases-ios-spm/Sources/Misc/Codable/AnyEncodable.swift /private/tmp/advoid-readiness-derived/SourcePackages/checkouts/purchases-ios-spm/Sources/Misc/Codable/DefaultDecodable.swift /private/tmp/advoid-readiness-derived/SourcePackages/checkouts/purchases-ios-spm/Sources/Misc/Codable/EnsureNonEmptyCollectionDecodable.swift /private/tmp/advoid-readiness-derived/SourcePackages/checkouts/purchases-ios-spm/Sources/Misc/Codable/IgnoreHashable.swift /private/tmp/advoid-readiness-derived/SourcePackages/checkouts/purchases-ios-spm/Sources/Misc/Codable/NonEmptyStringDecodable.swift /private/tmp/advoid-readiness-derived/SourcePackages/checkouts/purchases-ios-spm/Sources/Misc/Codable/RawDataContainer.swift /private/tmp/advoid-readiness-derived/SourcePackages/checkouts/purchases-ios-spm/Sources/Misc/Concurrency/Atomic.swift /private/tmp/advoid-readiness-derived/SourcePackages/checkouts/purchases-ios-spm/Sources/Misc/Concurrency/DeferredTask.swift /private/tmp/advoid-readiness-derived/SourcePackages/checkouts/purchases-ios-spm/Sources/Misc/Concurrency/Lock.swift /private/tmp/advoid-readiness-derived/SourcePackages/checkouts/purchases-ios-spm/Sources/Misc/Concurrency/OperationDispatcher.swift /private/tmp/advoid-readiness-derived/SourcePackages/checkouts/purchases-ios-spm/Sources/Misc/Concurrency/Purchases+async.swift /private/tmp/advoid-readiness-derived/SourcePackages/checkouts/purchases-ios-spm/Sources/Misc/Concurrency/Purchases+nonasync.swift /private/tmp/advoid-readiness-derived/SourcePackages/checkouts/purchases-ios-spm/Sources/Misc/Concurrency/SynchronizedLargeItemCache.swift /private/tmp/advoid-readiness-derived/SourcePackages/checkouts/purchases-ios-spm/Sources/Misc/Concurrency/SynchronizedUserDefaults.swift /private/tmp/advoid-readiness-derived/SourcePackages/checkouts/purchases-ios-spm/Sources/Misc/CustomVariableKeyValidator.swift /private/tmp/advoid-readiness-derived/SourcePackages/checkouts/purchases-ios-spm/Sources/Misc/DangerousSettings.swift /private/tmp/advoid-readiness-derived/SourcePackages/checkouts/purchases-ios-spm/Sources/Misc/DateAndTime/Clock.swift /private/tmp/advoid-readiness-derived/SourcePackages/checkouts/purchases-ios-spm/Sources/Misc/DateAndTime/DateExtensions.swift /private/tmp/advoid-readiness-derived/SourcePackages/checkouts/purchases-ios-spm/Sources/Misc/DateAndTime/DateProvider.swift /private/tmp/advoid-readiness-derived/SourcePackages/checkouts/purchases-ios-spm/Sources/Misc/DateAndTime/ISODurationFormatter.swift /private/tmp/advoid-readiness-derived/SourcePackages/checkouts/purchases-ios-spm/Sources/Misc/DateAndTime/ISOPeriodFormatter.swift /private/tmp/advoid-readiness-derived/SourcePackages/checkouts/purchases-ios-spm/Sources/Misc/DateAndTime/TimingUtil.swift /private/tmp/advoid-readiness-derived/SourcePackages/checkouts/purchases-ios-spm/Sources/Misc/Deprecations.swift /private/tmp/advoid-readiness-derived/SourcePackages/checkouts/purchases-ios-spm/Sources/Misc/Either.swift /private/tmp/advoid-readiness-derived/SourcePackages/checkouts/purchases-ios-spm/Sources/Misc/JWT.swift /private/tmp/advoid-readiness-derived/SourcePackages/checkouts/purchases-ios-spm/Sources/Misc/Locale/PreferredLocalesProvider.swift /private/tmp/advoid-readiness-derived/SourcePackages/checkouts/purchases-ios-spm/Sources/Misc/MacDevice.swift /private/tmp/advoid-readiness-derived/SourcePackages/checkouts/purchases-ios-spm/Sources/Misc/MapAppStoreDetector.swift /private/tmp/advoid-readiness-derived/SourcePackages/checkouts/purchases-ios-spm/Sources/Misc/Obsoletions.swift /private/tmp/advoid-readiness-derived/SourcePackages/checkouts/purchases-ios-spm/Sources/Misc/PlatformInfo.swift /private/tmp/advoid-readiness-derived/SourcePackages/checkouts/purchases-ios-spm/Sources/Misc/PriceFormatterProvider.swift /private/tmp/advoid-readiness-derived/SourcePackages/checkouts/purchases-ios-spm/Sources/Misc/RateLimiter.swift /private/tmp/advoid-readiness-derived/SourcePackages/checkouts/purchases-ios-spm/Sources/Misc/SandboxEnvironmentDetector.swift /private/tmp/advoid-readiness-derived/SourcePackages/checkouts/purchases-ios-spm/Sources/Misc/StoreKitVersion.swift /private/tmp/advoid-readiness-derived/SourcePackages/checkouts/purchases-ios-spm/Sources/Misc/SystemInfo.swift /private/tmp/advoid-readiness-derived/SourcePackages/checkouts/purchases-ios-spm/Sources/Networking/APISourceFailover.swift /private/tmp/advoid-readiness-derived/SourcePackages/checkouts/purchases-ios-spm/Sources/Networking/Audience.swift /private/tmp/advoid-readiness-derived/SourcePackages/checkouts/purchases-ios-spm/Sources/Networking/AudiencesConfigProvider.swift /private/tmp/advoid-readiness-derived/SourcePackages/checkouts/purchases-ios-spm/Sources/Networking/Backend.swift /private/tmp/advoid-readiness-derived/SourcePackages/checkouts/purchases-ios-spm/Sources/Networking/BackendConfiguration.swift /private/tmp/advoid-readiness-derived/SourcePackages/checkouts/purchases-ios-spm/Sources/Networking/Caching/CacheFetchPolicy.swift /private/tmp/advoid-readiness-derived/SourcePackages/checkouts/purchases-ios-spm/Sources/Networking/Caching/CallbackCache.swift /private/tmp/advoid-readiness-derived/SourcePackages/checkouts/purchases-ios-spm/Sources/Networking/Caching/CallbackCacheStatus.swift /private/tmp/advoid-readiness-derived/SourcePackages/checkouts/purchases-ios-spm/Sources/Networking/Caching/CustomerCenterConfigCallback.swift /private/tmp/advoid-readiness-derived/SourcePackages/checkouts/purchases-ios-spm/Sources/Networking/Caching/CustomerInfoCallback.swift /private/tmp/advoid-readiness-derived/SourcePackages/checkouts/purchases-ios-spm/Sources/Networking/Caching/ExternalPurchaseTokenCallback.swift /private/tmp/advoid-readiness-derived/SourcePackages/checkouts/purchases-ios-spm/Sources/Networking/Caching/HostedCheckoutCallback.swift /private/tmp/advoid-readiness-derived/SourcePackages/checkouts/purchases-ios-spm/Sources/Networking/Caching/IAMCallbacks.swift /private/tmp/advoid-readiness-derived/SourcePackages/checkouts/purchases-ios-spm/Sources/Networking/Caching/IsPurchaseAllowedByRestoreBehaviorCallback.swift /private/tmp/advoid-readiness-derived/SourcePackages/checkouts/purchases-ios-spm/Sources/Networking/Caching/LogInCallback.swift /private/tmp/advoid-readiness-derived/SourcePackages/checkouts/purchases-ios-spm/Sources/Networking/Caching/OfferingsCallback.swift /private/tmp/advoid-readiness-derived/SourcePackages/checkouts/purchases-ios-spm/Sources/Networking/Caching/ProductEntitlementMappingCallback.swift /private/tmp/advoid-readiness-derived/SourcePackages/checkouts/purchases-ios-spm/Sources/Networking/Caching/RemoteConfigCallback.swift /private/tmp/advoid-readiness-derived/SourcePackages/checkouts/purchases-ios-spm/Sources/Networking/Caching/VirtualCurrenciesCallback.swift /private/tmp/advoid-readiness-derived/SourcePackages/checkouts/purchases-ios-spm/Sources/Networking/Caching/WebBillingProductsCallback.swift /private/tmp/advoid-readiness-derived/SourcePackages/checkouts/purchases-ios-spm/Sources/Networking/Caching/WebOfferingProductsCallback.swift /private/tmp/advoid-readiness-derived/SourcePackages/checkouts/purchases-ios-spm/Sources/Networking/CheckpointRules.swift /private/tmp/advoid-readiness-derived/SourcePackages/checkouts/purchases-ios-spm/Sources/Networking/CheckpointsConfigProvider.swift /private/tmp/advoid-readiness-derived/SourcePackages/checkouts/purchases-ios-spm/Sources/Networking/ConnectionErrorReason.swift /private/tmp/advoid-readiness-derived/SourcePackages/checkouts/purchases-ios-spm/Sources/Networking/CustomerAPI.swift /private/tmp/advoid-readiness-derived/SourcePackages/checkouts/purchases-ios-spm/Sources/Networking/CustomerCenterConfigAPI.swift /private/tmp/advoid-readiness-derived/SourcePackages/checkouts/purchases-ios-spm/Sources/Networking/ExternalPurchaseTokenAPI.swift /private/tmp/advoid-readiness-derived/SourcePackages/checkouts/purchases-ios-spm/Sources/Networking/GenerationGuardedCache.swift /private/tmp/advoid-readiness-derived/SourcePackages/checkouts/purchases-ios-spm/Sources/Networking/HTTPClient/DNSChecker.swift /private/tmp/advoid-readiness-derived/SourcePackages/checkouts/purchases-ios-spm/Sources/Networking/HTTPClient/ETagManager.swift /private/tmp/advoid-readiness-derived/SourcePackages/checkouts/purchases-ios-spm/Sources/Networking/HTTPClient/ErrorResponse.swift /private/tmp/advoid-readiness-derived/SourcePackages/checkouts/purchases-ios-spm/Sources/Networking/HTTPClient/HTTPClient.swift /private/tmp/advoid-readiness-derived/SourcePackages/checkouts/purchases-ios-spm/Sources/Networking/HTTPClient/HTTPRequest.swift /private/tmp/advoid-readiness-derived/SourcePackages/checkouts/purchases-ios-spm/Sources/Networking/HTTPClient/HTTPRequestBody.swift /private/tmp/advoid-readiness-derived/SourcePackages/checkouts/purchases-ios-spm/Sources/Networking/HTTPClient/HTTPRequestPath.swift /private/tmp/advoid-readiness-derived/SourcePackages/checkouts/purchases-ios-spm/Sources/Networking/HTTPClient/HTTPRequestTimeoutManager.swift /private/tmp/advoid-readiness-derived/SourcePackages/checkouts/purchases-ios-spm/Sources/Networking/HTTPClient/HTTPResponse.swift /private/tmp/advoid-readiness-derived/SourcePackages/checkouts/purchases-ios-spm/Sources/Networking/HTTPClient/HTTPResponseBody.swift /private/tmp/advoid-readiness-derived/SourcePackages/checkouts/purchases-ios-spm/Sources/Networking/HTTPClient/HTTPStatusCode.swift /private/tmp/advoid-readiness-derived/SourcePackages/checkouts/purchases-ios-spm/Sources/Networking/HTTPClient/NetworkError.swift /private/tmp/advoid-readiness-derived/SourcePackages/checkouts/purchases-ios-spm/Sources/Networking/HTTPClient/NetworkTimeout.swift /private/tmp/advoid-readiness-derived/SourcePackages/checkouts/purchases-ios-spm/Sources/Networking/HTTPClient/RedirectLoggerTaskDelegate.swift /private/tmp/advoid-readiness-derived/SourcePackages/checkouts/purchases-ios-spm/Sources/Networking/HTTPClient/SimpleNetworkServiceType.swift /private/tmp/advoid-readiness-derived/SourcePackages/checkouts/purchases-ios-spm/Sources/Networking/HTTPClient/TokenManager.swift /private/tmp/advoid-readiness-derived/SourcePackages/checkouts/purchases-ios-spm/Sources/Networking/HTTPClient/URLMessage+Description.swift /private/tmp/advoid-readiness-derived/SourcePackages/checkouts/purchases-ios-spm/Sources/Networking/IdentityAPI.swift /private/tmp/advoid-readiness-derived/SourcePackages/checkouts/purchases-ios-spm/Sources/Networking/InternalAPI.swift /private/tmp/advoid-readiness-derived/SourcePackages/checkouts/purchases-ios-spm/Sources/Networking/OfferingsAPI.swift /private/tmp/advoid-readiness-derived/SourcePackages/checkouts/purchases-ios-spm/Sources/Networking/OfflineEntitlementsAPI.swift /private/tmp/advoid-readiness-derived/SourcePackages/checkouts/purchases-ios-spm/Sources/Networking/Operations/GetCustomerCenterConfigOperation.swift /private/tmp/advoid-readiness-derived/SourcePackages/checkouts/purchases-ios-spm/Sources/Networking/Operations/GetCustomerInfoOperation.swift /private/tmp/advoid-readiness-derived/SourcePackages/checkouts/purchases-ios-spm/Sources/Networking/Operations/GetIntroEligibilityOperation.swift /private/tmp/advoid-readiness-derived/SourcePackages/checkouts/purchases-ios-spm/Sources/Networking/Operations/GetOfferingsOperation.swift /private/tmp/advoid-readiness-derived/SourcePackages/checkouts/purchases-ios-spm/Sources/Networking/Operations/GetProductEntitlementMappingOperation.swift /private/tmp/advoid-readiness-derived/SourcePackages/checkouts/purchases-ios-spm/Sources/Networking/Operations/GetRemoteConfigFallbackOperation.swift /private/tmp/advoid-readiness-derived/SourcePackages/checkouts/purchases-ios-spm/Sources/Networking/Operations/GetRemoteConfigOperation.swift /private/tmp/advoid-readiness-derived/SourcePackages/checkouts/purchases-ios-spm/Sources/Networking/Operations/GetVirtualCurrenciesOperation.swift /private/tmp/advoid-readiness-derived/SourcePackages/checkouts/purchases-ios-spm/Sources/Networking/Operations/GetWebBillingProductsOperation.swift /private/tmp/advoid-readiness-derived/SourcePackages/checkouts/purchases-ios-spm/Sources/Networking/Operations/GetWebOfferingProductsOperation.swift /private/tmp/advoid-readiness-derived/SourcePackages/checkouts/purchases-ios-spm/Sources/Networking/Operations/Handling/CustomerInfoResponseHandler.swift /private/tmp/advoid-readiness-derived/SourcePackages/checkouts/purchases-ios-spm/Sources/Networking/Operations/HealthOperation.swift /private/tmp/advoid-readiness-derived/SourcePackages/checkouts/purchases-ios-spm/Sources/Networking/Operations/HealthReportAvailabilityOperation.swift /private/tmp/advoid-readiness-derived/SourcePackages/checkouts/purchases-ios-spm/Sources/Networking/Operations/HealthReportOperation.swift /private/tmp/advoid-readiness-derived/SourcePackages/checkouts/purchases-ios-spm/Sources/Networking/Operations/LogInOperation.swift /private/tmp/advoid-readiness-derived/SourcePackages/checkouts/purchases-ios-spm/Sources/Networking/Operations/NetworkOperation.swift /private/tmp/advoid-readiness-derived/SourcePackages/checkouts/purchases-ios-spm/Sources/Networking/Operations/PostAdServicesTokenOperation.swift /private/tmp/advoid-readiness-derived/SourcePackages/checkouts/purchases-ios-spm/Sources/Networking/Operations/PostAttributionDataOperation.swift /private/tmp/advoid-readiness-derived/SourcePackages/checkouts/purchases-ios-spm/Sources/Networking/Operations/PostExternalPurchaseTokenOperation.swift /private/tmp/advoid-readiness-derived/SourcePackages/checkouts/purchases-ios-spm/Sources/Networking/Operations/PostHostedCheckoutOperation.swift /private/tmp/advoid-readiness-derived/SourcePackages/checkouts/purchases-ios-spm/Sources/Networking/Operations/PostIsPurchaseAllowedByRestoreBehaviorOperation.swift /private/tmp/advoid-readiness-derived/SourcePackages/checkouts/purchases-ios-spm/Sources/Networking/Operations/PostOfferForSigningOperation.swift /private/tmp/advoid-readiness-derived/SourcePackages/checkouts/purchases-ios-spm/Sources/Networking/Operations/PostReceiptDataOperation.swift /private/tmp/advoid-readiness-derived/SourcePackages/checkouts/purchases-ios-spm/Sources/Networking/Operations/PostRedeemWebPurchaseOperation.swift /private/tmp/advoid-readiness-derived/SourcePackages/checkouts/purchases-ios-spm/Sources/Networking/Operations/PostSubscriberAttributesOperation.swift /private/tmp/advoid-readiness-derived/SourcePackages/checkouts/purchases-ios-spm/Sources/Networking/Operations/SpendVirtualCurrenciesOperation.swift /private/tmp/advoid-readiness-derived/SourcePackages/checkouts/purchases-ios-spm/Sources/Networking/Operations/TokenOperations.swift /private/tmp/advoid-readiness-derived/SourcePackages/checkouts/purchases-ios-spm/Sources/Networking/RCContainer+Compression.swift /private/tmp/advoid-readiness-derived/SourcePackages/checkouts/purchases-ios-spm/Sources/Networking/RCContainer+Element.swift /private/tmp/advoid-readiness-derived/SourcePackages/checkouts/purchases-ios-spm/Sources/Networking/RCContainer+Parser.swift /private/tmp/advoid-readiness-derived/SourcePackages/checkouts/purchases-ios-spm/Sources/Networking/RCContainer.swift /private/tmp/advoid-readiness-derived/SourcePackages/checkouts/purchases-ios-spm/Sources/Networking/RedeemWebPurchaseAPI.swift /private/tmp/advoid-readiness-derived/SourcePackages/checkouts/purchases-ios-spm/Sources/Networking/RemoteConfigAPI.swift /private/tmp/advoid-readiness-derived/SourcePackages/checkouts/purchases-ios-spm/Sources/Networking/RemoteConfigBlobDownloader.swift /private/tmp/advoid-readiness-derived/SourcePackages/checkouts/purchases-ios-spm/Sources/Networking/RemoteConfigBlobFetcher.swift /private/tmp/advoid-readiness-derived/SourcePackages/checkouts/purchases-ios-spm/Sources/Networking/RemoteConfigBlobRefHelpers.swift /private/tmp/advoid-readiness-derived/SourcePackages/checkouts/purchases-ios-spm/Sources/Networking/RemoteConfigBlobStore.swift /private/tmp/advoid-readiness-derived/SourcePackages/checkouts/purchases-ios-spm/Sources/Networking/RemoteConfigDiskCache.swift /private/tmp/advoid-readiness-derived/SourcePackages/checkouts/purchases-ios-spm/Sources/Networking/RemoteConfigFetchContext.swift /private/tmp/advoid-readiness-derived/SourcePackages/checkouts/purchases-ios-spm/Sources/Networking/RemoteConfigManager.swift /private/tmp/advoid-readiness-derived/SourcePackages/checkouts/purchases-ios-spm/Sources/Networking/RemoteConfigSignatureContextProvider.swift /private/tmp/advoid-readiness-derived/SourcePackages/checkouts/purchases-ios-spm/Sources/Networking/RemoteConfigSourceProvider.swift /private/tmp/advoid-readiness-derived/SourcePackages/checkouts/purchases-ios-spm/Sources/Networking/RemoteConfigTopic.swift /private/tmp/advoid-readiness-derived/SourcePackages/checkouts/purchases-ios-spm/Sources/Networking/Responses/CustomerCenterConfigResponse.swift /private/tmp/advoid-readiness-derived/SourcePackages/checkouts/purchases-ios-spm/Sources/Networking/Responses/CustomerInfoResponse.swift /private/tmp/advoid-readiness-derived/SourcePackages/checkouts/purchases-ios-spm/Sources/Networking/Responses/ExternalPurchaseTokenResponse.swift /private/tmp/advoid-readiness-derived/SourcePackages/checkouts/purchases-ios-spm/Sources/Networking/Responses/GetIntroEligibilityResponse.swift /private/tmp/advoid-readiness-derived/SourcePackages/checkouts/purchases-ios-spm/Sources/Networking/Responses/HealthReportAvailabilityResponse.swift /private/tmp/advoid-readiness-derived/SourcePackages/checkouts/purchases-ios-spm/Sources/Networking/Responses/HealthReportResponse.swift /private/tmp/advoid-readiness-derived/SourcePackages/checkouts/purchases-ios-spm/Sources/Networking/Responses/HostedCheckoutResponse.swift /private/tmp/advoid-readiness-derived/SourcePackages/checkouts/purchases-ios-spm/Sources/Networking/Responses/IAMResponses.swift /private/tmp/advoid-readiness-derived/SourcePackages/checkouts/purchases-ios-spm/Sources/Networking/Responses/IsPurchaseAllowedByRestoreBehaviorResponse.swift /private/tmp/advoid-readiness-derived/SourcePackages/checkouts/purchases-ios-spm/Sources/Networking/Responses/OfferingsResponse.swift /private/tmp/advoid-readiness-derived/SourcePackages/checkouts/purchases-ios-spm/Sources/Networking/Responses/PostOfferResponse.swift /private/tmp/advoid-readiness-derived/SourcePackages/checkouts/purchases-ios-spm/Sources/Networking/Responses/ProductEntitlementMappingResponse.swift /private/tmp/advoid-readiness-derived/SourcePackages/checkouts/purchases-ios-spm/Sources/Networking/Responses/RemoteConfiguration.swift /private/tmp/advoid-readiness-derived/SourcePackages/checkouts/purchases-ios-spm/Sources/Networking/Responses/RevenueCatUI/PaywallComponentsData.swift /private/tmp/advoid-readiness-derived/SourcePackages/checkouts/purchases-ios-spm/Sources/Networking/Responses/RevenueCatUI/UIConfig.swift /private/tmp/advoid-readiness-derived/SourcePackages/checkouts/purchases-ios-spm/Sources/Networking/Responses/VirtualCurrenciesResponse.swift /private/tmp/advoid-readiness-derived/SourcePackages/checkouts/purchases-ios-spm/Sources/Networking/Responses/WebBillingProductsResponse.swift /private/tmp/advoid-readiness-derived/SourcePackages/checkouts/purchases-ios-spm/Sources/Networking/Responses/WebOfferingProductsResponse.swift /private/tmp/advoid-readiness-derived/SourcePackages/checkouts/purchases-ios-spm/Sources/Networking/Responses/WorkflowBranch.swift /private/tmp/advoid-readiness-derived/SourcePackages/checkouts/purchases-ios-spm/Sources/Networking/Responses/WorkflowTriggerAction.swift /private/tmp/advoid-readiness-derived/SourcePackages/checkouts/purchases-ios-spm/Sources/Networking/Responses/WorkflowsResponse.swift /private/tmp/advoid-readiness-derived/SourcePackages/checkouts/purchases-ios-spm/Sources/Networking/SourceHealthChecker.swift /private/tmp/advoid-readiness-derived/SourcePackages/checkouts/purchases-ios-spm/Sources/Networking/TokenAPI.swift /private/tmp/advoid-readiness-derived/SourcePackages/checkouts/purchases-ios-spm/Sources/Networking/UiConfigProvider.swift /private/tmp/advoid-readiness-derived/SourcePackages/checkouts/purchases-ios-spm/Sources/Networking/VirtualCurrenciesAPI.swift /private/tmp/advoid-readiness-derived/SourcePackages/checkouts/purchases-ios-spm/Sources/Networking/WebBillingAPI.swift /private/tmp/advoid-readiness-derived/SourcePackages/checkouts/purchases-ios-spm/Sources/Networking/WebBillingHTTPRequestPath.swift /private/tmp/advoid-readiness-derived/SourcePackages/checkouts/purchases-ios-spm/Sources/Networking/WeightedSourceSelector.swift /private/tmp/advoid-readiness-derived/SourcePackages/checkouts/purchases-ios-spm/Sources/Networking/WorkflowsConfigProvider.swift /private/tmp/advoid-readiness-derived/SourcePackages/checkouts/purchases-ios-spm/Sources/OfflineEntitlements/CustomerInfo+OfflineEntitlements.swift /private/tmp/advoid-readiness-derived/SourcePackages/checkouts/purchases-ios-spm/Sources/OfflineEntitlements/OfflineCustomerInfoCreator.swift /private/tmp/advoid-readiness-derived/SourcePackages/checkouts/purchases-ios-spm/Sources/OfflineEntitlements/OfflineEntitlementsManager.swift /private/tmp/advoid-readiness-derived/SourcePackages/checkouts/purchases-ios-spm/Sources/OfflineEntitlements/ProductEntitlementMapping.swift /private/tmp/advoid-readiness-derived/SourcePackages/checkouts/purchases-ios-spm/Sources/OfflineEntitlements/ProductEntitlementMappingFetcher.swift /private/tmp/advoid-readiness-derived/SourcePackages/checkouts/purchases-ios-spm/Sources/OfflineEntitlements/PurchasedProductsFetcher.swift /private/tmp/advoid-readiness-derived/SourcePackages/checkouts/purchases-ios-spm/Sources/OfflineEntitlements/PurchasedSK2Product.swift /private/tmp/advoid-readiness-derived/SourcePackages/checkouts/purchases-ios-spm/Sources/Paywalls/Components/Common/Background.swift /private/tmp/advoid-readiness-derived/SourcePackages/checkouts/purchases-ios-spm/Sources/Paywalls/Components/Common/Border.swift /private/tmp/advoid-readiness-derived/SourcePackages/checkouts/purchases-ios-spm/Sources/Paywalls/Components/Common/ComponentOverrides.swift /private/tmp/advoid-readiness-derived/SourcePackages/checkouts/purchases-ios-spm/Sources/Paywalls/Components/Common/Dimension.swift /private/tmp/advoid-readiness-derived/SourcePackages/checkouts/purchases-ios-spm/Sources/Paywalls/Components/Common/PaywallComponentBase.swift /private/tmp/advoid-readiness-derived/SourcePackages/checkouts/purchases-ios-spm/Sources/Paywalls/Components/Common/PaywallComponentLocalization.swift /private/tmp/advoid-readiness-derived/SourcePackages/checkouts/purchases-ios-spm/Sources/Paywalls/Components/Common/PaywallComponentPropertyTypes.swift /private/tmp/advoid-readiness-derived/SourcePackages/checkouts/purchases-ios-spm/Sources/Paywalls/Components/Common/StateDeclaration.swift /private/tmp/advoid-readiness-derived/SourcePackages/checkouts/purchases-ios-spm/Sources/Paywalls/Components/Common/StateUpdate.swift /private/tmp/advoid-readiness-derived/SourcePackages/checkouts/purchases-ios-spm/Sources/Paywalls/Components/PaywallButtonComponent.swift /private/tmp/advoid-readiness-derived/SourcePackages/checkouts/purchases-ios-spm/Sources/Paywalls/Components/PaywallCarouselComponent.swift /private/tmp/advoid-readiness-derived/SourcePackages/checkouts/purchases-ios-spm/Sources/Paywalls/Components/PaywallCountdownComponent.swift /private/tmp/advoid-readiness-derived/SourcePackages/checkouts/purchases-ios-spm/Sources/Paywalls/Components/PaywallHeaderComponent.swift /private/tmp/advoid-readiness-derived/SourcePackages/checkouts/purchases-ios-spm/Sources/Paywalls/Components/PaywallIconComponent.swift /private/tmp/advoid-readiness-derived/SourcePackages/checkouts/purchases-ios-spm/Sources/Paywalls/Components/PaywallImageComponent.swift /private/tmp/advoid-readiness-derived/SourcePackages/checkouts/purchases-ios-spm/Sources/Paywalls/Components/PaywallPackageComponent.swift /private/tmp/advoid-readiness-derived/SourcePackages/checkouts/purchases-ios-spm/Sources/Paywalls/Components/PaywallPurchaseButtonComponent.swift /private/tmp/advoid-readiness-derived/SourcePackages/checkouts/purchases-ios-spm/Sources/Paywalls/Components/PaywallStackComponent.swift /private/tmp/advoid-readiness-derived/SourcePackages/checkouts/purchases-ios-spm/Sources/Paywalls/Components/PaywallStickyFooterComponent.swift /private/tmp/advoid-readiness-derived/SourcePackages/checkouts/purchases-ios-spm/Sources/Paywalls/Components/PaywallTabsComponent.swift /private/tmp/advoid-readiness-derived/SourcePackages/checkouts/purchases-ios-spm/Sources/Paywalls/Components/PaywallTextComponent.swift /private/tmp/advoid-readiness-derived/SourcePackages/checkouts/purchases-ios-spm/Sources/Paywalls/Components/PaywallTimelineComponent.swift /private/tmp/advoid-readiness-derived/SourcePackages/checkouts/purchases-ios-spm/Sources/Paywalls/Components/PaywallV2CacheWarming.swift /private/tmp/advoid-readiness-derived/SourcePackages/checkouts/purchases-ios-spm/Sources/Paywalls/Components/PaywallVideoComponent.swift /private/tmp/advoid-readiness-derived/SourcePackages/checkouts/purchases-ios-spm/Sources/Paywalls/Components/PaywallWebViewComponent.swift /private/tmp/advoid-readiness-derived/SourcePackages/checkouts/purchases-ios-spm/Sources/Paywalls/Components/Transitions/PaywallAnimation.swift /private/tmp/advoid-readiness-derived/SourcePackages/checkouts/purchases-ios-spm/Sources/Paywalls/Components/Transitions/PaywallTransition.swift /private/tmp/advoid-readiness-derived/SourcePackages/checkouts/purchases-ios-spm/Sources/Paywalls/Events/CustomPaywallEvent.swift /private/tmp/advoid-readiness-derived/SourcePackages/checkouts/purchases-ios-spm/Sources/Paywalls/Events/CustomPaywallImpressionParams.swift /private/tmp/advoid-readiness-derived/SourcePackages/checkouts/purchases-ios-spm/Sources/Paywalls/Events/Networking/EventsRequest+CustomPaywallImpression.swift /private/tmp/advoid-readiness-derived/SourcePackages/checkouts/purchases-ios-spm/Sources/Paywalls/Events/Networking/EventsRequest+Paywall.swift /private/tmp/advoid-readiness-derived/SourcePackages/checkouts/purchases-ios-spm/Sources/Paywalls/Events/PaywallEvent.swift /private/tmp/advoid-readiness-derived/SourcePackages/checkouts/purchases-ios-spm/Sources/Paywalls/Events/WorkflowEvent.swift /private/tmp/advoid-readiness-derived/SourcePackages/checkouts/purchases-ios-spm/Sources/Paywalls/ExitOffer.swift /private/tmp/advoid-readiness-derived/SourcePackages/checkouts/purchases-ios-spm/Sources/Paywalls/Locale+Comparison.swift /private/tmp/advoid-readiness-derived/SourcePackages/checkouts/purchases-ios-spm/Sources/Paywalls/PaywallCacheWarming.swift /private/tmp/advoid-readiness-derived/SourcePackages/checkouts/purchases-ios-spm/Sources/Paywalls/PaywallColor.swift /private/tmp/advoid-readiness-derived/SourcePackages/checkouts/purchases-ios-spm/Sources/Paywalls/PaywallData+Localization.swift /private/tmp/advoid-readiness-derived/SourcePackages/checkouts/purchases-ios-spm/Sources/Paywalls/PaywallData.swift /private/tmp/advoid-readiness-derived/SourcePackages/checkouts/purchases-ios-spm/Sources/Paywalls/PaywallFontManagerType.swift /private/tmp/advoid-readiness-derived/SourcePackages/checkouts/purchases-ios-spm/Sources/Paywalls/PaywallSource.swift /private/tmp/advoid-readiness-derived/SourcePackages/checkouts/purchases-ios-spm/Sources/Paywalls/PaywallViewMode.swift /private/tmp/advoid-readiness-derived/SourcePackages/checkouts/purchases-ios-spm/Sources/Paywalls/SubscriptionHistoryTracker.swift /private/tmp/advoid-readiness-derived/SourcePackages/checkouts/purchases-ios-spm/Sources/Paywalls/WebBundleEventBus.swift /private/tmp/advoid-readiness-derived/SourcePackages/checkouts/purchases-ios-spm/Sources/Paywalls/WebBundleURLBatcher.swift /private/tmp/advoid-readiness-derived/SourcePackages/checkouts/purchases-ios-spm/Sources/Paywalls/WebViewDataStoreIdentifierStore.swift /private/tmp/advoid-readiness-derived/SourcePackages/checkouts/purchases-ios-spm/Sources/Purchasing/CachingProductsManager.swift /private/tmp/advoid-readiness-derived/SourcePackages/checkouts/purchases-ios-spm/Sources/Purchasing/CachingTrialOrIntroPriceEligibilityChecker.swift /private/tmp/advoid-readiness-derived/SourcePackages/checkouts/purchases-ios-spm/Sources/Purchasing/Configuration.swift /private/tmp/advoid-readiness-derived/SourcePackages/checkouts/purchases-ios-spm/Sources/Purchasing/EntitlementInfo.swift /private/tmp/advoid-readiness-derived/SourcePackages/checkouts/purchases-ios-spm/Sources/Purchasing/EntitlementInfos.swift /private/tmp/advoid-readiness-derived/SourcePackages/checkouts/purchases-ios-spm/Sources/Purchasing/ExternalPurchase/ExternalPurchaseCustomLinkType.swift /private/tmp/advoid-readiness-derived/SourcePackages/checkouts/purchases-ios-spm/Sources/Purchasing/ExternalPurchase/ExternalPurchaseFlow.swift /private/tmp/advoid-readiness-derived/SourcePackages/checkouts/purchases-ios-spm/Sources/Purchasing/ExternalPurchase/ExternalPurchaseLinkResult.swift /private/tmp/advoid-readiness-derived/SourcePackages/checkouts/purchases-ios-spm/Sources/Purchasing/ExternalPurchase/ExternalPurchaseManager.swift /private/tmp/advoid-readiness-derived/SourcePackages/checkouts/purchases-ios-spm/Sources/Purchasing/ExternalPurchase/ExternalPurchaseNotice.swift /private/tmp/advoid-readiness-derived/SourcePackages/checkouts/purchases-ios-spm/Sources/Purchasing/ExternalPurchase/ExternalPurchaseTokenType.swift /private/tmp/advoid-readiness-derived/SourcePackages/checkouts/purchases-ios-spm/Sources/Purchasing/ExternalPurchase/StoreKitExternalPurchaseCustomLink.swift /private/tmp/advoid-readiness-derived/SourcePackages/checkouts/purchases-ios-spm/Sources/Purchasing/HostedCheckout/HostedCheckoutManager.swift /private/tmp/advoid-readiness-derived/SourcePackages/checkouts/purchases-ios-spm/Sources/Purchasing/HostedCheckout/HostedCheckoutSession.swift /private/tmp/advoid-readiness-derived/SourcePackages/checkouts/purchases-ios-spm/Sources/Purchasing/InstallmentsInfo.swift /private/tmp/advoid-readiness-derived/SourcePackages/checkouts/purchases-ios-spm/Sources/Purchasing/InstallmentsInfoFactory.swift /private/tmp/advoid-readiness-derived/SourcePackages/checkouts/purchases-ios-spm/Sources/Purchasing/IntroEligibility.swift /private/tmp/advoid-readiness-derived/SourcePackages/checkouts/purchases-ios-spm/Sources/Purchasing/IntroEligibilityCalculator.swift /private/tmp/advoid-readiness-derived/SourcePackages/checkouts/purchases-ios-spm/Sources/Purchasing/NonSubscriptionTransaction.swift /private/tmp/advoid-readiness-derived/SourcePackages/checkouts/purchases-ios-spm/Sources/Purchasing/Offering.swift /private/tmp/advoid-readiness-derived/SourcePackages/checkouts/purchases-ios-spm/Sources/Purchasing/Offerings.swift /private/tmp/advoid-readiness-derived/SourcePackages/checkouts/purchases-ios-spm/Sources/Purchasing/OfferingsFactory.swift /private/tmp/advoid-readiness-derived/SourcePackages/checkouts/purchases-ios-spm/Sources/Purchasing/OfferingsManager.swift /private/tmp/advoid-readiness-derived/SourcePackages/checkouts/purchases-ios-spm/Sources/Purchasing/Package.swift /private/tmp/advoid-readiness-derived/SourcePackages/checkouts/purchases-ios-spm/Sources/Purchasing/PackageType.swift /private/tmp/advoid-readiness-derived/SourcePackages/checkouts/purchases-ios-spm/Sources/Purchasing/ProductRequestData+Initialization.swift /private/tmp/advoid-readiness-derived/SourcePackages/checkouts/purchases-ios-spm/Sources/Purchasing/ProductRequestData.swift /private/tmp/advoid-readiness-derived/SourcePackages/checkouts/purchases-ios-spm/Sources/Purchasing/ProductsManager.swift /private/tmp/advoid-readiness-derived/SourcePackages/checkouts/purchases-ios-spm/Sources/Purchasing/ProductsManagerFactory.swift /private/tmp/advoid-readiness-derived/SourcePackages/checkouts/purchases-ios-spm/Sources/Purchasing/ProductsManagerType.swift /private/tmp/advoid-readiness-derived/SourcePackages/checkouts/purchases-ios-spm/Sources/Purchasing/ProductsRequestFactory.swift /private/tmp/advoid-readiness-derived/SourcePackages/checkouts/purchases-ios-spm/Sources/Purchasing/PurchaseOwnershipType.swift /private/tmp/advoid-readiness-derived/SourcePackages/checkouts/purchases-ios-spm/Sources/Purchasing/Purchases/Attribution.swift /private/tmp/advoid-readiness-derived/SourcePackages/checkouts/purchases-ios-spm/Sources/Purchasing/Purchases/ConfiguredStoreEnvironment.swift /private/tmp/advoid-readiness-derived/SourcePackages/checkouts/purchases-ios-spm/Sources/Purchasing/Purchases/LocalTransactionMetadata.swift /private/tmp/advoid-readiness-derived/SourcePackages/checkouts/purchases-ios-spm/Sources/Purchasing/Purchases/LocalTransactionMetadataStore.swift /private/tmp/advoid-readiness-derived/SourcePackages/checkouts/purchases-ios-spm/Sources/Purchasing/Purchases/PurchaseParams.swift /private/tmp/advoid-readiness-derived/SourcePackages/checkouts/purchases-ios-spm/Sources/Purchasing/Purchases/Purchases.swift /private/tmp/advoid-readiness-derived/SourcePackages/checkouts/purchases-ios-spm/Sources/Purchasing/Purchases/PurchasesAreCompletedBy.swift /private/tmp/advoid-readiness-derived/SourcePackages/checkouts/purchases-ios-spm/Sources/Purchasing/Purchases/PurchasesConfiguredNotifier.swift /private/tmp/advoid-readiness-derived/SourcePackages/checkouts/purchases-ios-spm/Sources/Purchasing/Purchases/PurchasesDelegate.swift /private/tmp/advoid-readiness-derived/SourcePackages/checkouts/purchases-ios-spm/Sources/Purchasing/Purchases/PurchasesOrchestrator.swift /private/tmp/advoid-readiness-derived/SourcePackages/checkouts/purchases-ios-spm/Sources/Purchasing/Purchases/PurchasesType.swift /private/tmp/advoid-readiness-derived/SourcePackages/checkouts/purchases-ios-spm/Sources/Purchasing/Purchases/TransactionMetadataSyncHelper.swift /private/tmp/advoid-readiness-derived/SourcePackages/checkouts/purchases-ios-spm/Sources/Purchasing/Purchases/TransactionNotifications.swift /private/tmp/advoid-readiness-derived/SourcePackages/checkouts/purchases-ios-spm/Sources/Purchasing/Purchases/TransactionPoster.swift /private/tmp/advoid-readiness-derived/SourcePackages/checkouts/purchases-ios-spm/Sources/Purchasing/ReceiptFetcher.swift /private/tmp/advoid-readiness-derived/SourcePackages/checkouts/purchases-ios-spm/Sources/Purchasing/ReceiptRefreshPolicy.swift /private/tmp/advoid-readiness-derived/SourcePackages/checkouts/purchases-ios-spm/Sources/Purchasing/SimulatedStore/SimulatedStoreProduct.swift /private/tmp/advoid-readiness-derived/SourcePackages/checkouts/purchases-ios-spm/Sources/Purchasing/SimulatedStore/SimulatedStoreProductsManager.swift /private/tmp/advoid-readiness-derived/SourcePackages/checkouts/purchases-ios-spm/Sources/Purchasing/SimulatedStore/SimulatedStorePurchaseHandler.swift /private/tmp/advoid-readiness-derived/SourcePackages/checkouts/purchases-ios-spm/Sources/Purchasing/SimulatedStore/SimulatedStorePurchaseUI.swift /private/tmp/advoid-readiness-derived/SourcePackages/checkouts/purchases-ios-spm/Sources/Purchasing/SimulatedStore/SimulatedStoreTransaction.swift /private/tmp/advoid-readiness-derived/SourcePackages/checkouts/purchases-ios-spm/Sources/Purchasing/SimulatedStore/SimulatedStoreTransactionFetcher.swift /private/tmp/advoid-readiness-derived/SourcePackages/checkouts/purchases-ios-spm/Sources/Purchasing/SimulatedStore/WebBillingProduct+SimulatedStoreProduct.swift /private/tmp/advoid-readiness-derived/SourcePackages/checkouts/purchases-ios-spm/Sources/Purchasing/StoreKit1/PaymentQueueWrapper.swift /private/tmp/advoid-readiness-derived/SourcePackages/checkouts/purchases-ios-spm/Sources/Purchasing/StoreKit1/ProductsFetcherSK1.swift /private/tmp/advoid-readiness-derived/SourcePackages/checkouts/purchases-ios-spm/Sources/Purchasing/StoreKit1/StoreKit1Wrapper.swift /private/tmp/advoid-readiness-derived/SourcePackages/checkouts/purchases-ios-spm/Sources/Purchasing/StoreKit1/StoreKitRequestFetcher.swift /private/tmp/advoid-readiness-derived/SourcePackages/checkouts/purchases-ios-spm/Sources/Purchasing/StoreKit2/Observer\ Mode/StoreKit2ObserverModePurchaseDetector.swift /private/tmp/advoid-readiness-derived/SourcePackages/checkouts/purchases-ios-spm/Sources/Purchasing/StoreKit2/Products\ with\ Billing\ Plans/CompoundProductIdentifier.swift /private/tmp/advoid-readiness-derived/SourcePackages/checkouts/purchases-ios-spm/Sources/Purchasing/StoreKit2/Products\ with\ Billing\ Plans/CompoundProductIdentifierResolver.swift /private/tmp/advoid-readiness-derived/SourcePackages/checkouts/purchases-ios-spm/Sources/Purchasing/StoreKit2/ProductsFetcherSK2.swift /private/tmp/advoid-readiness-derived/SourcePackages/checkouts/purchases-ios-spm/Sources/Purchasing/StoreKit2/SK2AppTransaction.swift /private/tmp/advoid-readiness-derived/SourcePackages/checkouts/purchases-ios-spm/Sources/Purchasing/StoreKit2/SK2BeginRefundRequestHelper.swift /private/tmp/advoid-readiness-derived/SourcePackages/checkouts/purchases-ios-spm/Sources/Purchasing/StoreKit2/StoreKit2ConfirmInOptions.swift /private/tmp/advoid-readiness-derived/SourcePackages/checkouts/purchases-ios-spm/Sources/Purchasing/StoreKit2/StoreKit2ProductPurchaser.swift /private/tmp/advoid-readiness-derived/SourcePackages/checkouts/purchases-ios-spm/Sources/Purchasing/StoreKit2/StoreKit2PromotionalOfferPurchaseOptions.swift /private/tmp/advoid-readiness-derived/SourcePackages/checkouts/purchases-ios-spm/Sources/Purchasing/StoreKit2/StoreKit2PurchaseIntentListener.swift /private/tmp/advoid-readiness-derived/SourcePackages/checkouts/purchases-ios-spm/Sources/Purchasing/StoreKit2/StoreKit2Receipt.swift /private/tmp/advoid-readiness-derived/SourcePackages/checkouts/purchases-ios-spm/Sources/Purchasing/StoreKit2/StoreKit2StorefrontListener.swift /private/tmp/advoid-readiness-derived/SourcePackages/checkouts/purchases-ios-spm/Sources/Purchasing/StoreKit2/StoreKit2TransactionFetcher.swift /private/tmp/advoid-readiness-derived/SourcePackages/checkouts/purchases-ios-spm/Sources/Purchasing/StoreKit2/StoreKit2TransactionListener.swift /private/tmp/advoid-readiness-derived/SourcePackages/checkouts/purchases-ios-spm/Sources/Purchasing/StoreKit2/Win-Back\ Offers/WinBackEligibilityAdapters.swift /private/tmp/advoid-readiness-derived/SourcePackages/checkouts/purchases-ios-spm/Sources/Purchasing/StoreKit2/Win-Back\ Offers/WinBackOfferEligibilityCalculator.swift /private/tmp/advoid-readiness-derived/SourcePackages/checkouts/purchases-ios-spm/Sources/Purchasing/StoreKit2/Win-Back\ Offers/WinBackOfferEligibilityCalculatorType.swift /private/tmp/advoid-readiness-derived/SourcePackages/checkouts/purchases-ios-spm/Sources/Purchasing/StoreKitAbstractions/BillingPlanType.swift /private/tmp/advoid-readiness-derived/SourcePackages/checkouts/purchases-ios-spm/Sources/Purchasing/StoreKitAbstractions/EncodedAppleReceipt.swift /private/tmp/advoid-readiness-derived/SourcePackages/checkouts/purchases-ios-spm/Sources/Purchasing/StoreKitAbstractions/ProductType.swift /private/tmp/advoid-readiness-derived/SourcePackages/checkouts/purchases-ios-spm/Sources/Purchasing/StoreKitAbstractions/PromotionalOffer.swift /private/tmp/advoid-readiness-derived/SourcePackages/checkouts/purchases-ios-spm/Sources/Purchasing/StoreKitAbstractions/RevocationReason.swift /private/tmp/advoid-readiness-derived/SourcePackages/checkouts/purchases-ios-spm/Sources/Purchasing/StoreKitAbstractions/SK1StoreProduct.swift /private/tmp/advoid-readiness-derived/SourcePackages/checkouts/purchases-ios-spm/Sources/Purchasing/StoreKitAbstractions/SK1StoreProductDiscount.swift /private/tmp/advoid-readiness-derived/SourcePackages/checkouts/purchases-ios-spm/Sources/Purchasing/StoreKitAbstractions/SK1StoreTransaction.swift /private/tmp/advoid-readiness-derived/SourcePackages/checkouts/purchases-ios-spm/Sources/Purchasing/StoreKitAbstractions/SK1Storefront.swift /private/tmp/advoid-readiness-derived/SourcePackages/checkouts/purchases-ios-spm/Sources/Purchasing/StoreKitAbstractions/SK2StoreProduct.swift /private/tmp/advoid-readiness-derived/SourcePackages/checkouts/purchases-ios-spm/Sources/Purchasing/StoreKitAbstractions/SK2StoreProductDiscount.swift /private/tmp/advoid-readiness-derived/SourcePackages/checkouts/purchases-ios-spm/Sources/Purchasing/StoreKitAbstractions/SK2StoreTransaction.swift /private/tmp/advoid-readiness-derived/SourcePackages/checkouts/purchases-ios-spm/Sources/Purchasing/StoreKitAbstractions/SK2Storefront.swift /private/tmp/advoid-readiness-derived/SourcePackages/checkouts/purchases-ios-spm/Sources/Purchasing/StoreKitAbstractions/StoreEnvironment.swift /private/tmp/advoid-readiness-derived/SourcePackages/checkouts/purchases-ios-spm/Sources/Purchasing/StoreKitAbstractions/StoreKitWorkarounds.swift /private/tmp/advoid-readiness-derived/SourcePackages/checkouts/purchases-ios-spm/Sources/Purchasing/StoreKitAbstractions/StoreProduct.swift /private/tmp/advoid-readiness-derived/SourcePackages/checkouts/purchases-ios-spm/Sources/Purchasing/StoreKitAbstractions/StoreProductDiscount.swift /private/tmp/advoid-readiness-derived/SourcePackages/checkouts/purchases-ios-spm/Sources/Purchasing/StoreKitAbstractions/StoreTransaction.swift /private/tmp/advoid-readiness-derived/SourcePackages/checkouts/purchases-ios-spm/Sources/Purchasing/StoreKitAbstractions/Storefront.swift /private/tmp/advoid-readiness-derived/SourcePackages/checkouts/purchases-ios-spm/Sources/Purchasing/StoreKitAbstractions/StorefrontProvider.swift /private/tmp/advoid-readiness-derived/SourcePackages/checkouts/purchases-ios-spm/Sources/Purchasing/StoreKitAbstractions/SubscriptionPeriod.swift /private/tmp/advoid-readiness-derived/SourcePackages/checkouts/purchases-ios-spm/Sources/Purchasing/StoreKitAbstractions/Test\ Data/TestStoreProduct.swift /private/tmp/advoid-readiness-derived/SourcePackages/checkouts/purchases-ios-spm/Sources/Purchasing/StoreKitAbstractions/Test\ Data/TestStoreProductDiscount.swift /private/tmp/advoid-readiness-derived/SourcePackages/checkouts/purchases-ios-spm/Sources/Purchasing/StoreKitAbstractions/TestStoreTransaction.swift /private/tmp/advoid-readiness-derived/SourcePackages/checkouts/purchases-ios-spm/Sources/Purchasing/StoreKitAbstractions/TransactionReason.swift /private/tmp/advoid-readiness-derived/SourcePackages/checkouts/purchases-ios-spm/Sources/Purchasing/StoreKitAbstractions/WinBackOffer.swift /private/tmp/advoid-readiness-derived/SourcePackages/checkouts/purchases-ios-spm/Sources/Purchasing/TransactionsFactory.swift /private/tmp/advoid-readiness-derived/SourcePackages/checkouts/purchases-ios-spm/Sources/Purchasing/TransactionsManager.swift /private/tmp/advoid-readiness-derived/SourcePackages/checkouts/purchases-ios-spm/Sources/Purchasing/TrialOrIntroPriceEligibilityChecker.swift /private/tmp/advoid-readiness-derived/SourcePackages/checkouts/purchases-ios-spm/Sources/Purchasing/WorkflowManager.swift /private/tmp/advoid-readiness-derived/SourcePackages/checkouts/purchases-ios-spm/Sources/RulesEngine/CustomOperators/CaseOperators.swift /private/tmp/advoid-readiness-derived/SourcePackages/checkouts/purchases-ios-spm/Sources/RulesEngine/CustomOperators/CustomOperators.swift /private/tmp/advoid-readiness-derived/SourcePackages/checkouts/purchases-ios-spm/Sources/RulesEngine/CustomOperators/EntriesOperators.swift /private/tmp/advoid-readiness-derived/SourcePackages/checkouts/purchases-ios-spm/Sources/RulesEngine/CustomOperators/LetOperator.swift /private/tmp/advoid-readiness-derived/SourcePackages/checkouts/purchases-ios-spm/Sources/RulesEngine/CustomOperators/RegexOperators.swift /private/tmp/advoid-readiness-derived/SourcePackages/checkouts/purchases-ios-spm/Sources/RulesEngine/CustomOperators/RootVarOperator.swift /private/tmp/advoid-readiness-derived/SourcePackages/checkouts/purchases-ios-spm/Sources/RulesEngine/CustomOperators/SemverOperator.swift /private/tmp/advoid-readiness-derived/SourcePackages/checkouts/purchases-ios-spm/Sources/RulesEngine/CustomOperators/SliceOperator.swift /private/tmp/advoid-readiness-derived/SourcePackages/checkouts/purchases-ios-spm/Sources/RulesEngine/CustomOperators/SortByOperator.swift /private/tmp/advoid-readiness-derived/SourcePackages/checkouts/purchases-ios-spm/Sources/RulesEngine/CustomOperators/SplitOperator.swift /private/tmp/advoid-readiness-derived/SourcePackages/checkouts/purchases-ios-spm/Sources/RulesEngine/EvaluationError.swift /private/tmp/advoid-readiness-derived/SourcePackages/checkouts/purchases-ios-spm/Sources/RulesEngine/Evaluator.swift /private/tmp/advoid-readiness-derived/SourcePackages/checkouts/purchases-ios-spm/Sources/RulesEngine/ObjectValue.swift /private/tmp/advoid-readiness-derived/SourcePackages/checkouts/purchases-ios-spm/Sources/RulesEngine/Operators/AccessorOperators.swift /private/tmp/advoid-readiness-derived/SourcePackages/checkouts/purchases-ios-spm/Sources/RulesEngine/Operators/ArithmeticOperators.swift /private/tmp/advoid-readiness-derived/SourcePackages/checkouts/purchases-ios-spm/Sources/RulesEngine/Operators/ComparisonOperators.swift /private/tmp/advoid-readiness-derived/SourcePackages/checkouts/purchases-ios-spm/Sources/RulesEngine/Operators/EqualityOperators.swift /private/tmp/advoid-readiness-derived/SourcePackages/checkouts/purchases-ios-spm/Sources/RulesEngine/Operators/IterationOperators.swift /private/tmp/advoid-readiness-derived/SourcePackages/checkouts/purchases-ios-spm/Sources/RulesEngine/Operators/LogicOperators.swift /private/tmp/advoid-readiness-derived/SourcePackages/checkouts/purchases-ios-spm/Sources/RulesEngine/Operators/MinMaxOperators.swift /private/tmp/advoid-readiness-derived/SourcePackages/checkouts/purchases-ios-spm/Sources/RulesEngine/Operators/MiscOperators.swift /private/tmp/advoid-readiness-derived/SourcePackages/checkouts/purchases-ios-spm/Sources/RulesEngine/Operators/Operators.swift /private/tmp/advoid-readiness-derived/SourcePackages/checkouts/purchases-ios-spm/Sources/RulesEngine/Operators/StringArrayOperators.swift /private/tmp/advoid-readiness-derived/SourcePackages/checkouts/purchases-ios-spm/Sources/RulesEngine/RulesEngine.swift /private/tmp/advoid-readiness-derived/SourcePackages/checkouts/purchases-ios-spm/Sources/RulesEngine/RulesEngineEvaluate.swift /private/tmp/advoid-readiness-derived/SourcePackages/checkouts/purchases-ios-spm/Sources/RulesEngine/RulesEngineLogger.swift /private/tmp/advoid-readiness-derived/SourcePackages/checkouts/purchases-ios-spm/Sources/RulesEngine/Scope.swift /private/tmp/advoid-readiness-derived/SourcePackages/checkouts/purchases-ios-spm/Sources/RulesEngine/Value+JSON.swift /private/tmp/advoid-readiness-derived/SourcePackages/checkouts/purchases-ios-spm/Sources/RulesEngine/Value.swift /private/tmp/advoid-readiness-derived/SourcePackages/checkouts/purchases-ios-spm/Sources/Security/FakeSigning.swift /private/tmp/advoid-readiness-derived/SourcePackages/checkouts/purchases-ios-spm/Sources/Security/HTTPRequest+Signing.swift /private/tmp/advoid-readiness-derived/SourcePackages/checkouts/purchases-ios-spm/Sources/Security/HTTPRequestBody+Signing.swift /private/tmp/advoid-readiness-derived/SourcePackages/checkouts/purchases-ios-spm/Sources/Security/Keychain.swift /private/tmp/advoid-readiness-derived/SourcePackages/checkouts/purchases-ios-spm/Sources/Security/Signing+ResponseVerification.swift /private/tmp/advoid-readiness-derived/SourcePackages/checkouts/purchases-ios-spm/Sources/Security/Signing.swift /private/tmp/advoid-readiness-derived/SourcePackages/checkouts/purchases-ios-spm/Sources/Security/VerificationResult.swift /private/tmp/advoid-readiness-derived/SourcePackages/checkouts/purchases-ios-spm/Sources/SubscriberAttributes/AttributionDataMigrator.swift /private/tmp/advoid-readiness-derived/SourcePackages/checkouts/purchases-ios-spm/Sources/SubscriberAttributes/AttributionKey.swift /private/tmp/advoid-readiness-derived/SourcePackages/checkouts/purchases-ios-spm/Sources/SubscriberAttributes/ReservedSubscriberAttributes.swift /private/tmp/advoid-readiness-derived/SourcePackages/checkouts/purchases-ios-spm/Sources/SubscriberAttributes/SubscriberAttribute.swift /private/tmp/advoid-readiness-derived/SourcePackages/checkouts/purchases-ios-spm/Sources/SubscriberAttributes/SubscriberAttributesManager+Appstack.swift /private/tmp/advoid-readiness-derived/SourcePackages/checkouts/purchases-ios-spm/Sources/SubscriberAttributes/SubscriberAttributesManager.swift /private/tmp/advoid-readiness-derived/SourcePackages/checkouts/purchases-ios-spm/Sources/Support/BeginRefundRequestHelper.swift /private/tmp/advoid-readiness-derived/SourcePackages/checkouts/purchases-ios-spm/Sources/Support/DebugUI/DebugContentViews.swift /private/tmp/advoid-readiness-derived/SourcePackages/checkouts/purchases-ios-spm/Sources/Support/DebugUI/DebugView.swift /private/tmp/advoid-readiness-derived/SourcePackages/checkouts/purchases-ios-spm/Sources/Support/DebugUI/DebugViewController.swift /private/tmp/advoid-readiness-derived/SourcePackages/checkouts/purchases-ios-spm/Sources/Support/DebugUI/DebugViewModel.swift /private/tmp/advoid-readiness-derived/SourcePackages/checkouts/purchases-ios-spm/Sources/Support/DebugUI/DebugViewSheetPresentation.swift /private/tmp/advoid-readiness-derived/SourcePackages/checkouts/purchases-ios-spm/Sources/Support/DebugUI/ProductStatus+Icon.swift /private/tmp/advoid-readiness-derived/SourcePackages/checkouts/purchases-ios-spm/Sources/Support/DebugUI/SDKHealthCheckStatus+Icon.swift /private/tmp/advoid-readiness-derived/SourcePackages/checkouts/purchases-ios-spm/Sources/Support/DebugUI/SDKHealthStatus+Icon.swift /private/tmp/advoid-readiness-derived/SourcePackages/checkouts/purchases-ios-spm/Sources/Support/FrameworkDisambiguation.swift /private/tmp/advoid-readiness-derived/SourcePackages/checkouts/purchases-ios-spm/Sources/Support/HealthReport+Validate.swift /private/tmp/advoid-readiness-derived/SourcePackages/checkouts/purchases-ios-spm/Sources/Support/ManageSubscriptionsHelper.swift /private/tmp/advoid-readiness-derived/SourcePackages/checkouts/purchases-ios-spm/Sources/Support/PaymentAuthorizationProvider.swift /private/tmp/advoid-readiness-derived/SourcePackages/checkouts/purchases-ios-spm/Sources/Support/PaywallExtensions.swift /private/tmp/advoid-readiness-derived/SourcePackages/checkouts/purchases-ios-spm/Sources/Support/PurchasesDiagnostics.swift /private/tmp/advoid-readiness-derived/SourcePackages/checkouts/purchases-ios-spm/Sources/Support/SDKHealthError+CustomNSError.swift /private/tmp/advoid-readiness-derived/SourcePackages/checkouts/purchases-ios-spm/Sources/Support/SDKHealthManager.swift /private/tmp/advoid-readiness-derived/SourcePackages/checkouts/purchases-ios-spm/Sources/Support/StoreMessageType.swift /private/tmp/advoid-readiness-derived/SourcePackages/checkouts/purchases-ios-spm/Sources/Support/StoreMessagesHelper.swift /private/tmp/advoid-readiness-derived/SourcePackages/checkouts/purchases-ios-spm/Sources/Support/SwiftVersionCheck.swift /private/tmp/advoid-readiness-derived/SourcePackages/checkouts/purchases-ios-spm/Sources/Virtual\ Currencies/VirtualCurrencies.swift /private/tmp/advoid-readiness-derived/SourcePackages/checkouts/purchases-ios-spm/Sources/Virtual\ Currencies/VirtualCurrency.swift /private/tmp/advoid-readiness-derived/SourcePackages/checkouts/purchases-ios-spm/Sources/Virtual\ Currencies/VirtualCurrencyManager.swift /private/tmp/advoid-readiness-derived/SourcePackages/checkouts/purchases-ios-spm/Sources/WebPurchaseRedemption/URL+WebPurchaseRedemption.swift /private/tmp/advoid-readiness-derived/SourcePackages/checkouts/purchases-ios-spm/Sources/WebPurchaseRedemption/WebPurchaseRedemption.swift /private/tmp/advoid-readiness-derived/SourcePackages/checkouts/purchases-ios-spm/Sources/WebPurchaseRedemption/WebPurchaseRedemptionHelper.swift /private/tmp/advoid-readiness-derived/SourcePackages/checkouts/purchases-ios-spm/Sources/WebPurchaseRedemption/WebPurchaseRedemptionResult.swift /Applications/Xcode.app/Contents/Developer/Toolchains/XcodeDefault.xctoolchain/usr/lib/swift/iphoneos/prebuilt-modules/27.0/Darwin.swiftmodule/arm64e-apple-ios.swiftmodule /Applications/Xcode.app/Contents/Developer/Toolchains/XcodeDefault.xctoolchain/usr/lib/swift/iphoneos/prebuilt-modules/27.0/FileProvider.swiftmodule/arm64e-apple-ios.swiftmodule /Applications/Xcode.app/Contents/Developer/Toolchains/XcodeDefault.xctoolchain/usr/lib/swift/iphoneos/prebuilt-modules/27.0/BackgroundAssets.swiftmodule/arm64e-apple-ios.swiftmodule /Applications/Xcode.app/Contents/Developer/Toolchains/XcodeDefault.xctoolchain/usr/lib/swift/iphoneos/prebuilt-modules/27.0/Foundation.swiftmodule/arm64e-apple-ios.swiftmodule /Applications/Xcode.app/Contents/Developer/Toolchains/XcodeDefault.xctoolchain/usr/lib/swift/iphoneos/prebuilt-modules/27.0/CryptoKit.swiftmodule/arm64e-apple-ios.swiftmodule /Applications/Xcode.app/Contents/Developer/Toolchains/XcodeDefault.xctoolchain/usr/lib/swift/iphoneos/prebuilt-modules/27.0/CoreVideo.swiftmodule/arm64e-apple-ios.swiftmodule /Applications/Xcode.app/Contents/Developer/Toolchains/XcodeDefault.xctoolchain/usr/lib/swift/iphoneos/prebuilt-modules/27.0/CoreText.swiftmodule/arm64e-apple-ios.swiftmodule /Applications/Xcode.app/Contents/Developer/Toolchains/XcodeDefault.xctoolchain/usr/lib/swift/iphoneos/prebuilt-modules/27.0/XPC.swiftmodule/arm64e-apple-ios.swiftmodule /Applications/Xcode.app/Contents/Developer/Toolchains/XcodeDefault.xctoolchain/usr/lib/swift/iphoneos/prebuilt-modules/27.0/_Builtin_float.swiftmodule/arm64e-apple-ios.swiftmodule /Applications/Xcode.app/Contents/Developer/Toolchains/XcodeDefault.xctoolchain/usr/lib/swift/iphoneos/prebuilt-modules/27.0/LocalAuthentication.swiftmodule/arm64e-apple-ios.swiftmodule /Applications/Xcode.app/Contents/Developer/Toolchains/XcodeDefault.xctoolchain/usr/lib/swift/iphoneos/prebuilt-modules/27.0/_DarwinFoundation1.swiftmodule/arm64e-apple-ios.swiftmodule /Applications/Xcode.app/Contents/Developer/Toolchains/XcodeDefault.xctoolchain/usr/lib/swift/iphoneos/prebuilt-modules/27.0/Distributed.swiftmodule/arm64e-apple-ios.swiftmodule /Applications/Xcode.app/Contents/Developer/Toolchains/XcodeDefault.xctoolchain/usr/lib/swift/iphoneos/prebuilt-modules/27.0/Accessibility.swiftmodule/arm64e-apple-ios.swiftmodule /Applications/Xcode.app/Contents/Developer/Toolchains/XcodeDefault.xctoolchain/usr/lib/swift/iphoneos/prebuilt-modules/27.0/Spatial.swiftmodule/arm64e-apple-ios.swiftmodule /Applications/Xcode.app/Contents/Developer/Toolchains/XcodeDefault.xctoolchain/usr/lib/swift/iphoneos/prebuilt-modules/27.0/OSLog.swiftmodule/arm64e-apple-ios.swiftmodule /Applications/Xcode.app/Contents/Developer/Toolchains/XcodeDefault.xctoolchain/usr/lib/swift/iphoneos/prebuilt-modules/27.0/DeveloperToolsSupport.swiftmodule/arm64e-apple-ios.swiftmodule /Applications/Xcode.app/Contents/Developer/Toolchains/XcodeDefault.xctoolchain/usr/lib/swift/iphoneos/prebuilt-modules/27.0/Metal.swiftmodule/arm64e-apple-ios.swiftmodule /Applications/Xcode.app/Contents/Developer/Toolchains/XcodeDefault.xctoolchain/usr/lib/swift/iphoneos/prebuilt-modules/27.0/SwiftUICore.swiftmodule/arm64e-apple-ios.swiftmodule /Applications/Xcode.app/Contents/Developer/Toolchains/XcodeDefault.xctoolchain/usr/lib/swift/iphoneos/prebuilt-modules/27.0/os.swiftmodule/arm64e-apple-ios.swiftmodule /Applications/Xcode.app/Contents/Developer/Toolchains/XcodeDefault.xctoolchain/usr/lib/swift/iphoneos/prebuilt-modules/27.0/Dispatch.swiftmodule/arm64e-apple-ios.swiftmodule /Applications/Xcode.app/Contents/Developer/Toolchains/XcodeDefault.xctoolchain/usr/lib/swift/iphoneos/prebuilt-modules/27.0/_StringProcessing.swiftmodule/arm64e-apple-ios.swiftmodule /Applications/Xcode.app/Contents/Developer/Toolchains/XcodeDefault.xctoolchain/usr/lib/swift/iphoneos/prebuilt-modules/27.0/CoreGraphics.swiftmodule/arm64e-apple-ios.swiftmodule /Applications/Xcode.app/Contents/Developer/Toolchains/XcodeDefault.xctoolchain/usr/lib/swift/iphoneos/prebuilt-modules/27.0/QuartzCore.swiftmodule/arm64e-apple-ios.swiftmodule /Applications/Xcode.app/Contents/Developer/Toolchains/XcodeDefault.xctoolchain/usr/lib/swift/iphoneos/prebuilt-modules/27.0/UIKit.swiftmodule/arm64e-apple-ios.swiftmodule /Applications/Xcode.app/Contents/Developer/Toolchains/XcodeDefault.xctoolchain/usr/lib/swift/iphoneos/prebuilt-modules/27.0/CoreData.swiftmodule/arm64e-apple-ios.swiftmodule /Applications/Xcode.app/Contents/Developer/Toolchains/XcodeDefault.xctoolchain/usr/lib/swift/iphoneos/prebuilt-modules/27.0/SwiftUI.swiftmodule/arm64e-apple-ios.swiftmodule /Applications/Xcode.app/Contents/Developer/Toolchains/XcodeDefault.xctoolchain/usr/lib/swift/iphoneos/prebuilt-modules/27.0/_StoreKit_SwiftUI.swiftmodule/arm64e-apple-ios.swiftmodule /Applications/Xcode.app/Contents/Developer/Toolchains/XcodeDefault.xctoolchain/usr/lib/swift/iphoneos/prebuilt-modules/27.0/Symbols.swiftmodule/arm64e-apple-ios.swiftmodule /Applications/Xcode.app/Contents/Developer/Toolchains/XcodeDefault.xctoolchain/usr/lib/swift/iphoneos/prebuilt-modules/27.0/simd.swiftmodule/arm64e-apple-ios.swiftmodule /Applications/Xcode.app/Contents/Developer/Toolchains/XcodeDefault.xctoolchain/usr/lib/swift/iphoneos/prebuilt-modules/27.0/DataDetection.swiftmodule/arm64e-apple-ios.swiftmodule /Applications/Xcode.app/Contents/Developer/Toolchains/XcodeDefault.xctoolchain/usr/lib/swift/iphoneos/prebuilt-modules/27.0/_DarwinFoundation3.swiftmodule/arm64e-apple-ios.swiftmodule /Applications/Xcode.app/Contents/Developer/Toolchains/XcodeDefault.xctoolchain/usr/lib/swift/iphoneos/prebuilt-modules/27.0/UniformTypeIdentifiers.swiftmodule/arm64e-apple-ios.swiftmodule /Applications/Xcode.app/Contents/Developer/Toolchains/XcodeDefault.xctoolchain/usr/lib/swift/iphoneos/prebuilt-modules/27.0/Compression.swiftmodule/arm64e-apple-ios.swiftmodule /Applications/Xcode.app/Contents/Developer/Toolchains/XcodeDefault.xctoolchain/usr/lib/swift/iphoneos/prebuilt-modules/27.0/StoreKit.swiftmodule/arm64e-apple-ios.swiftmodule /Applications/Xcode.app/Contents/Developer/Toolchains/XcodeDefault.xctoolchain/usr/lib/swift/iphoneos/prebuilt-modules/27.0/_Concurrency.swiftmodule/arm64e-apple-ios.swiftmodule /Applications/Xcode.app/Contents/Developer/Toolchains/XcodeDefault.xctoolchain/usr/lib/swift/iphoneos/prebuilt-modules/27.0/Swift.swiftmodule/arm64e-apple-ios.swiftmodule /Applications/Xcode.app/Contents/Developer/Toolchains/XcodeDefault.xctoolchain/usr/lib/swift/iphoneos/prebuilt-modules/27.0/CoreMotion.swiftmodule/arm64e-apple-ios.swiftmodule /Applications/Xcode.app/Contents/Developer/Toolchains/XcodeDefault.xctoolchain/usr/lib/swift/iphoneos/prebuilt-modules/27.0/LightweightCodeRequirements.swiftmodule/arm64e-apple-ios.swiftmodule /Applications/Xcode.app/Contents/Developer/Toolchains/XcodeDefault.xctoolchain/usr/lib/swift/iphoneos/prebuilt-modules/27.0/CoreImage.swiftmodule/arm64e-apple-ios.swiftmodule /Applications/Xcode.app/Contents/Developer/Toolchains/XcodeDefault.xctoolchain/usr/lib/swift/iphoneos/prebuilt-modules/27.0/System.swiftmodule/arm64e-apple-ios.swiftmodule /Applications/Xcode.app/Contents/Developer/Toolchains/XcodeDefault.xctoolchain/usr/lib/swift/iphoneos/prebuilt-modules/27.0/CoreAudio.swiftmodule/arm64e-apple-ios.swiftmodule /Applications/Xcode.app/Contents/Developer/Toolchains/XcodeDefault.xctoolchain/usr/lib/swift/iphoneos/prebuilt-modules/27.0/Combine.swiftmodule/arm64e-apple-ios.swiftmodule /Applications/Xcode.app/Contents/Developer/Toolchains/XcodeDefault.xctoolchain/usr/lib/swift/iphoneos/prebuilt-modules/27.0/CoreLocation.swiftmodule/arm64e-apple-ios.swiftmodule /Applications/Xcode.app/Contents/Developer/Toolchains/XcodeDefault.xctoolchain/usr/lib/swift/iphoneos/prebuilt-modules/27.0/Network.swiftmodule/arm64e-apple-ios.swiftmodule /Applications/Xcode.app/Contents/Developer/Toolchains/XcodeDefault.xctoolchain/usr/lib/swift/iphoneos/prebuilt-modules/27.0/CoreMedia.swiftmodule/arm64e-apple-ios.swiftmodule /Applications/Xcode.app/Contents/Developer/Toolchains/XcodeDefault.xctoolchain/usr/lib/swift/iphoneos/prebuilt-modules/27.0/CoreTransferable.swiftmodule/arm64e-apple-ios.swiftmodule /Applications/Xcode.app/Contents/Developer/Toolchains/XcodeDefault.xctoolchain/usr/lib/swift/iphoneos/prebuilt-modules/27.0/ImageIO.swiftmodule/arm64e-apple-ios.swiftmodule /Applications/Xcode.app/Contents/Developer/Toolchains/XcodeDefault.xctoolchain/usr/lib/swift/iphoneos/prebuilt-modules/27.0/_DarwinFoundation2.swiftmodule/arm64e-apple-ios.swiftmodule /Applications/Xcode.app/Contents/Developer/Toolchains/XcodeDefault.xctoolchain/usr/lib/swift/iphoneos/prebuilt-modules/27.0/CoreFoundation.swiftmodule/arm64e-apple-ios.swiftmodule /Applications/Xcode.app/Contents/Developer/Toolchains/XcodeDefault.xctoolchain/usr/lib/swift/iphoneos/prebuilt-modules/27.0/ExtensionFoundation.swiftmodule/arm64e-apple-ios.swiftmodule /Applications/Xcode.app/Contents/Developer/Toolchains/XcodeDefault.xctoolchain/usr/lib/swift/iphoneos/prebuilt-modules/27.0/ObjectiveC.swiftmodule/arm64e-apple-ios.swiftmodule /Applications/Xcode.app/Contents/Developer/Toolchains/XcodeDefault.xctoolchain/usr/lib/swift/iphoneos/prebuilt-modules/27.0/Observation.swiftmodule/arm64e-apple-ios.swiftmodule /tmp/advoid-readiness-derived/SDKExplicitPrecompiledModules/ptrauth-43VIPWZ1NVK09T13X2DZQR51L.pcm /tmp/advoid-readiness-derived/SDKExplicitPrecompiledModules/Darwin-E3L4ULV47AQZ6IQNMKHKXOOPR.pcm /tmp/advoid-readiness-derived/SDKExplicitPrecompiledModules/dnssd-66JPJTDJ1L74BT1UJIJKZXX88.pcm /tmp/advoid-readiness-derived/SDKExplicitPrecompiledModules/SwiftUI-8UA5FIICNE57M255SEYWEYSBU.pcm /tmp/advoid-readiness-derived/SDKExplicitPrecompiledModules/_Builtin_intrinsics-DIMA56SUEYMH7CSW6UEZ1QWAY.pcm /tmp/advoid-readiness-derived/SDKExplicitPrecompiledModules/Dispatch-6ZIQGOA75I68BRZ3SF9S7VMR4.pcm /tmp/advoid-readiness-derived/SDKExplicitPrecompiledModules/ObjectiveC-8WAFS8IA7LYRU0CT2FIS0GION.pcm /tmp/advoid-readiness-derived/SDKExplicitPrecompiledModules/Metal-26AO2RE444G5TK6IW0D2N0SL8.pcm /tmp/advoid-readiness-derived/SDKExplicitPrecompiledModules/CoreAudioTypes-30EVNJW3R6TE97NLSZ1IKQNFY.pcm /tmp/advoid-readiness-derived/SDKExplicitPrecompiledModules/CoreLocation-88B32M4C5EBFAPOC7IWUJHMJU.pcm /tmp/advoid-readiness-derived/SDKExplicitPrecompiledModules/Spatial-6PD3KRMSX4KPDNFTAWPFZZJGM.pcm /tmp/advoid-readiness-derived/SDKExplicitPrecompiledModules/OpenGLES-LS4H65AG87E0WWFG3M6X7RX.pcm /tmp/advoid-readiness-derived/SDKExplicitPrecompiledModules/ptrcheck-1GB0EUWUSCMYEK8J7H7SU4VTY.pcm /tmp/advoid-readiness-derived/SDKExplicitPrecompiledModules/_Builtin_tgmath-DKS0VRZHPIMX8G8VU7NKCMJ4C.pcm /tmp/advoid-readiness-derived/SDKExplicitPrecompiledModules/_Builtin_stdbool-97W1DG2SR16IUGJCL35AM0YW.pcm /tmp/advoid-readiness-derived/SDKExplicitPrecompiledModules/MachO-Z7ZFMXR7L6G921EVL33ZVN7I.pcm /tmp/advoid-readiness-derived/SDKExplicitPrecompiledModules/CoreImage-C3IR2TUUG5954TZ6OVUPRLDD1.pcm /tmp/advoid-readiness-derived/SDKExplicitPrecompiledModules/sys_types-2PEARYAL87PUS51NO5RG7OLAR.pcm /tmp/advoid-readiness-derived/SDKExplicitPrecompiledModules/CoreTransferable-CN4OK058H9GH5HCW1F0R0494J.pcm /tmp/advoid-readiness-derived/SDKExplicitPrecompiledModules/Security-98P5ZFFL7JC1K6SVDBYDT8X13.pcm /tmp/advoid-readiness-derived/SDKExplicitPrecompiledModules/_Builtin_stdatomic-CTFNFPLO1HX6OLF3OYU4MNBQY.pcm /tmp/advoid-readiness-derived/SDKExplicitPrecompiledModules/CoreMotion-AKHYT7WX7XDWP2I3E8WHTDU39.pcm /tmp/advoid-readiness-derived/SDKExplicitPrecompiledModules/CoreText-470VE7F2DM1PXW2M6QYXDYR04.pcm /tmp/advoid-readiness-derived/SDKExplicitPrecompiledModules/SwiftShims-63PBETNG1XN4J8HJOWD3ERYH5.pcm /tmp/advoid-readiness-derived/SDKExplicitPrecompiledModules/StoreKit-EWXM25O5GE6CSEUAYMSRCIAZJ.pcm /tmp/advoid-readiness-derived/SDKExplicitPrecompiledModules/CommonCrypto-73F1Z9V6JG0VTBLYCKCWKKGQK.pcm /tmp/advoid-readiness-derived/SDKExplicitPrecompiledModules/DataDetection-26LG3QE5MU2D8JH3D15Q9PE6L.pcm /tmp/advoid-readiness-derived/SDKExplicitPrecompiledModules/CoreAudio-1BSOPYG7Z7GRHIGEKPFYBTQQ5.pcm /tmp/advoid-readiness-derived/SDKExplicitPrecompiledModules/ExtensionFoundation-4IA7FL70T2SPQI68FOD3FBQVM.pcm /tmp/advoid-readiness-derived/SDKExplicitPrecompiledModules/CoreFoundation-CQE8D26IDR37NGRRMZT76WR72.pcm /tmp/advoid-readiness-derived/SDKExplicitPrecompiledModules/_Builtin_inttypes-EF3ZULVDAMHW57T3K0YAODR16.pcm /tmp/advoid-readiness-derived/SDKExplicitPrecompiledModules/UIKit-BNA9KXWJ9O8BYS9I8RPKOS14.pcm /tmp/advoid-readiness-derived/SDKExplicitPrecompiledModules/string_h-ALPSEMP52N8EXUVFUCFH1S6AM.pcm /tmp/advoid-readiness-derived/SDKExplicitPrecompiledModules/_DarwinFoundation3-2B1EDXWZPI26XOB48D1JUSXIU.pcm /tmp/advoid-readiness-derived/SDKExplicitPrecompiledModules/CoreGraphics-1HBYJE5TIHCAFSYQ9CFJ9ICMC.pcm /tmp/advoid-readiness-derived/SDKExplicitPrecompiledModules/IOSurface-7T4L1DKHQG1RSJN9SHWR9L9MU.pcm /tmp/advoid-readiness-derived/SDKExplicitPrecompiledModules/UIUtilities-UEI58MLBDP3WQZLICFJLIS68.pcm /tmp/advoid-readiness-derived/SDKExplicitPrecompiledModules/_SwiftConcurrencyShims-6KWI0VB6DK4DZ32HX47BRZ6N.pcm /tmp/advoid-readiness-derived/SDKExplicitPrecompiledModules/CoreVideo-3310OL4F9T0EURHL7LZQXPHG3.pcm /tmp/advoid-readiness-derived/SDKExplicitPrecompiledModules/FileProvider-9H9E9VC5W7F964YHTR7PZG0QQ.pcm /tmp/advoid-readiness-derived/SDKExplicitPrecompiledModules/LocalAuthentication-5MRFEIPMEC2UJL2OFST8KO9GM.pcm /tmp/advoid-readiness-derived/SDKExplicitPrecompiledModules/CoreData-63H1EWPB33HFGF9KFET62WRV8.pcm /tmp/advoid-readiness-derived/SDKExplicitPrecompiledModules/OSLog-EIMK7KREA3M2V2RV75BNPAYB0.pcm /tmp/advoid-readiness-derived/SDKExplicitPrecompiledModules/XPC-8UWCK0T3C8Y73PF9O0ZMZRNGZ.pcm /tmp/advoid-readiness-derived/SDKExplicitPrecompiledModules/_LocationEssentials-F4ILYWU8SJJBOFG0JWMRU1JNT.pcm /tmp/advoid-readiness-derived/SDKExplicitPrecompiledModules/Foundation-851RBVYFIOHXMTPP7X091AWCN.pcm /tmp/advoid-readiness-derived/SDKExplicitPrecompiledModules/Network-F5DRP53U5FO9GG0SND4S1X3DE.pcm /tmp/advoid-readiness-derived/SDKExplicitPrecompiledModules/simd-ZPHV65ODIL1ITE4R69ZY390F.pcm /tmp/advoid-readiness-derived/SDKExplicitPrecompiledModules/os_workgroup-2FVSCUNZ7TCOBPPCXH6CKQ5CB.pcm /tmp/advoid-readiness-derived/SDKExplicitPrecompiledModules/_AvailabilityInternal-DZI4A9JWN3Y75O3L22W9DH855.pcm /tmp/advoid-readiness-derived/SDKExplicitPrecompiledModules/os-EZOXG8E9GBUF27QMGDYY8URUY.pcm /tmp/advoid-readiness-derived/SDKExplicitPrecompiledModules/Accessibility-AC9I1MXHHL5ZFV5VR2CX8SPB1.pcm /tmp/advoid-readiness-derived/SDKExplicitPrecompiledModules/_DarwinFoundation1-BODBKUDR94CKOCHW8164HLS67.pcm /tmp/advoid-readiness-derived/SDKExplicitPrecompiledModules/_Builtin_limits-2HCJ37GKSFXCE0EMJCM8CS5YS.pcm /tmp/advoid-readiness-derived/SDKExplicitPrecompiledModules/Symbols-4SX8B0DJEBHM0KZAPEF18V6I1.pcm /tmp/advoid-readiness-derived/SDKExplicitPrecompiledModules/zlib-6BQ70R074E6DWZK72R6LQYWSV.pcm /tmp/advoid-readiness-derived/SDKExplicitPrecompiledModules/UniformTypeIdentifiers-33OOJ5SPM6B47ICI1M6JB15MQ.pcm /tmp/advoid-readiness-derived/SDKExplicitPrecompiledModules/_DarwinFoundation2-BXPIM5AVKKGW61N8MHEWGFJTO.pcm /tmp/advoid-readiness-derived/SDKExplicitPrecompiledModules/QuartzCore-DF352MILP4909HWVIVLMK0YB.pcm /tmp/advoid-readiness-derived/SDKExplicitPrecompiledModules/_Builtin_stddef-H4GLOJ0TRSFIWGEB55ZVNHPY.pcm /tmp/advoid-readiness-derived/SDKExplicitPrecompiledModules/SwiftUICore-A8GTBIZ6WA3XJCA2AYBZO0PO5.pcm /tmp/advoid-readiness-derived/SDKExplicitPrecompiledModules/UserNotifications-CDV79JUDMBUAJ1I6LG5HUXOG0.pcm /tmp/advoid-readiness-derived/SDKExplicitPrecompiledModules/AdServices-EI4NDOB2IG3WYK1KY8T2S5BG.pcm /tmp/advoid-readiness-derived/SDKExplicitPrecompiledModules/_Builtin_stdarg-5P22I1UTXBC5HKKQ97HPFR89G.pcm /tmp/advoid-readiness-derived/SDKExplicitPrecompiledModules/Compression-72DBZJSZKKN8M74WKJCH0T2QQ.pcm /tmp/advoid-readiness-derived/SDKExplicitPrecompiledModules/CoreMedia-A2IHKDI0STA1ZYXH9OTWQ4823.pcm /tmp/advoid-readiness-derived/SDKExplicitPrecompiledModules/_StoreKit_SwiftUI-2OPC9X7FL5KHQACPOHH0KLK7J.pcm /tmp/advoid-readiness-derived/SDKExplicitPrecompiledModules/ImageIO-EGB02X7V4YW7CVDGW3T4WK7G1.pcm /tmp/advoid-readiness-derived/SDKExplicitPrecompiledModules/os_object-D60D1HSXKSN4J8EMTAV4IKNJ1.pcm /tmp/advoid-readiness-derived/SDKExplicitPrecompiledModules/_Builtin_stdint-CTAMPNX2SCLHQPCZZOBV5N3AB.pcm /tmp/advoid-readiness-derived/SDKExplicitPrecompiledModules/BackgroundAssets-BSRV4138QQODGUYGND199I5Y1.pcm /tmp/advoid-readiness-derived/SDKExplicitPrecompiledModules/CFNetwork-6GEATJ94ADNS2BP7MCK8YT7PZ.pcm /tmp/advoid-readiness-derived/SDKExplicitPrecompiledModules/DeveloperToolsSupport-BD8SGI5X1DO30I14GH2MSALAN.pcm /tmp/advoid-readiness-derived/SDKExplicitPrecompiledModules/_Builtin_float-9VULZ8K6GMOJDDEATVC7S2DM7.pcm /tmp/advoid-readiness-derived/Build/Intermediates.noindex/ArchiveIntermediates/AdVoid/IntermediateBuildFilesPath/RevenueCat.build/Release-iphoneos/RevenueCat-t.build/Objects-normal/arm64/RevenueCat-dependencies-1.json (in target 'RevenueCat' from project 'RevenueCat')

SwiftCompile normal arm64 (in target 'RevenueCat' from project 'RevenueCat')
    cd /Users/fig/AdVoid/AdVoid.xcodeproj
    

SwiftDriverJobDiscovery normal arm64 Compiling AppGroup.swift, SafariWebExtensionHandler.swift, Stats.swift, Subscription.swift (in target 'SafariExtension' from project 'AdVoid')

SwiftDriver\ Compilation\ Requirements SafariExtension normal arm64 com.apple.xcode.tools.swift.compiler (in target 'SafariExtension' from project 'AdVoid')
    cd /Users/fig/AdVoid
    builtin-Swift-Compilation-Requirements -- /Applications/Xcode.app/Contents/Developer/Toolchains/XcodeDefault.xctoolchain/usr/bin/swiftc -module-name SafariExtension -O -whole-module-optimization @/tmp/advoid-readiness-derived/Build/Intermediates.noindex/ArchiveIntermediates/AdVoid/IntermediateBuildFilesPath/AdVoid.build/Release-iphoneos/SafariExtension.build/Objects-normal/arm64/SafariExtension.SwiftFileList -enable-bare-slash-regex -enable-experimental-feature DebugDescriptionMacro -sdk /Applications/Xcode.app/Contents/Developer/Platforms/iPhoneOS.platform/Developer/SDKs/iPhoneOS27.0.sdk -target arm64-apple-ios26.0 -g -module-cache-path /tmp/advoid-readiness-derived/ModuleCache.noindex -Xfrontend -serialize-debugging-options -application-extension -swift-version 5 -I /tmp/advoid-readiness-derived/Build/Intermediates.noindex/ArchiveIntermediates/AdVoid/BuildProductsPath/Release-iphoneos -F /tmp/advoid-readiness-derived/Build/Intermediates.noindex/ArchiveIntermediates/AdVoid/BuildProductsPath/Release-iphoneos -c -num-threads 10 -Xcc -ivfsstatcache -Xcc /tmp/advoid-readiness-derived/SDKStatCaches.noindex/iphoneos27.0-24A430-6c78b3cbc238196c85e1bf6c792c5915.sdkstatcache -output-file-map /tmp/advoid-readiness-derived/Build/Intermediates.noindex/ArchiveIntermediates/AdVoid/IntermediateBuildFilesPath/AdVoid.build/Release-iphoneos/SafariExtension.build/Objects-normal/arm64/SafariExtension-OutputFileMap.json -save-temps -no-color-diagnostics -explicit-module-build -module-cache-path /tmp/advoid-readiness-derived/Build/Intermediates.noindex/ArchiveIntermediates/AdVoid/IntermediateBuildFilesPath/SwiftExplicitPrecompiledModules -clang-scanner-module-cache-path /tmp/advoid-readiness-derived/ModuleCache.noindex -sdk-module-cache-path /tmp/advoid-readiness-derived/SDKExplicitPrecompiledModules -emit-dependencies -emit-module -emit-module-path /tmp/advoid-readiness-derived/Build/Intermediates.noindex/ArchiveIntermediates/AdVoid/IntermediateBuildFilesPath/AdVoid.build/Release-iphoneos/SafariExtension.build/Objects-normal/arm64/SafariExtension.swiftmodule -serialize-diagnostics -dependency-scan-serialize-diagnostics-path /tmp/advoid-readiness-derived/Build/Intermediates.noindex/ArchiveIntermediates/AdVoid/IntermediateBuildFilesPath/AdVoid.build/Release-iphoneos/SafariExtension.build/Objects-normal/arm64/SafariExtension-dependency-scan.dia -validate-clang-modules-once -clang-build-session-file /tmp/advoid-readiness-derived/ModuleCache.noindex/Session.modulevalidation -Xcc -fmodules-prune-interval\=86400 -Xcc -fmodules-prune-after\=345600 -emit-const-values -const-gather-protocols-list /tmp/advoid-readiness-derived/Build/Intermediates.noindex/ArchiveIntermediates/AdVoid/IntermediateBuildFilesPath/AdVoid.build/Release-iphoneos/SafariExtension.build/Objects-normal/arm64/SafariExtension_const_extract_protocols.json -Xcc -iquote -Xcc /tmp/advoid-readiness-derived/Build/Intermediates.noindex/ArchiveIntermediates/AdVoid/IntermediateBuildFilesPath/AdVoid.build/Release-iphoneos/SafariExtension.build/SafariExtension-generated-files.hmap -Xcc -I/tmp/advoid-readiness-derived/Build/Intermediates.noindex/ArchiveIntermediates/AdVoid/IntermediateBuildFilesPath/AdVoid.build/Release-iphoneos/SafariExtension.build/SafariExtension-own-target-headers.hmap -Xcc -I/tmp/advoid-readiness-derived/Build/Intermediates.noindex/ArchiveIntermediates/AdVoid/IntermediateBuildFilesPath/AdVoid.build/Release-iphoneos/SafariExtension.build/SafariExtension-all-non-framework-target-headers.hmap -Xcc -ivfsoverlay -Xcc /tmp/advoid-readiness-derived/Build/Intermediates.noindex/ArchiveIntermediates/AdVoid/IntermediateBuildFilesPath/AdVoid.build/Release-iphoneos/AdVoid-d0bc08e69f385f762641293c1710bfc2-VFS-iphoneos/all-product-headers.yaml -Xcc -iquote -Xcc /tmp/advoid-readiness-derived/Build/Intermediates.noindex/ArchiveIntermediates/AdVoid/IntermediateBuildFilesPath/AdVoid.build/Release-iphoneos/SafariExtension.build/SafariExtension-project-headers.hmap -Xcc -I/tmp/advoid-readiness-derived/Build/Intermediates.noindex/ArchiveIntermediates/AdVoid/BuildProductsPath/Release-iphoneos/include -Xcc -I/tmp/advoid-readiness-derived/Build/Intermediates.noindex/ArchiveIntermediates/AdVoid/IntermediateBuildFilesPath/AdVoid.build/Release-iphoneos/SafariExtension.build/DerivedSources-normal/arm64 -Xcc -I/tmp/advoid-readiness-derived/Build/Intermediates.noindex/ArchiveIntermediates/AdVoid/IntermediateBuildFilesPath/AdVoid.build/Release-iphoneos/SafariExtension.build/DerivedSources/arm64 -Xcc -I/tmp/advoid-readiness-derived/Build/Intermediates.noindex/ArchiveIntermediates/AdVoid/IntermediateBuildFilesPath/AdVoid.build/Release-iphoneos/SafariExtension.build/DerivedSources -emit-objc-header -emit-objc-header-path /tmp/advoid-readiness-derived/Build/Intermediates.noindex/ArchiveIntermediates/AdVoid/IntermediateBuildFilesPath/AdVoid.build/Release-iphoneos/SafariExtension.build/Objects-normal/arm64/SafariExtension-Swift.h -working-directory /Users/fig/AdVoid -no-emit-module-separately-wmo

SwiftMergeGeneratedHeaders /tmp/advoid-readiness-derived/Build/Intermediates.noindex/ArchiveIntermediates/AdVoid/IntermediateBuildFilesPath/AdVoid.build/Release-iphoneos/SafariExtension.build/DerivedSources/SafariExtension-Swift.h /tmp/advoid-readiness-derived/Build/Intermediates.noindex/ArchiveIntermediates/AdVoid/IntermediateBuildFilesPath/AdVoid.build/Release-iphoneos/SafariExtension.build/Objects-normal/arm64/SafariExtension-Swift.h (in target 'SafariExtension' from project 'AdVoid')
    cd /Users/fig/AdVoid
    builtin-swiftHeaderTool -arch arm64 /tmp/advoid-readiness-derived/Build/Intermediates.noindex/ArchiveIntermediates/AdVoid/IntermediateBuildFilesPath/AdVoid.build/Release-iphoneos/SafariExtension.build/Objects-normal/arm64/SafariExtension-Swift.h -o /tmp/advoid-readiness-derived/Build/Intermediates.noindex/ArchiveIntermediates/AdVoid/IntermediateBuildFilesPath/AdVoid.build/Release-iphoneos/SafariExtension.build/DerivedSources/SafariExtension-Swift.h

Copy /tmp/advoid-readiness-derived/Build/Intermediates.noindex/ArchiveIntermediates/AdVoid/BuildProductsPath/Release-iphoneos/SafariExtension.swiftmodule/arm64-apple-ios.abi.json /tmp/advoid-readiness-derived/Build/Intermediates.noindex/ArchiveIntermediates/AdVoid/IntermediateBuildFilesPath/AdVoid.build/Release-iphoneos/SafariExtension.build/Objects-normal/arm64/SafariExtension.abi.json (in target 'SafariExtension' from project 'AdVoid')
    cd /Users/fig/AdVoid
    builtin-copy -exclude .DS_Store -exclude CVS -exclude .svn -exclude .git -exclude .hg -resolve-src-symlinks -rename /tmp/advoid-readiness-derived/Build/Intermediates.noindex/ArchiveIntermediates/AdVoid/IntermediateBuildFilesPath/AdVoid.build/Release-iphoneos/SafariExtension.build/Objects-normal/arm64/SafariExtension.abi.json /tmp/advoid-readiness-derived/Build/Intermediates.noindex/ArchiveIntermediates/AdVoid/BuildProductsPath/Release-iphoneos/SafariExtension.swiftmodule/arm64-apple-ios.abi.json

Copy /tmp/advoid-readiness-derived/Build/Intermediates.noindex/ArchiveIntermediates/AdVoid/BuildProductsPath/Release-iphoneos/SafariExtension.swiftmodule/arm64-apple-ios.swiftmodule /tmp/advoid-readiness-derived/Build/Intermediates.noindex/ArchiveIntermediates/AdVoid/IntermediateBuildFilesPath/AdVoid.build/Release-iphoneos/SafariExtension.build/Objects-normal/arm64/SafariExtension.swiftmodule (in target 'SafariExtension' from project 'AdVoid')
    cd /Users/fig/AdVoid
    builtin-copy -exclude .DS_Store -exclude CVS -exclude .svn -exclude .git -exclude .hg -resolve-src-symlinks -rename /tmp/advoid-readiness-derived/Build/Intermediates.noindex/ArchiveIntermediates/AdVoid/IntermediateBuildFilesPath/AdVoid.build/Release-iphoneos/SafariExtension.build/Objects-normal/arm64/SafariExtension.swiftmodule /tmp/advoid-readiness-derived/Build/Intermediates.noindex/ArchiveIntermediates/AdVoid/BuildProductsPath/Release-iphoneos/SafariExtension.swiftmodule/arm64-apple-ios.swiftmodule

Copy /tmp/advoid-readiness-derived/Build/Intermediates.noindex/ArchiveIntermediates/AdVoid/BuildProductsPath/Release-iphoneos/SafariExtension.swiftmodule/arm64-apple-ios.swiftdoc /tmp/advoid-readiness-derived/Build/Intermediates.noindex/ArchiveIntermediates/AdVoid/IntermediateBuildFilesPath/AdVoid.build/Release-iphoneos/SafariExtension.build/Objects-normal/arm64/SafariExtension.swiftdoc (in target 'SafariExtension' from project 'AdVoid')
    cd /Users/fig/AdVoid
    builtin-copy -exclude .DS_Store -exclude CVS -exclude .svn -exclude .git -exclude .hg -resolve-src-symlinks -rename /tmp/advoid-readiness-derived/Build/Intermediates.noindex/ArchiveIntermediates/AdVoid/IntermediateBuildFilesPath/AdVoid.build/Release-iphoneos/SafariExtension.build/Objects-normal/arm64/SafariExtension.swiftdoc /tmp/advoid-readiness-derived/Build/Intermediates.noindex/ArchiveIntermediates/AdVoid/BuildProductsPath/Release-iphoneos/SafariExtension.swiftmodule/arm64-apple-ios.swiftdoc

Ld /tmp/advoid-readiness-derived/Build/Intermediates.noindex/ArchiveIntermediates/AdVoid/IntermediateBuildFilesPath/UninstalledProducts/iphoneos/SafariExtension.appex/SafariExtension normal (in target 'SafariExtension' from project 'AdVoid')
    cd /Users/fig/AdVoid
    /Applications/Xcode.app/Contents/Developer/Toolchains/XcodeDefault.xctoolchain/usr/bin/clang -Xlinker -reproducible -target arm64-apple-ios26.0 -isysroot /Applications/Xcode.app/Contents/Developer/Platforms/iPhoneOS.platform/Developer/SDKs/iPhoneOS27.0.sdk -Os -Xlinker -no_warn_duplicate_libraries -L/tmp/advoid-readiness-derived/Build/Intermediates.noindex/ArchiveIntermediates/AdVoid/IntermediateBuildFilesPath/EagerLinkingTBDs/Release-iphoneos -L/tmp/advoid-readiness-derived/Build/Intermediates.noindex/ArchiveIntermediates/AdVoid/BuildProductsPath/Release-iphoneos -F/tmp/advoid-readiness-derived/Build/Intermediates.noindex/ArchiveIntermediates/AdVoid/IntermediateBuildFilesPath/EagerLinkingTBDs/Release-iphoneos -F/tmp/advoid-readiness-derived/Build/Intermediates.noindex/ArchiveIntermediates/AdVoid/BuildProductsPath/Release-iphoneos -filelist /tmp/advoid-readiness-derived/Build/Intermediates.noindex/ArchiveIntermediates/AdVoid/IntermediateBuildFilesPath/AdVoid.build/Release-iphoneos/SafariExtension.build/Objects-normal/arm64/SafariExtension.LinkFileList -Xlinker -rpath -Xlinker @executable_path/Frameworks -Xlinker -rpath -Xlinker @executable_path/../../Frameworks -Xlinker -dead_strip -Xlinker -object_path_lto -Xlinker /tmp/advoid-readiness-derived/Build/Intermediates.noindex/ArchiveIntermediates/AdVoid/IntermediateBuildFilesPath/AdVoid.build/Release-iphoneos/SafariExtension.build/Objects-normal/arm64/SafariExtension_lto.o -Xlinker -dependency_info -Xlinker /tmp/advoid-readiness-derived/Build/Intermediates.noindex/ArchiveIntermediates/AdVoid/IntermediateBuildFilesPath/AdVoid.build/Release-iphoneos/SafariExtension.build/Objects-normal/arm64/SafariExtension_dependency_info.dat -e _NSExtensionMain -fapplication-extension -fobjc-link-runtime -L/Applications/Xcode.app/Contents/Developer/Toolchains/XcodeDefault.xctoolchain/usr/lib/swift/iphoneos -L/usr/lib/swift -Xlinker -add_ast_path -Xlinker /tmp/advoid-readiness-derived/Build/Intermediates.noindex/ArchiveIntermediates/AdVoid/IntermediateBuildFilesPath/AdVoid.build/Release-iphoneos/SafariExtension.build/Objects-normal/arm64/SafariExtension.swiftmodule -o /tmp/advoid-readiness-derived/Build/Intermediates.noindex/ArchiveIntermediates/AdVoid/IntermediateBuildFilesPath/UninstalledProducts/iphoneos/SafariExtension.appex/SafariExtension

ExtractAppIntentsMetadata (in target 'SafariExtension' from project 'AdVoid')
    cd /Users/fig/AdVoid
    /Applications/Xcode.app/Contents/Developer/Toolchains/XcodeDefault.xctoolchain/usr/bin/appintentsmetadataprocessor --toolchain-dir /Applications/Xcode.app/Contents/Developer/Toolchains/XcodeDefault.xctoolchain --module-name SafariExtension --sdk-root /Applications/Xcode.app/Contents/Developer/Platforms/iPhoneOS.platform/Developer/SDKs/iPhoneOS27.0.sdk --xcode-version 27A266a --platform-family iOS --deployment-target 26.0 --bundle-identifier com.roxuh.advoid.safari --output /tmp/advoid-readiness-derived/Build/Intermediates.noindex/ArchiveIntermediates/AdVoid/IntermediateBuildFilesPath/UninstalledProducts/iphoneos/SafariExtension.appex --target-triple arm64-apple-ios26.0 --binary-file /tmp/advoid-readiness-derived/Build/Intermediates.noindex/ArchiveIntermediates/AdVoid/IntermediateBuildFilesPath/UninstalledProducts/iphoneos/SafariExtension.appex/SafariExtension --dependency-file /tmp/advoid-readiness-derived/Build/Intermediates.noindex/ArchiveIntermediates/AdVoid/IntermediateBuildFilesPath/AdVoid.build/Release-iphoneos/SafariExtension.build/Objects-normal/arm64/SafariExtension_dependency_info.dat --stringsdata-file /tmp/advoid-readiness-derived/Build/Intermediates.noindex/ArchiveIntermediates/AdVoid/IntermediateBuildFilesPath/AdVoid.build/Release-iphoneos/SafariExtension.build/Objects-normal/arm64/ExtractedAppShortcutsMetadata.stringsdata --source-file-list /tmp/advoid-readiness-derived/Build/Intermediates.noindex/ArchiveIntermediates/AdVoid/IntermediateBuildFilesPath/AdVoid.build/Release-iphoneos/SafariExtension.build/Objects-normal/arm64/SafariExtension.SwiftFileList --metadata-file-list /tmp/advoid-readiness-derived/Build/Intermediates.noindex/ArchiveIntermediates/AdVoid/IntermediateBuildFilesPath/AdVoid.build/Release-iphoneos/SafariExtension.build/SafariExtension.DependencyMetadataFileList --static-metadata-file-list /tmp/advoid-readiness-derived/Build/Intermediates.noindex/ArchiveIntermediates/AdVoid/IntermediateBuildFilesPath/AdVoid.build/Release-iphoneos/SafariExtension.build/SafariExtension.DependencyStaticMetadataFileList --swift-const-vals-list /tmp/advoid-readiness-derived/Build/Intermediates.noindex/ArchiveIntermediates/AdVoid/IntermediateBuildFilesPath/AdVoid.build/Release-iphoneos/SafariExtension.build/Objects-normal/arm64/SafariExtension.SwiftConstValuesFileList --compile-time-extraction --deployment-aware-processing --no-app-shortcuts-localization
2026-09-27 00:45:21.104 appintentsmetadataprocessor[49377:636769] Starting appintentsmetadataprocessor export
2026-09-27 00:45:21.108 appintentsmetadataprocessor[49377:636769] warning: Metadata extraction skipped, no AppIntents.framework dependency found

GenerateDSYMFile /tmp/advoid-readiness-derived/Build/Intermediates.noindex/ArchiveIntermediates/AdVoid/BuildProductsPath/Release-iphoneos/SafariExtension.appex.dSYM /tmp/advoid-readiness-derived/Build/Intermediates.noindex/ArchiveIntermediates/AdVoid/IntermediateBuildFilesPath/UninstalledProducts/iphoneos/SafariExtension.appex/SafariExtension (in target 'SafariExtension' from project 'AdVoid')
    cd /Users/fig/AdVoid
    export PATH\=/Applications/Xcode.app/Contents/SharedFrameworks/SwiftBuild.framework/Versions/A/PlugIns/SWBBuildService.bundle/Contents/PlugIns/SWBUniversalPlatformPlugin.bundle/Contents/Frameworks/SWBUniversalPlatform.framework/Resources:/Applications/Xcode.app/Contents/Developer/Toolchains/XcodeDefault.xctoolchain/usr/bin:/Applications/Xcode.app/Contents/Developer/Toolchains/XcodeDefault.xctoolchain/usr/local/bin:/Applications/Xcode.app/Contents/Developer/Toolchains/XcodeDefault.xctoolchain/usr/libexec:/Applications/Xcode.app/Contents/Developer/Platforms/iPhoneOS.platform/usr/bin:/Applications/Xcode.app/Contents/Developer/Platforms/iPhoneOS.platform/usr/local/bin:/Applications/Xcode.app/Contents/Developer/Platforms/iPhoneOS.platform/Developer/usr/bin:/Applications/Xcode.app/Contents/Developer/Platforms/iPhoneOS.platform/Developer/usr/local/bin:/Applications/Xcode.app/Contents/Developer/usr/bin:/Applications/Xcode.app/Contents/Developer/usr/local/bin:/Users/fig/.local/share/rv/gems/ruby/4.0.0/bin:/Users/fig/.local/share/rv/rubies/ruby-4.0.5/lib/ruby/gems/4.0.0/bin:/Users/fig/.local/share/rv/rubies/ruby-4.0.5/bin:/Users/fig/.nvm/versions/node/v24.17.0/bin:/opt/homebrew/bin:/opt/homebrew/sbin:/usr/local/bin:/System/Cryptexes/App/usr/bin:/usr/bin:/bin:/usr/sbin:/sbin:/var/run/com.apple.security.cryptexd/codex.system/bootstrap/usr/local/bin:/var/run/com.apple.security.cryptexd/codex.system/bootstrap/usr/bin:/var/run/com.apple.security.cryptexd/codex.system/bootstrap/usr/appleinternal/bin:/pkg/env/global/bin:/Library/Apple/usr/bin:/Applications/Wireshark.app/Contents/MacOS:/Users/fig/.codex/tmp/arg0/codex-arg0rTnFTs:/Users/fig/.cache/codex-runtimes/codex-primary-runtime/dependencies/bin/override:/Users/fig/Library/pnpm/bin:/Users/fig/.cache/codex-runtimes/codex-primary-runtime/dependencies/bin/fallback:/Applications/ChatGPT.app/Contents/Resources
    /Applications/Xcode.app/Contents/Developer/Toolchains/XcodeDefault.xctoolchain/usr/bin/dsymutil /tmp/advoid-readiness-derived/Build/Intermediates.noindex/ArchiveIntermediates/AdVoid/IntermediateBuildFilesPath/UninstalledProducts/iphoneos/SafariExtension.appex/SafariExtension -o /tmp/advoid-readiness-derived/Build/Intermediates.noindex/ArchiveIntermediates/AdVoid/BuildProductsPath/Release-iphoneos/SafariExtension.appex.dSYM

AppIntentsSSUTraining (in target 'SafariExtension' from project 'AdVoid')
    cd /Users/fig/AdVoid
    /Applications/Xcode.app/Contents/Developer/Toolchains/XcodeDefault.xctoolchain/usr/bin/appintentsnltrainingprocessor --infoplist-path /tmp/advoid-readiness-derived/Build/Intermediates.noindex/ArchiveIntermediates/AdVoid/IntermediateBuildFilesPath/UninstalledProducts/iphoneos/SafariExtension.appex/Info.plist --temp-dir-path /tmp/advoid-readiness-derived/Build/Intermediates.noindex/ArchiveIntermediates/AdVoid/IntermediateBuildFilesPath/AdVoid.build/Release-iphoneos/SafariExtension.build/ssu --bundle-id com.roxuh.advoid.safari --product-path /tmp/advoid-readiness-derived/Build/Intermediates.noindex/ArchiveIntermediates/AdVoid/IntermediateBuildFilesPath/UninstalledProducts/iphoneos/SafariExtension.appex --extracted-metadata-path /tmp/advoid-readiness-derived/Build/Intermediates.noindex/ArchiveIntermediates/AdVoid/IntermediateBuildFilesPath/UninstalledProducts/iphoneos/SafariExtension.appex/Metadata.appintents --deployment-postprocessing --metadata-file-list /tmp/advoid-readiness-derived/Build/Intermediates.noindex/ArchiveIntermediates/AdVoid/IntermediateBuildFilesPath/AdVoid.build/Release-iphoneos/SafariExtension.build/SafariExtension.DependencyMetadataFileList --source-file /tmp/advoid-readiness-derived/Build/Intermediates.noindex/ArchiveIntermediates/AdVoid/IntermediateBuildFilesPath/UninstalledProducts/iphoneos/SafariExtension.appex/Info.plist --archive-ssu-assets
2026-09-27 00:45:21.134 appintentsnltrainingprocessor[49379:636773] Parsing options for appintentsnltrainingprocessor
2026-09-27 00:45:21.134 appintentsnltrainingprocessor[49379:636773] Starting AppIntents SSU YAML Generation
2026-09-27 00:45:21.137 appintentsnltrainingprocessor[49379:636773] No AppShortcuts found - Skipping.

Strip /tmp/advoid-readiness-derived/Build/Intermediates.noindex/ArchiveIntermediates/AdVoid/IntermediateBuildFilesPath/UninstalledProducts/iphoneos/SafariExtension.appex/SafariExtension (in target 'SafariExtension' from project 'AdVoid')
    cd /Users/fig/AdVoid
    /Applications/Xcode.app/Contents/Developer/Toolchains/XcodeDefault.xctoolchain/usr/bin/strip -D -x -T /tmp/advoid-readiness-derived/Build/Intermediates.noindex/ArchiveIntermediates/AdVoid/IntermediateBuildFilesPath/UninstalledProducts/iphoneos/SafariExtension.appex/SafariExtension

SetOwnerAndGroup fig:staff /tmp/advoid-readiness-derived/Build/Intermediates.noindex/ArchiveIntermediates/AdVoid/IntermediateBuildFilesPath/UninstalledProducts/iphoneos/SafariExtension.appex (in target 'SafariExtension' from project 'AdVoid')
    cd /Users/fig/AdVoid
    /usr/sbin/chown -RH fig:staff /tmp/advoid-readiness-derived/Build/Intermediates.noindex/ArchiveIntermediates/AdVoid/IntermediateBuildFilesPath/UninstalledProducts/iphoneos/SafariExtension.appex

SetMode u+w,go-w,a+rX /tmp/advoid-readiness-derived/Build/Intermediates.noindex/ArchiveIntermediates/AdVoid/IntermediateBuildFilesPath/UninstalledProducts/iphoneos/SafariExtension.appex (in target 'SafariExtension' from project 'AdVoid')
    cd /Users/fig/AdVoid
    /bin/chmod -RH u+w,go-w,a+rX /tmp/advoid-readiness-derived/Build/Intermediates.noindex/ArchiveIntermediates/AdVoid/IntermediateBuildFilesPath/UninstalledProducts/iphoneos/SafariExtension.appex

RegisterExecutionPolicyException /tmp/advoid-readiness-derived/Build/Intermediates.noindex/ArchiveIntermediates/AdVoid/IntermediateBuildFilesPath/UninstalledProducts/iphoneos/SafariExtension.appex (in target 'SafariExtension' from project 'AdVoid')
    cd /Users/fig/AdVoid
    builtin-RegisterExecutionPolicyException /tmp/advoid-readiness-derived/Build/Intermediates.noindex/ArchiveIntermediates/AdVoid/IntermediateBuildFilesPath/UninstalledProducts/iphoneos/SafariExtension.appex

Touch /tmp/advoid-readiness-derived/Build/Intermediates.noindex/ArchiveIntermediates/AdVoid/IntermediateBuildFilesPath/UninstalledProducts/iphoneos/SafariExtension.appex (in target 'SafariExtension' from project 'AdVoid')
    cd /Users/fig/AdVoid
    /usr/bin/touch -c /tmp/advoid-readiness-derived/Build/Intermediates.noindex/ArchiveIntermediates/AdVoid/IntermediateBuildFilesPath/UninstalledProducts/iphoneos/SafariExtension.appex

SwiftDriverJobDiscovery normal arm64 Compiling AppGroup.swift, BlocklistParser.swift, DNSForwarder.swift, DNSMessage.swift, DomainMatcher.swift, PacketTunnelProvider.swift, Stats.swift, StatsRecorder.swift, Subscription.swift, UDPPacket.swift (in target 'PacketTunnel' from project 'AdVoid')

SwiftDriver\ Compilation\ Requirements PacketTunnel normal arm64 com.apple.xcode.tools.swift.compiler (in target 'PacketTunnel' from project 'AdVoid')
    cd /Users/fig/AdVoid
    builtin-Swift-Compilation-Requirements -- /Applications/Xcode.app/Contents/Developer/Toolchains/XcodeDefault.xctoolchain/usr/bin/swiftc -module-name PacketTunnel -O -whole-module-optimization @/tmp/advoid-readiness-derived/Build/Intermediates.noindex/ArchiveIntermediates/AdVoid/IntermediateBuildFilesPath/AdVoid.build/Release-iphoneos/PacketTunnel.build/Objects-normal/arm64/PacketTunnel.SwiftFileList -enable-bare-slash-regex -enable-experimental-feature DebugDescriptionMacro -sdk /Applications/Xcode.app/Contents/Developer/Platforms/iPhoneOS.platform/Developer/SDKs/iPhoneOS27.0.sdk -target arm64-apple-ios26.0 -g -module-cache-path /tmp/advoid-readiness-derived/ModuleCache.noindex -Xfrontend -serialize-debugging-options -application-extension -swift-version 5 -I /tmp/advoid-readiness-derived/Build/Intermediates.noindex/ArchiveIntermediates/AdVoid/BuildProductsPath/Release-iphoneos -F /tmp/advoid-readiness-derived/Build/Intermediates.noindex/ArchiveIntermediates/AdVoid/BuildProductsPath/Release-iphoneos -c -num-threads 10 -Xcc -ivfsstatcache -Xcc /tmp/advoid-readiness-derived/SDKStatCaches.noindex/iphoneos27.0-24A430-6c78b3cbc238196c85e1bf6c792c5915.sdkstatcache -output-file-map /tmp/advoid-readiness-derived/Build/Intermediates.noindex/ArchiveIntermediates/AdVoid/IntermediateBuildFilesPath/AdVoid.build/Release-iphoneos/PacketTunnel.build/Objects-normal/arm64/PacketTunnel-OutputFileMap.json -save-temps -no-color-diagnostics -explicit-module-build -module-cache-path /tmp/advoid-readiness-derived/Build/Intermediates.noindex/ArchiveIntermediates/AdVoid/IntermediateBuildFilesPath/SwiftExplicitPrecompiledModules -clang-scanner-module-cache-path /tmp/advoid-readiness-derived/ModuleCache.noindex -sdk-module-cache-path /tmp/advoid-readiness-derived/SDKExplicitPrecompiledModules -emit-dependencies -emit-module -emit-module-path /tmp/advoid-readiness-derived/Build/Intermediates.noindex/ArchiveIntermediates/AdVoid/IntermediateBuildFilesPath/AdVoid.build/Release-iphoneos/PacketTunnel.build/Objects-normal/arm64/PacketTunnel.swiftmodule -serialize-diagnostics -dependency-scan-serialize-diagnostics-path /tmp/advoid-readiness-derived/Build/Intermediates.noindex/ArchiveIntermediates/AdVoid/IntermediateBuildFilesPath/AdVoid.build/Release-iphoneos/PacketTunnel.build/Objects-normal/arm64/PacketTunnel-dependency-scan.dia -validate-clang-modules-once -clang-build-session-file /tmp/advoid-readiness-derived/ModuleCache.noindex/Session.modulevalidation -Xcc -fmodules-prune-interval\=86400 -Xcc -fmodules-prune-after\=345600 -emit-const-values -const-gather-protocols-list /tmp/advoid-readiness-derived/Build/Intermediates.noindex/ArchiveIntermediates/AdVoid/IntermediateBuildFilesPath/AdVoid.build/Release-iphoneos/PacketTunnel.build/Objects-normal/arm64/PacketTunnel_const_extract_protocols.json -Xcc -iquote -Xcc /tmp/advoid-readiness-derived/Build/Intermediates.noindex/ArchiveIntermediates/AdVoid/IntermediateBuildFilesPath/AdVoid.build/Release-iphoneos/PacketTunnel.build/PacketTunnel-generated-files.hmap -Xcc -I/tmp/advoid-readiness-derived/Build/Intermediates.noindex/ArchiveIntermediates/AdVoid/IntermediateBuildFilesPath/AdVoid.build/Release-iphoneos/PacketTunnel.build/PacketTunnel-own-target-headers.hmap -Xcc -I/tmp/advoid-readiness-derived/Build/Intermediates.noindex/ArchiveIntermediates/AdVoid/IntermediateBuildFilesPath/AdVoid.build/Release-iphoneos/PacketTunnel.build/PacketTunnel-all-non-framework-target-headers.hmap -Xcc -ivfsoverlay -Xcc /tmp/advoid-readiness-derived/Build/Intermediates.noindex/ArchiveIntermediates/AdVoid/IntermediateBuildFilesPath/AdVoid.build/Release-iphoneos/AdVoid-d0bc08e69f385f762641293c1710bfc2-VFS-iphoneos/all-product-headers.yaml -Xcc -iquote -Xcc /tmp/advoid-readiness-derived/Build/Intermediates.noindex/ArchiveIntermediates/AdVoid/IntermediateBuildFilesPath/AdVoid.build/Release-iphoneos/PacketTunnel.build/PacketTunnel-project-headers.hmap -Xcc -I/tmp/advoid-readiness-derived/Build/Intermediates.noindex/ArchiveIntermediates/AdVoid/BuildProductsPath/Release-iphoneos/include -Xcc -I/tmp/advoid-readiness-derived/Build/Intermediates.noindex/ArchiveIntermediates/AdVoid/IntermediateBuildFilesPath/AdVoid.build/Release-iphoneos/PacketTunnel.build/DerivedSources-normal/arm64 -Xcc -I/tmp/advoid-readiness-derived/Build/Intermediates.noindex/ArchiveIntermediates/AdVoid/IntermediateBuildFilesPath/AdVoid.build/Release-iphoneos/PacketTunnel.build/DerivedSources/arm64 -Xcc -I/tmp/advoid-readiness-derived/Build/Intermediates.noindex/ArchiveIntermediates/AdVoid/IntermediateBuildFilesPath/AdVoid.build/Release-iphoneos/PacketTunnel.build/DerivedSources -emit-objc-header -emit-objc-header-path /tmp/advoid-readiness-derived/Build/Intermediates.noindex/ArchiveIntermediates/AdVoid/IntermediateBuildFilesPath/AdVoid.build/Release-iphoneos/PacketTunnel.build/Objects-normal/arm64/PacketTunnel-Swift.h -working-directory /Users/fig/AdVoid -no-emit-module-separately-wmo

SwiftMergeGeneratedHeaders /tmp/advoid-readiness-derived/Build/Intermediates.noindex/ArchiveIntermediates/AdVoid/IntermediateBuildFilesPath/AdVoid.build/Release-iphoneos/PacketTunnel.build/DerivedSources/PacketTunnel-Swift.h /tmp/advoid-readiness-derived/Build/Intermediates.noindex/ArchiveIntermediates/AdVoid/IntermediateBuildFilesPath/AdVoid.build/Release-iphoneos/PacketTunnel.build/Objects-normal/arm64/PacketTunnel-Swift.h (in target 'PacketTunnel' from project 'AdVoid')
    cd /Users/fig/AdVoid
    builtin-swiftHeaderTool -arch arm64 /tmp/advoid-readiness-derived/Build/Intermediates.noindex/ArchiveIntermediates/AdVoid/IntermediateBuildFilesPath/AdVoid.build/Release-iphoneos/PacketTunnel.build/Objects-normal/arm64/PacketTunnel-Swift.h -o /tmp/advoid-readiness-derived/Build/Intermediates.noindex/ArchiveIntermediates/AdVoid/IntermediateBuildFilesPath/AdVoid.build/Release-iphoneos/PacketTunnel.build/DerivedSources/PacketTunnel-Swift.h

Copy /tmp/advoid-readiness-derived/Build/Intermediates.noindex/ArchiveIntermediates/AdVoid/BuildProductsPath/Release-iphoneos/PacketTunnel.swiftmodule/arm64-apple-ios.swiftmodule /tmp/advoid-readiness-derived/Build/Intermediates.noindex/ArchiveIntermediates/AdVoid/IntermediateBuildFilesPath/AdVoid.build/Release-iphoneos/PacketTunnel.build/Objects-normal/arm64/PacketTunnel.swiftmodule (in target 'PacketTunnel' from project 'AdVoid')
    cd /Users/fig/AdVoid
    builtin-copy -exclude .DS_Store -exclude CVS -exclude .svn -exclude .git -exclude .hg -resolve-src-symlinks -rename /tmp/advoid-readiness-derived/Build/Intermediates.noindex/ArchiveIntermediates/AdVoid/IntermediateBuildFilesPath/AdVoid.build/Release-iphoneos/PacketTunnel.build/Objects-normal/arm64/PacketTunnel.swiftmodule /tmp/advoid-readiness-derived/Build/Intermediates.noindex/ArchiveIntermediates/AdVoid/BuildProductsPath/Release-iphoneos/PacketTunnel.swiftmodule/arm64-apple-ios.swiftmodule

Copy /tmp/advoid-readiness-derived/Build/Intermediates.noindex/ArchiveIntermediates/AdVoid/BuildProductsPath/Release-iphoneos/PacketTunnel.swiftmodule/arm64-apple-ios.abi.json /tmp/advoid-readiness-derived/Build/Intermediates.noindex/ArchiveIntermediates/AdVoid/IntermediateBuildFilesPath/AdVoid.build/Release-iphoneos/PacketTunnel.build/Objects-normal/arm64/PacketTunnel.abi.json (in target 'PacketTunnel' from project 'AdVoid')
    cd /Users/fig/AdVoid
    builtin-copy -exclude .DS_Store -exclude CVS -exclude .svn -exclude .git -exclude .hg -resolve-src-symlinks -rename /tmp/advoid-readiness-derived/Build/Intermediates.noindex/ArchiveIntermediates/AdVoid/IntermediateBuildFilesPath/AdVoid.build/Release-iphoneos/PacketTunnel.build/Objects-normal/arm64/PacketTunnel.abi.json /tmp/advoid-readiness-derived/Build/Intermediates.noindex/ArchiveIntermediates/AdVoid/BuildProductsPath/Release-iphoneos/PacketTunnel.swiftmodule/arm64-apple-ios.abi.json

Copy /tmp/advoid-readiness-derived/Build/Intermediates.noindex/ArchiveIntermediates/AdVoid/BuildProductsPath/Release-iphoneos/PacketTunnel.swiftmodule/arm64-apple-ios.swiftdoc /tmp/advoid-readiness-derived/Build/Intermediates.noindex/ArchiveIntermediates/AdVoid/IntermediateBuildFilesPath/AdVoid.build/Release-iphoneos/PacketTunnel.build/Objects-normal/arm64/PacketTunnel.swiftdoc (in target 'PacketTunnel' from project 'AdVoid')
    cd /Users/fig/AdVoid
    builtin-copy -exclude .DS_Store -exclude CVS -exclude .svn -exclude .git -exclude .hg -resolve-src-symlinks -rename /tmp/advoid-readiness-derived/Build/Intermediates.noindex/ArchiveIntermediates/AdVoid/IntermediateBuildFilesPath/AdVoid.build/Release-iphoneos/PacketTunnel.build/Objects-normal/arm64/PacketTunnel.swiftdoc /tmp/advoid-readiness-derived/Build/Intermediates.noindex/ArchiveIntermediates/AdVoid/BuildProductsPath/Release-iphoneos/PacketTunnel.swiftmodule/arm64-apple-ios.swiftdoc

Ld /tmp/advoid-readiness-derived/Build/Intermediates.noindex/ArchiveIntermediates/AdVoid/IntermediateBuildFilesPath/UninstalledProducts/iphoneos/PacketTunnel.appex/PacketTunnel normal (in target 'PacketTunnel' from project 'AdVoid')
    cd /Users/fig/AdVoid
    /Applications/Xcode.app/Contents/Developer/Toolchains/XcodeDefault.xctoolchain/usr/bin/clang -Xlinker -reproducible -target arm64-apple-ios26.0 -isysroot /Applications/Xcode.app/Contents/Developer/Platforms/iPhoneOS.platform/Developer/SDKs/iPhoneOS27.0.sdk -Os -Xlinker -no_warn_duplicate_libraries -L/tmp/advoid-readiness-derived/Build/Intermediates.noindex/ArchiveIntermediates/AdVoid/IntermediateBuildFilesPath/EagerLinkingTBDs/Release-iphoneos -L/tmp/advoid-readiness-derived/Build/Intermediates.noindex/ArchiveIntermediates/AdVoid/BuildProductsPath/Release-iphoneos -F/tmp/advoid-readiness-derived/Build/Intermediates.noindex/ArchiveIntermediates/AdVoid/IntermediateBuildFilesPath/EagerLinkingTBDs/Release-iphoneos -F/tmp/advoid-readiness-derived/Build/Intermediates.noindex/ArchiveIntermediates/AdVoid/BuildProductsPath/Release-iphoneos -filelist /tmp/advoid-readiness-derived/Build/Intermediates.noindex/ArchiveIntermediates/AdVoid/IntermediateBuildFilesPath/AdVoid.build/Release-iphoneos/PacketTunnel.build/Objects-normal/arm64/PacketTunnel.LinkFileList -Xlinker -rpath -Xlinker @executable_path/Frameworks -Xlinker -rpath -Xlinker @executable_path/../../Frameworks -Xlinker -dead_strip -Xlinker -object_path_lto -Xlinker /tmp/advoid-readiness-derived/Build/Intermediates.noindex/ArchiveIntermediates/AdVoid/IntermediateBuildFilesPath/AdVoid.build/Release-iphoneos/PacketTunnel.build/Objects-normal/arm64/PacketTunnel_lto.o -Xlinker -dependency_info -Xlinker /tmp/advoid-readiness-derived/Build/Intermediates.noindex/ArchiveIntermediates/AdVoid/IntermediateBuildFilesPath/AdVoid.build/Release-iphoneos/PacketTunnel.build/Objects-normal/arm64/PacketTunnel_dependency_info.dat -e _NSExtensionMain -fapplication-extension -fobjc-link-runtime -L/Applications/Xcode.app/Contents/Developer/Toolchains/XcodeDefault.xctoolchain/usr/lib/swift/iphoneos -L/usr/lib/swift -Xlinker -add_ast_path -Xlinker /tmp/advoid-readiness-derived/Build/Intermediates.noindex/ArchiveIntermediates/AdVoid/IntermediateBuildFilesPath/AdVoid.build/Release-iphoneos/PacketTunnel.build/Objects-normal/arm64/PacketTunnel.swiftmodule -o /tmp/advoid-readiness-derived/Build/Intermediates.noindex/ArchiveIntermediates/AdVoid/IntermediateBuildFilesPath/UninstalledProducts/iphoneos/PacketTunnel.appex/PacketTunnel

ExtractAppIntentsMetadata (in target 'PacketTunnel' from project 'AdVoid')
    cd /Users/fig/AdVoid
    /Applications/Xcode.app/Contents/Developer/Toolchains/XcodeDefault.xctoolchain/usr/bin/appintentsmetadataprocessor --toolchain-dir /Applications/Xcode.app/Contents/Developer/Toolchains/XcodeDefault.xctoolchain --module-name PacketTunnel --sdk-root /Applications/Xcode.app/Contents/Developer/Platforms/iPhoneOS.platform/Developer/SDKs/iPhoneOS27.0.sdk --xcode-version 27A266a --platform-family iOS --deployment-target 26.0 --bundle-identifier com.roxuh.advoid.tunnel --output /tmp/advoid-readiness-derived/Build/Intermediates.noindex/ArchiveIntermediates/AdVoid/IntermediateBuildFilesPath/UninstalledProducts/iphoneos/PacketTunnel.appex --target-triple arm64-apple-ios26.0 --binary-file /tmp/advoid-readiness-derived/Build/Intermediates.noindex/ArchiveIntermediates/AdVoid/IntermediateBuildFilesPath/UninstalledProducts/iphoneos/PacketTunnel.appex/PacketTunnel --dependency-file /tmp/advoid-readiness-derived/Build/Intermediates.noindex/ArchiveIntermediates/AdVoid/IntermediateBuildFilesPath/AdVoid.build/Release-iphoneos/PacketTunnel.build/Objects-normal/arm64/PacketTunnel_dependency_info.dat --stringsdata-file /tmp/advoid-readiness-derived/Build/Intermediates.noindex/ArchiveIntermediates/AdVoid/IntermediateBuildFilesPath/AdVoid.build/Release-iphoneos/PacketTunnel.build/Objects-normal/arm64/ExtractedAppShortcutsMetadata.stringsdata --source-file-list /tmp/advoid-readiness-derived/Build/Intermediates.noindex/ArchiveIntermediates/AdVoid/IntermediateBuildFilesPath/AdVoid.build/Release-iphoneos/PacketTunnel.build/Objects-normal/arm64/PacketTunnel.SwiftFileList --metadata-file-list /tmp/advoid-readiness-derived/Build/Intermediates.noindex/ArchiveIntermediates/AdVoid/IntermediateBuildFilesPath/AdVoid.build/Release-iphoneos/PacketTunnel.build/PacketTunnel.DependencyMetadataFileList --static-metadata-file-list /tmp/advoid-readiness-derived/Build/Intermediates.noindex/ArchiveIntermediates/AdVoid/IntermediateBuildFilesPath/AdVoid.build/Release-iphoneos/PacketTunnel.build/PacketTunnel.DependencyStaticMetadataFileList --swift-const-vals-list /tmp/advoid-readiness-derived/Build/Intermediates.noindex/ArchiveIntermediates/AdVoid/IntermediateBuildFilesPath/AdVoid.build/Release-iphoneos/PacketTunnel.build/Objects-normal/arm64/PacketTunnel.SwiftConstValuesFileList --compile-time-extraction --deployment-aware-processing --no-app-shortcuts-localization
2026-09-27 00:45:22.269 appintentsmetadataprocessor[49386:636825] Starting appintentsmetadataprocessor export
2026-09-27 00:45:22.270 appintentsmetadataprocessor[49386:636825] warning: Metadata extraction skipped, no AppIntents.framework dependency found

GenerateDSYMFile /tmp/advoid-readiness-derived/Build/Intermediates.noindex/ArchiveIntermediates/AdVoid/BuildProductsPath/Release-iphoneos/PacketTunnel.appex.dSYM /tmp/advoid-readiness-derived/Build/Intermediates.noindex/ArchiveIntermediates/AdVoid/IntermediateBuildFilesPath/UninstalledProducts/iphoneos/PacketTunnel.appex/PacketTunnel (in target 'PacketTunnel' from project 'AdVoid')
    cd /Users/fig/AdVoid
    export PATH\=/Applications/Xcode.app/Contents/SharedFrameworks/SwiftBuild.framework/Versions/A/PlugIns/SWBBuildService.bundle/Contents/PlugIns/SWBUniversalPlatformPlugin.bundle/Contents/Frameworks/SWBUniversalPlatform.framework/Resources:/Applications/Xcode.app/Contents/Developer/Toolchains/XcodeDefault.xctoolchain/usr/bin:/Applications/Xcode.app/Contents/Developer/Toolchains/XcodeDefault.xctoolchain/usr/local/bin:/Applications/Xcode.app/Contents/Developer/Toolchains/XcodeDefault.xctoolchain/usr/libexec:/Applications/Xcode.app/Contents/Developer/Platforms/iPhoneOS.platform/usr/bin:/Applications/Xcode.app/Contents/Developer/Platforms/iPhoneOS.platform/usr/local/bin:/Applications/Xcode.app/Contents/Developer/Platforms/iPhoneOS.platform/Developer/usr/bin:/Applications/Xcode.app/Contents/Developer/Platforms/iPhoneOS.platform/Developer/usr/local/bin:/Applications/Xcode.app/Contents/Developer/usr/bin:/Applications/Xcode.app/Contents/Developer/usr/local/bin:/Users/fig/.local/share/rv/gems/ruby/4.0.0/bin:/Users/fig/.local/share/rv/rubies/ruby-4.0.5/lib/ruby/gems/4.0.0/bin:/Users/fig/.local/share/rv/rubies/ruby-4.0.5/bin:/Users/fig/.nvm/versions/node/v24.17.0/bin:/opt/homebrew/bin:/opt/homebrew/sbin:/usr/local/bin:/System/Cryptexes/App/usr/bin:/usr/bin:/bin:/usr/sbin:/sbin:/var/run/com.apple.security.cryptexd/codex.system/bootstrap/usr/local/bin:/var/run/com.apple.security.cryptexd/codex.system/bootstrap/usr/bin:/var/run/com.apple.security.cryptexd/codex.system/bootstrap/usr/appleinternal/bin:/pkg/env/global/bin:/Library/Apple/usr/bin:/Applications/Wireshark.app/Contents/MacOS:/Users/fig/.codex/tmp/arg0/codex-arg0rTnFTs:/Users/fig/.cache/codex-runtimes/codex-primary-runtime/dependencies/bin/override:/Users/fig/Library/pnpm/bin:/Users/fig/.cache/codex-runtimes/codex-primary-runtime/dependencies/bin/fallback:/Applications/ChatGPT.app/Contents/Resources
    /Applications/Xcode.app/Contents/Developer/Toolchains/XcodeDefault.xctoolchain/usr/bin/dsymutil /tmp/advoid-readiness-derived/Build/Intermediates.noindex/ArchiveIntermediates/AdVoid/IntermediateBuildFilesPath/UninstalledProducts/iphoneos/PacketTunnel.appex/PacketTunnel -o /tmp/advoid-readiness-derived/Build/Intermediates.noindex/ArchiveIntermediates/AdVoid/BuildProductsPath/Release-iphoneos/PacketTunnel.appex.dSYM

AppIntentsSSUTraining (in target 'PacketTunnel' from project 'AdVoid')
    cd /Users/fig/AdVoid
    /Applications/Xcode.app/Contents/Developer/Toolchains/XcodeDefault.xctoolchain/usr/bin/appintentsnltrainingprocessor --infoplist-path /tmp/advoid-readiness-derived/Build/Intermediates.noindex/ArchiveIntermediates/AdVoid/IntermediateBuildFilesPath/UninstalledProducts/iphoneos/PacketTunnel.appex/Info.plist --temp-dir-path /tmp/advoid-readiness-derived/Build/Intermediates.noindex/ArchiveIntermediates/AdVoid/IntermediateBuildFilesPath/AdVoid.build/Release-iphoneos/PacketTunnel.build/ssu --bundle-id com.roxuh.advoid.tunnel --product-path /tmp/advoid-readiness-derived/Build/Intermediates.noindex/ArchiveIntermediates/AdVoid/IntermediateBuildFilesPath/UninstalledProducts/iphoneos/PacketTunnel.appex --extracted-metadata-path /tmp/advoid-readiness-derived/Build/Intermediates.noindex/ArchiveIntermediates/AdVoid/IntermediateBuildFilesPath/UninstalledProducts/iphoneos/PacketTunnel.appex/Metadata.appintents --deployment-postprocessing --metadata-file-list /tmp/advoid-readiness-derived/Build/Intermediates.noindex/ArchiveIntermediates/AdVoid/IntermediateBuildFilesPath/AdVoid.build/Release-iphoneos/PacketTunnel.build/PacketTunnel.DependencyMetadataFileList --source-file /tmp/advoid-readiness-derived/Build/Intermediates.noindex/ArchiveIntermediates/AdVoid/IntermediateBuildFilesPath/UninstalledProducts/iphoneos/PacketTunnel.appex/Info.plist --archive-ssu-assets
2026-09-27 00:45:22.289 appintentsnltrainingprocessor[49388:636829] Parsing options for appintentsnltrainingprocessor
2026-09-27 00:45:22.289 appintentsnltrainingprocessor[49388:636829] Starting AppIntents SSU YAML Generation
2026-09-27 00:45:22.290 appintentsnltrainingprocessor[49388:636829] No AppShortcuts found - Skipping.

Strip /tmp/advoid-readiness-derived/Build/Intermediates.noindex/ArchiveIntermediates/AdVoid/IntermediateBuildFilesPath/UninstalledProducts/iphoneos/PacketTunnel.appex/PacketTunnel (in target 'PacketTunnel' from project 'AdVoid')
    cd /Users/fig/AdVoid
    /Applications/Xcode.app/Contents/Developer/Toolchains/XcodeDefault.xctoolchain/usr/bin/strip -D -x -T /tmp/advoid-readiness-derived/Build/Intermediates.noindex/ArchiveIntermediates/AdVoid/IntermediateBuildFilesPath/UninstalledProducts/iphoneos/PacketTunnel.appex/PacketTunnel

SetOwnerAndGroup fig:staff /tmp/advoid-readiness-derived/Build/Intermediates.noindex/ArchiveIntermediates/AdVoid/IntermediateBuildFilesPath/UninstalledProducts/iphoneos/PacketTunnel.appex (in target 'PacketTunnel' from project 'AdVoid')
    cd /Users/fig/AdVoid
    /usr/sbin/chown -RH fig:staff /tmp/advoid-readiness-derived/Build/Intermediates.noindex/ArchiveIntermediates/AdVoid/IntermediateBuildFilesPath/UninstalledProducts/iphoneos/PacketTunnel.appex

SetMode u+w,go-w,a+rX /tmp/advoid-readiness-derived/Build/Intermediates.noindex/ArchiveIntermediates/AdVoid/IntermediateBuildFilesPath/UninstalledProducts/iphoneos/PacketTunnel.appex (in target 'PacketTunnel' from project 'AdVoid')
    cd /Users/fig/AdVoid
    /bin/chmod -RH u+w,go-w,a+rX /tmp/advoid-readiness-derived/Build/Intermediates.noindex/ArchiveIntermediates/AdVoid/IntermediateBuildFilesPath/UninstalledProducts/iphoneos/PacketTunnel.appex

RegisterExecutionPolicyException /tmp/advoid-readiness-derived/Build/Intermediates.noindex/ArchiveIntermediates/AdVoid/IntermediateBuildFilesPath/UninstalledProducts/iphoneos/PacketTunnel.appex (in target 'PacketTunnel' from project 'AdVoid')
    cd /Users/fig/AdVoid
    builtin-RegisterExecutionPolicyException /tmp/advoid-readiness-derived/Build/Intermediates.noindex/ArchiveIntermediates/AdVoid/IntermediateBuildFilesPath/UninstalledProducts/iphoneos/PacketTunnel.appex

Touch /tmp/advoid-readiness-derived/Build/Intermediates.noindex/ArchiveIntermediates/AdVoid/IntermediateBuildFilesPath/UninstalledProducts/iphoneos/PacketTunnel.appex (in target 'PacketTunnel' from project 'AdVoid')
    cd /Users/fig/AdVoid
    /usr/bin/touch -c /tmp/advoid-readiness-derived/Build/Intermediates.noindex/ArchiveIntermediates/AdVoid/IntermediateBuildFilesPath/UninstalledProducts/iphoneos/PacketTunnel.appex

SwiftDriverJobDiscovery normal arm64 Compiling resource_bundle_accessor.swift, AdTracker.swift, AdsAPI.swift, AdEvent.swift, AdEventStore.swift, AdRewardEvents.swift, AdEventsRequest.swift, AdHTTPRequestPath.swift, PostAdEventsOperation.swift, StoredAdEvent.swift, StoredAdEventSerializer.swift, AdReward.swift, EntitlementReward.swift, GetRewardVerificationStatusOperation.swift, RewardVerificationStatusCallback.swift, RewardVerificationStatusResponse.swift, Outcome.swift, Poller.swift, RewardVerification.swift, RewardVerificationPollStatus.swift, RewardVerificationResult.swift, RewardVerificationToken.swift, RewardedAdTrackingMetadata.swift, VirtualCurrencyReward.swift, ASIdManagerProxy.swift, AttributionData.swift, AttributionFetcher.swift, AttributionNetwork.swift, AttributionPoster.swift, AttributionTypeFactory.swift, TrackingManagerProxy.swift, Authentication.swift, CacheStatus.swift, Checksum.swift, DeviceCache.swift, DirectoryHelper.swift, FileRepository.swift, InMemoryCachedObject.swift, KeyedDeferredValueStore.swift, LargeItemCacheType.swift, URLWithValidation.swift, CheckpointEvent.swift, CheckpointWorkflowResolver.swift, Checkpoints.swift, ResolvedCheckpointWorkflow.swift, PeriodType+Extensions.swift, PurchaseOwnershipType+Extensions.swift, Store+Extensions.swift, CustomerCenterConfigData.swift, CustomerCenterPresentationMode.swift, CustomerCenterEvent.swift, EventsRequest+CustomerCenter.swift, DeepLinkParser.swift, DiagnosticsEvent.swift, DiagnosticsFileHandler.swift, DiagnosticsTracker.swift, FileHandler.swift, DiagnosticsEventsRequest.swift, DiagnosticsHTTPRequestPath.swift, DiagnosticsPostOperation.swift, DiagnosticsSynchronizer.swift, EmptyFile.swift, Assertions.swift, BackendError.swift, BackendErrorCode.swift, DescribableError.swift, ErrorCode+Conformances.swift, ErrorDetails.swift, ErrorUtils.swift, PurchasesError.swift, SKError+Extensions.swift, StoreKitError+Extensions.swift, StoreKitErrorHelper.swift, EventsManager.swift, FeatureEvent.swift, FeatureEventStore.swift, FeatureEventHTTPRequestPath.swift, FeatureEventsRequest+CheckpointEvent.swift, FeatureEventsRequest+WorkflowEvent.swift, FeatureEventsRequest.swift, PostFeatureEventsOperation.swift, StoredFeatureEvent.swift, StoredFeatureEventSerializer.swift, EventsHTTPRequestPath.swift, Array+Extensions.swift, AsyncExtensions.swift, Data+Extensions.swift, Date+Extensions.swift, Decoder+Extensions.swift, Dictionary+Extensions.swift, DispatchTimeInterval+Extensions.swift, Error+Extensions.swift, Integer+Extensions.swift, Locale+Extensions.swift, NSNumber+JSON.swift, OperationQueue+Extensions.swift, Operators+Extensions.swift, Optional+Extensions.swift, Result+Extensions.swift, Set+Extensions.swift, String+Extensions.swift, TimeInterval+Extensions.swift, UIApplication+RCExtensions.swift, UserDefaults+Extensions.swift, ErrorCode.swift, CustomerInfo+ActiveDates.swift, CustomerInfo+NonSubscriptions.swift, CustomerInfo.swift, CustomerInfoManager.swift, Identity.swift, IdentityManager.swift, ProductPaidPrice.swift, SubscriptionInfo.swift, ASN1Container.swift, ASN1ObjectIdentifier.swift, AppleReceipt.swift, InAppPurchase.swift, ASN1ContainerBuilder.swift, ASN1ObjectIdentifierBuilder.swift, AppleReceiptBuilder.swift, InAppPurchaseBuilder.swift, ArraySlice_UInt8+Extensions.swift, Codable+Extensions.swift, DateFormatter+Extensions.swift, UInt8+Extensions.swift, FileReader.swift, LoggerType.swift, ProcessInfo+Extensions.swift, ReceiptParserLogger.swift, ReceiptStrings.swift, LocalReceiptFetcher.swift, PurchasesReceiptParser.swift, ReceiptParsingError.swift, AnyDecodable+DimensionValue.swift, CustomerInfoDimensionProvider.swift, DeviceDimensionProvider.swift, Dictionary+DimensionValue.swift, DimensionProvider.swift, DimensionResolver.swift, LocalRulesEvaluator.swift, RulesEngineLoggerBridge.swift, StoreDimensionProvider.swift, SubscriberAttributesDimensionProvider.swift, SubscriberDimensionsProvider.swift, LogIntent.swift, Logger.swift, AdsStrings.swift, AnalyticsStrings.swift, AttributionStrings.swift, AuthenticationStrings.swift, BackendErrorStrings.swift, CacheStrings.swift, CheckpointsStrings.swift, CodableStrings.swift, ConfigureStrings.swift, CustomerInfoStrings.swift, DiagnosticsStrings.swift, ETagStrings.swift, EligibilityStrings.swift, EventsManagerStrings.swift, ExternalPurchaseStrings.swift, FileRepositoryStrings.swift, HostedCheckoutStrings.swift, IdentityStrings.swift, LocalRulesStrings.swift, ManageSubscriptionsStrings.swift, NetworkStrings.swift, OfferingStrings.swift, OfflineEntitlementsStrings.swift, PaywallsStrings.swift, PurchaseStrings.swift, RemoteConfigStrings.swift, SigningStrings.swift, StoreKitStrings.swift, Strings.swift, TransactionMetadataStrings.swift, VirtualCurrencyStrings.swift, WebRedemptionStrings.swift, Box.swift, AnyCodingKey.swift, AnyDecodable.swift, AnyEncodable.swift, DefaultDecodable.swift, EnsureNonEmptyCollectionDecodable.swift, IgnoreHashable.swift, NonEmptyStringDecodable.swift, RawDataContainer.swift, Atomic.swift, DeferredTask.swift, Lock.swift, OperationDispatcher.swift, Purchases+async.swift, Purchases+nonasync.swift, SynchronizedLargeItemCache.swift, SynchronizedUserDefaults.swift, CustomVariableKeyValidator.swift, DangerousSettings.swift, Clock.swift, DateExtensions.swift, DateProvider.swift, ISODurationFormatter.swift, ISOPeriodFormatter.swift, TimingUtil.swift, Deprecations.swift, Either.swift, JWT.swift, PreferredLocalesProvider.swift, MacDevice.swift, MapAppStoreDetector.swift, Obsoletions.swift, PlatformInfo.swift, PriceFormatterProvider.swift, RateLimiter.swift, SandboxEnvironmentDetector.swift, StoreKitVersion.swift, SystemInfo.swift, APISourceFailover.swift, Audience.swift, AudiencesConfigProvider.swift, Backend.swift, BackendConfiguration.swift, CacheFetchPolicy.swift, CallbackCache.swift, CallbackCacheStatus.swift, CustomerCenterConfigCallback.swift, CustomerInfoCallback.swift, ExternalPurchaseTokenCallback.swift, HostedCheckoutCallback.swift, IAMCallbacks.swift, IsPurchaseAllowedByRestoreBehaviorCallback.swift, LogInCallback.swift, OfferingsCallback.swift, ProductEntitlementMappingCallback.swift, RemoteConfigCallback.swift, VirtualCurrenciesCallback.swift, WebBillingProductsCallback.swift, WebOfferingProductsCallback.swift, CheckpointRules.swift, CheckpointsConfigProvider.swift, ConnectionErrorReason.swift, CustomerAPI.swift, CustomerCenterConfigAPI.swift, ExternalPurchaseTokenAPI.swift, GenerationGuardedCache.swift, DNSChecker.swift, ETagManager.swift, ErrorResponse.swift, HTTPClient.swift, HTTPRequest.swift, HTTPRequestBody.swift, HTTPRequestPath.swift, HTTPRequestTimeoutManager.swift, HTTPResponse.swift, HTTPResponseBody.swift, HTTPStatusCode.swift, NetworkError.swift, NetworkTimeout.swift, RedirectLoggerTaskDelegate.swift, SimpleNetworkServiceType.swift, TokenManager.swift, URLMessage+Description.swift, IdentityAPI.swift, InternalAPI.swift, OfferingsAPI.swift, OfflineEntitlementsAPI.swift, GetCustomerCenterConfigOperation.swift, GetCustomerInfoOperation.swift, GetIntroEligibilityOperation.swift, GetOfferingsOperation.swift, GetProductEntitlementMappingOperation.swift, GetRemoteConfigFallbackOperation.swift, GetRemoteConfigOperation.swift, GetVirtualCurrenciesOperation.swift, GetWebBillingProductsOperation.swift, GetWebOfferingProductsOperation.swift, CustomerInfoResponseHandler.swift, HealthOperation.swift, HealthReportAvailabilityOperation.swift, HealthReportOperation.swift, LogInOperation.swift, NetworkOperation.swift, PostAdServicesTokenOperation.swift, PostAttributionDataOperation.swift, PostExternalPurchaseTokenOperation.swift, PostHostedCheckoutOperation.swift, PostIsPurchaseAllowedByRestoreBehaviorOperation.swift, PostOfferForSigningOperation.swift, PostReceiptDataOperation.swift, PostRedeemWebPurchaseOperation.swift, PostSubscriberAttributesOperation.swift, SpendVirtualCurrenciesOperation.swift, TokenOperations.swift, RCContainer+Compression.swift, RCContainer+Element.swift, RCContainer+Parser.swift, RCContainer.swift, RedeemWebPurchaseAPI.swift, RemoteConfigAPI.swift, RemoteConfigBlobDownloader.swift, RemoteConfigBlobFetcher.swift, RemoteConfigBlobRefHelpers.swift, RemoteConfigBlobStore.swift, RemoteConfigDiskCache.swift, RemoteConfigFetchContext.swift, RemoteConfigManager.swift, RemoteConfigSignatureContextProvider.swift, RemoteConfigSourceProvider.swift, RemoteConfigTopic.swift, CustomerCenterConfigResponse.swift, CustomerInfoResponse.swift, ExternalPurchaseTokenResponse.swift, GetIntroEligibilityResponse.swift, HealthReportAvailabilityResponse.swift, HealthReportResponse.swift, HostedCheckoutResponse.swift, IAMResponses.swift, IsPurchaseAllowedByRestoreBehaviorResponse.swift, OfferingsResponse.swift, PostOfferResponse.swift, ProductEntitlementMappingResponse.swift, RemoteConfiguration.swift, PaywallComponentsData.swift, UIConfig.swift, VirtualCurrenciesResponse.swift, WebBillingProductsResponse.swift, WebOfferingProductsResponse.swift, WorkflowBranch.swift, WorkflowTriggerAction.swift, WorkflowsResponse.swift, SourceHealthChecker.swift, TokenAPI.swift, UiConfigProvider.swift, VirtualCurrenciesAPI.swift, WebBillingAPI.swift, WebBillingHTTPRequestPath.swift, WeightedSourceSelector.swift, WorkflowsConfigProvider.swift, CustomerInfo+OfflineEntitlements.swift, OfflineCustomerInfoCreator.swift, OfflineEntitlementsManager.swift, ProductEntitlementMapping.swift, ProductEntitlementMappingFetcher.swift, PurchasedProductsFetcher.swift, PurchasedSK2Product.swift, Background.swift, Border.swift, ComponentOverrides.swift, Dimension.swift, PaywallComponentBase.swift, PaywallComponentLocalization.swift, PaywallComponentPropertyTypes.swift, StateDeclaration.swift, StateUpdate.swift, PaywallButtonComponent.swift, PaywallCarouselComponent.swift, PaywallCountdownComponent.swift, PaywallHeaderComponent.swift, PaywallIconComponent.swift, PaywallImageComponent.swift, PaywallPackageComponent.swift, PaywallPurchaseButtonComponent.swift, PaywallStackComponent.swift, PaywallStickyFooterComponent.swift, PaywallTabsComponent.swift, PaywallTextComponent.swift, PaywallTimelineComponent.swift, PaywallV2CacheWarming.swift, PaywallVideoComponent.swift, PaywallWebViewComponent.swift, PaywallAnimation.swift, PaywallTransition.swift, CustomPaywallEvent.swift, CustomPaywallImpressionParams.swift, EventsRequest+CustomPaywallImpression.swift, EventsRequest+Paywall.swift, PaywallEvent.swift, WorkflowEvent.swift, ExitOffer.swift, Locale+Comparison.swift, PaywallCacheWarming.swift, PaywallColor.swift, PaywallData+Localization.swift, PaywallData.swift, PaywallFontManagerType.swift, PaywallSource.swift, PaywallViewMode.swift, SubscriptionHistoryTracker.swift, WebBundleEventBus.swift, WebBundleURLBatcher.swift, WebViewDataStoreIdentifierStore.swift, CachingProductsManager.swift, CachingTrialOrIntroPriceEligibilityChecker.swift, Configuration.swift, EntitlementInfo.swift, EntitlementInfos.swift, ExternalPurchaseCustomLinkType.swift, ExternalPurchaseFlow.swift, ExternalPurchaseLinkResult.swift, ExternalPurchaseManager.swift, ExternalPurchaseNotice.swift, ExternalPurchaseTokenType.swift, StoreKitExternalPurchaseCustomLink.swift, HostedCheckoutManager.swift, HostedCheckoutSession.swift, InstallmentsInfo.swift, InstallmentsInfoFactory.swift, IntroEligibility.swift, IntroEligibilityCalculator.swift, NonSubscriptionTransaction.swift, Offering.swift, Offerings.swift, OfferingsFactory.swift, OfferingsManager.swift, Package.swift, PackageType.swift, ProductRequestData+Initialization.swift, ProductRequestData.swift, ProductsManager.swift, ProductsManagerFactory.swift, ProductsManagerType.swift, ProductsRequestFactory.swift, PurchaseOwnershipType.swift, Attribution.swift, ConfiguredStoreEnvironment.swift, LocalTransactionMetadata.swift, LocalTransactionMetadataStore.swift, PurchaseParams.swift, Purchases.swift, PurchasesAreCompletedBy.swift, PurchasesConfiguredNotifier.swift, PurchasesDelegate.swift, PurchasesOrchestrator.swift, PurchasesType.swift, TransactionMetadataSyncHelper.swift, TransactionNotifications.swift, TransactionPoster.swift, ReceiptFetcher.swift, ReceiptRefreshPolicy.swift, SimulatedStoreProduct.swift, SimulatedStoreProductsManager.swift, SimulatedStorePurchaseHandler.swift, SimulatedStorePurchaseUI.swift, SimulatedStoreTransaction.swift, SimulatedStoreTransactionFetcher.swift, WebBillingProduct+SimulatedStoreProduct.swift, PaymentQueueWrapper.swift, ProductsFetcherSK1.swift, StoreKit1Wrapper.swift, StoreKitRequestFetcher.swift, StoreKit2ObserverModePurchaseDetector.swift, CompoundProductIdentifier.swift, CompoundProductIdentifierResolver.swift, ProductsFetcherSK2.swift, SK2AppTransaction.swift, SK2BeginRefundRequestHelper.swift, StoreKit2ConfirmInOptions.swift, StoreKit2ProductPurchaser.swift, StoreKit2PromotionalOfferPurchaseOptions.swift, StoreKit2PurchaseIntentListener.swift, StoreKit2Receipt.swift, StoreKit2StorefrontListener.swift, StoreKit2TransactionFetcher.swift, StoreKit2TransactionListener.swift, WinBackEligibilityAdapters.swift, WinBackOfferEligibilityCalculator.swift, WinBackOfferEligibilityCalculatorType.swift, BillingPlanType.swift, EncodedAppleReceipt.swift, ProductType.swift, PromotionalOffer.swift, RevocationReason.swift, SK1StoreProduct.swift, SK1StoreProductDiscount.swift, SK1StoreTransaction.swift, SK1Storefront.swift, SK2StoreProduct.swift, SK2StoreProductDiscount.swift, SK2StoreTransaction.swift, SK2Storefront.swift, StoreEnvironment.swift, StoreKitWorkarounds.swift, StoreProduct.swift, StoreProductDiscount.swift, StoreTransaction.swift, Storefront.swift, StorefrontProvider.swift, SubscriptionPeriod.swift, TestStoreProduct.swift, TestStoreProductDiscount.swift, TestStoreTransaction.swift, TransactionReason.swift, WinBackOffer.swift, TransactionsFactory.swift, TransactionsManager.swift, TrialOrIntroPriceEligibilityChecker.swift, WorkflowManager.swift, CaseOperators.swift, CustomOperators.swift, EntriesOperators.swift, LetOperator.swift, RegexOperators.swift, RootVarOperator.swift, SemverOperator.swift, SliceOperator.swift, SortByOperator.swift, SplitOperator.swift, EvaluationError.swift, Evaluator.swift, ObjectValue.swift, AccessorOperators.swift, ArithmeticOperators.swift, ComparisonOperators.swift, EqualityOperators.swift, IterationOperators.swift, LogicOperators.swift, MinMaxOperators.swift, MiscOperators.swift, Operators.swift, StringArrayOperators.swift, RulesEngine.swift, RulesEngineEvaluate.swift, RulesEngineLogger.swift, Scope.swift, Value+JSON.swift, Value.swift, FakeSigning.swift, HTTPRequest+Signing.swift, HTTPRequestBody+Signing.swift, Keychain.swift, Signing+ResponseVerification.swift, Signing.swift, VerificationResult.swift, AttributionDataMigrator.swift, AttributionKey.swift, ReservedSubscriberAttributes.swift, SubscriberAttribute.swift, SubscriberAttributesManager+Appstack.swift, SubscriberAttributesManager.swift, BeginRefundRequestHelper.swift, DebugContentViews.swift, DebugView.swift, DebugViewController.swift, DebugViewModel.swift, DebugViewSheetPresentation.swift, ProductStatus+Icon.swift, SDKHealthCheckStatus+Icon.swift, SDKHealthStatus+Icon.swift, FrameworkDisambiguation.swift, HealthReport+Validate.swift, ManageSubscriptionsHelper.swift, PaymentAuthorizationProvider.swift, PaywallExtensions.swift, PurchasesDiagnostics.swift, SDKHealthError+CustomNSError.swift, SDKHealthManager.swift, StoreMessageType.swift, StoreMessagesHelper.swift, SwiftVersionCheck.swift, VirtualCurrencies.swift, VirtualCurrency.swift, VirtualCurrencyManager.swift, URL+WebPurchaseRedemption.swift, WebPurchaseRedemption.swift, WebPurchaseRedemptionHelper.swift, WebPurchaseRedemptionResult.swift (in target 'RevenueCat' from project 'RevenueCat')

SwiftDriver\ Compilation\ Requirements RevenueCat normal arm64 com.apple.xcode.tools.swift.compiler (in target 'RevenueCat' from project 'RevenueCat')
    cd /Users/fig/AdVoid/AdVoid.xcodeproj
    builtin-Swift-Compilation-Requirements -- /Applications/Xcode.app/Contents/Developer/Toolchains/XcodeDefault.xctoolchain/usr/bin/swiftc -parse-as-library -module-name RevenueCat -O -whole-module-optimization @/tmp/advoid-readiness-derived/Build/Intermediates.noindex/ArchiveIntermediates/AdVoid/IntermediateBuildFilesPath/RevenueCat.build/Release-iphoneos/RevenueCat-t.build/Objects-normal/arm64/RevenueCat.SwiftFileList -DSWIFT_PACKAGE -DSWIFT_MODULE_RESOURCE_BUNDLE_AVAILABLE -DXcode -plugin-path /Applications/Xcode.app/Contents/Developer/Toolchains/XcodeDefault.xctoolchain/usr/lib/swift/host/plugins/testing -enable-experimental-feature DebugDescriptionMacro -sdk /Applications/Xcode.app/Contents/Developer/Platforms/iPhoneOS.platform/Developer/SDKs/iPhoneOS27.0.sdk -target arm64-apple-ios15.0 -g -module-cache-path /tmp/advoid-readiness-derived/ModuleCache.noindex -Xfrontend -serialize-debugging-options -suppress-warnings -swift-version 5 -I /tmp/advoid-readiness-derived/Build/Intermediates.noindex/ArchiveIntermediates/AdVoid/BuildProductsPath/Release-iphoneos -Isystem /Applications/Xcode.app/Contents/Developer/Platforms/iPhoneOS.platform/Developer/usr/lib -F /tmp/advoid-readiness-derived/Build/Intermediates.noindex/ArchiveIntermediates/AdVoid/BuildProductsPath/Release-iphoneos -F /Applications/Xcode.app/Contents/Developer/Platforms/iPhoneOS.platform/Developer/Library/Frameworks -F /Applications/Xcode.app/Contents/Developer/Platforms/iPhoneOS.platform/Developer/SDKs/iPhoneOS27.0.sdk/Developer/Library/Frameworks -emit-localized-strings -emit-localized-strings-path /tmp/advoid-readiness-derived/Build/Intermediates.noindex/ArchiveIntermediates/AdVoid/IntermediateBuildFilesPath/RevenueCat.build/Release-iphoneos/RevenueCat-t.build/Objects-normal/arm64 -c -num-threads 10 -Xcc -ivfsstatcache -Xcc /tmp/advoid-readiness-derived/SDKStatCaches.noindex/iphoneos27.0-24A430-6c78b3cbc238196c85e1bf6c792c5915.sdkstatcache -output-file-map /tmp/advoid-readiness-derived/Build/Intermediates.noindex/ArchiveIntermediates/AdVoid/IntermediateBuildFilesPath/RevenueCat.build/Release-iphoneos/RevenueCat-t.build/Objects-normal/arm64/RevenueCat-OutputFileMap.json -save-temps -no-color-diagnostics -explicit-module-build -module-cache-path /tmp/advoid-readiness-derived/Build/Intermediates.noindex/ArchiveIntermediates/AdVoid/IntermediateBuildFilesPath/SwiftExplicitPrecompiledModules -clang-scanner-module-cache-path /tmp/advoid-readiness-derived/ModuleCache.noindex -sdk-module-cache-path /tmp/advoid-readiness-derived/SDKExplicitPrecompiledModules -emit-dependencies -emit-module -emit-module-path /tmp/advoid-readiness-derived/Build/Intermediates.noindex/ArchiveIntermediates/AdVoid/IntermediateBuildFilesPath/RevenueCat.build/Release-iphoneos/RevenueCat-t.build/Objects-normal/arm64/RevenueCat.swiftmodule -serialize-diagnostics -dependency-scan-serialize-diagnostics-path /tmp/advoid-readiness-derived/Build/Intermediates.noindex/ArchiveIntermediates/AdVoid/IntermediateBuildFilesPath/RevenueCat.build/Release-iphoneos/RevenueCat-t.build/Objects-normal/arm64/RevenueCat-dependency-scan.dia -validate-clang-modules-once -clang-build-session-file /tmp/advoid-readiness-derived/ModuleCache.noindex/Session.modulevalidation -Xcc -fmodules-prune-interval\=86400 -Xcc -fmodules-prune-after\=345600 -package-name purchases_ios_spm -emit-const-values -const-gather-protocols-list /tmp/advoid-readiness-derived/Build/Intermediates.noindex/ArchiveIntermediates/AdVoid/IntermediateBuildFilesPath/RevenueCat.build/Release-iphoneos/RevenueCat-t.build/Objects-normal/arm64/RevenueCat_const_extract_protocols.json -Xcc -I/tmp/advoid-readiness-derived/Build/Intermediates.noindex/ArchiveIntermediates/AdVoid/BuildProductsPath/Release-iphoneos/include -Xcc -I/tmp/advoid-readiness-derived/Build/Intermediates.noindex/ArchiveIntermediates/AdVoid/IntermediateBuildFilesPath/RevenueCat.build/Release-iphoneos/RevenueCat-t.build/DerivedSources-normal/arm64 -Xcc -I/tmp/advoid-readiness-derived/Build/Intermediates.noindex/ArchiveIntermediates/AdVoid/IntermediateBuildFilesPath/RevenueCat.build/Release-iphoneos/RevenueCat-t.build/DerivedSources/arm64 -Xcc -I/tmp/advoid-readiness-derived/Build/Intermediates.noindex/ArchiveIntermediates/AdVoid/IntermediateBuildFilesPath/RevenueCat.build/Release-iphoneos/RevenueCat-t.build/DerivedSources -Xcc -DSWIFT_PACKAGE -emit-objc-header -emit-objc-header-path /tmp/advoid-readiness-derived/Build/Intermediates.noindex/ArchiveIntermediates/AdVoid/IntermediateBuildFilesPath/RevenueCat.build/Release-iphoneos/RevenueCat-t.build/Objects-normal/arm64/RevenueCat-Swift.h -working-directory /Users/fig/AdVoid/AdVoid.xcodeproj -no-emit-module-separately-wmo

SwiftMergeGeneratedHeaders /tmp/advoid-readiness-derived/Build/Intermediates.noindex/ArchiveIntermediates/AdVoid/IntermediateBuildFilesPath/GeneratedModuleMaps-iphoneos/RevenueCat-Swift.h /tmp/advoid-readiness-derived/Build/Intermediates.noindex/ArchiveIntermediates/AdVoid/IntermediateBuildFilesPath/RevenueCat.build/Release-iphoneos/RevenueCat-t.build/Objects-normal/arm64/RevenueCat-Swift.h (in target 'RevenueCat' from project 'RevenueCat')
    cd /tmp/advoid-readiness-derived/SourcePackages/checkouts/purchases-ios-spm
    builtin-swiftHeaderTool -arch arm64 /tmp/advoid-readiness-derived/Build/Intermediates.noindex/ArchiveIntermediates/AdVoid/IntermediateBuildFilesPath/RevenueCat.build/Release-iphoneos/RevenueCat-t.build/Objects-normal/arm64/RevenueCat-Swift.h -o /tmp/advoid-readiness-derived/Build/Intermediates.noindex/ArchiveIntermediates/AdVoid/IntermediateBuildFilesPath/GeneratedModuleMaps-iphoneos/RevenueCat-Swift.h

Copy /tmp/advoid-readiness-derived/Build/Intermediates.noindex/ArchiveIntermediates/AdVoid/BuildProductsPath/Release-iphoneos/RevenueCat.swiftmodule/arm64-apple-ios.swiftdoc /tmp/advoid-readiness-derived/Build/Intermediates.noindex/ArchiveIntermediates/AdVoid/IntermediateBuildFilesPath/RevenueCat.build/Release-iphoneos/RevenueCat-t.build/Objects-normal/arm64/RevenueCat.swiftdoc (in target 'RevenueCat' from project 'RevenueCat')
    cd /tmp/advoid-readiness-derived/SourcePackages/checkouts/purchases-ios-spm
    builtin-copy -exclude .DS_Store -exclude CVS -exclude .svn -exclude .git -exclude .hg -strip-unsigned-binaries -strip-deterministic -strip-tool /Applications/Xcode.app/Contents/Developer/Toolchains/XcodeDefault.xctoolchain/usr/bin/strip -resolve-src-symlinks -rename /tmp/advoid-readiness-derived/Build/Intermediates.noindex/ArchiveIntermediates/AdVoid/IntermediateBuildFilesPath/RevenueCat.build/Release-iphoneos/RevenueCat-t.build/Objects-normal/arm64/RevenueCat.swiftdoc /tmp/advoid-readiness-derived/Build/Intermediates.noindex/ArchiveIntermediates/AdVoid/BuildProductsPath/Release-iphoneos/RevenueCat.swiftmodule/arm64-apple-ios.swiftdoc

Copy /tmp/advoid-readiness-derived/Build/Intermediates.noindex/ArchiveIntermediates/AdVoid/BuildProductsPath/Release-iphoneos/RevenueCat.swiftmodule/arm64-apple-ios.abi.json /tmp/advoid-readiness-derived/Build/Intermediates.noindex/ArchiveIntermediates/AdVoid/IntermediateBuildFilesPath/RevenueCat.build/Release-iphoneos/RevenueCat-t.build/Objects-normal/arm64/RevenueCat.abi.json (in target 'RevenueCat' from project 'RevenueCat')
    cd /tmp/advoid-readiness-derived/SourcePackages/checkouts/purchases-ios-spm
    builtin-copy -exclude .DS_Store -exclude CVS -exclude .svn -exclude .git -exclude .hg -strip-unsigned-binaries -strip-deterministic -strip-tool /Applications/Xcode.app/Contents/Developer/Toolchains/XcodeDefault.xctoolchain/usr/bin/strip -resolve-src-symlinks -rename /tmp/advoid-readiness-derived/Build/Intermediates.noindex/ArchiveIntermediates/AdVoid/IntermediateBuildFilesPath/RevenueCat.build/Release-iphoneos/RevenueCat-t.build/Objects-normal/arm64/RevenueCat.abi.json /tmp/advoid-readiness-derived/Build/Intermediates.noindex/ArchiveIntermediates/AdVoid/BuildProductsPath/Release-iphoneos/RevenueCat.swiftmodule/arm64-apple-ios.abi.json

Copy /tmp/advoid-readiness-derived/Build/Intermediates.noindex/ArchiveIntermediates/AdVoid/BuildProductsPath/Release-iphoneos/RevenueCat.swiftmodule/arm64-apple-ios.swiftmodule /tmp/advoid-readiness-derived/Build/Intermediates.noindex/ArchiveIntermediates/AdVoid/IntermediateBuildFilesPath/RevenueCat.build/Release-iphoneos/RevenueCat-t.build/Objects-normal/arm64/RevenueCat.swiftmodule (in target 'RevenueCat' from project 'RevenueCat')
    cd /tmp/advoid-readiness-derived/SourcePackages/checkouts/purchases-ios-spm
    builtin-copy -exclude .DS_Store -exclude CVS -exclude .svn -exclude .git -exclude .hg -strip-unsigned-binaries -strip-deterministic -strip-tool /Applications/Xcode.app/Contents/Developer/Toolchains/XcodeDefault.xctoolchain/usr/bin/strip -resolve-src-symlinks -rename /tmp/advoid-readiness-derived/Build/Intermediates.noindex/ArchiveIntermediates/AdVoid/IntermediateBuildFilesPath/RevenueCat.build/Release-iphoneos/RevenueCat-t.build/Objects-normal/arm64/RevenueCat.swiftmodule /tmp/advoid-readiness-derived/Build/Intermediates.noindex/ArchiveIntermediates/AdVoid/BuildProductsPath/Release-iphoneos/RevenueCat.swiftmodule/arm64-apple-ios.swiftmodule

Ld /tmp/advoid-readiness-derived/Build/Intermediates.noindex/ArchiveIntermediates/AdVoid/IntermediateBuildFilesPath/UninstalledProducts/iphoneos/RevenueCat.o normal (in target 'RevenueCat' from project 'RevenueCat')
    cd /tmp/advoid-readiness-derived/SourcePackages/checkouts/purchases-ios-spm
    /Applications/Xcode.app/Contents/Developer/Toolchains/XcodeDefault.xctoolchain/usr/bin/clang -Xlinker -reproducible -target arm64-apple-ios15.0 -r -isysroot /Applications/Xcode.app/Contents/Developer/Platforms/iPhoneOS.platform/Developer/SDKs/iPhoneOS27.0.sdk -Os -w -Xlinker -no_warn_duplicate_libraries -F/tmp/advoid-readiness-derived/Build/Intermediates.noindex/ArchiveIntermediates/AdVoid/IntermediateBuildFilesPath/EagerLinkingTBDs/Release-iphoneos -F/tmp/advoid-readiness-derived/Build/Intermediates.noindex/ArchiveIntermediates/AdVoid/BuildProductsPath/Release-iphoneos -iframework /Applications/Xcode.app/Contents/Developer/Platforms/iPhoneOS.platform/Developer/Library/Frameworks -iframework /Applications/Xcode.app/Contents/Developer/Platforms/iPhoneOS.platform/Developer/SDKs/iPhoneOS27.0.sdk/Developer/Library/Frameworks -filelist /tmp/advoid-readiness-derived/Build/Intermediates.noindex/ArchiveIntermediates/AdVoid/IntermediateBuildFilesPath/RevenueCat.build/Release-iphoneos/RevenueCat-t.build/Objects-normal/arm64/RevenueCat.LinkFileList -nostdlib -Xlinker -object_path_lto -Xlinker /tmp/advoid-readiness-derived/Build/Intermediates.noindex/ArchiveIntermediates/AdVoid/IntermediateBuildFilesPath/RevenueCat.build/Release-iphoneos/RevenueCat-t.build/Objects-normal/arm64/RevenueCat_lto.o -Xlinker -dependency_info -Xlinker /tmp/advoid-readiness-derived/Build/Intermediates.noindex/ArchiveIntermediates/AdVoid/IntermediateBuildFilesPath/RevenueCat.build/Release-iphoneos/RevenueCat-t.build/Objects-normal/arm64/RevenueCat_dependency_info.dat -fobjc-link-runtime -L/Applications/Xcode.app/Contents/Developer/Toolchains/XcodeDefault.xctoolchain/usr/lib/swift/iphoneos -L/usr/lib/swift -Xlinker -add_ast_path -Xlinker /tmp/advoid-readiness-derived/Build/Intermediates.noindex/ArchiveIntermediates/AdVoid/IntermediateBuildFilesPath/RevenueCat.build/Release-iphoneos/RevenueCat-t.build/Objects-normal/arm64/RevenueCat.swiftmodule -o /tmp/advoid-readiness-derived/Build/Intermediates.noindex/ArchiveIntermediates/AdVoid/IntermediateBuildFilesPath/UninstalledProducts/iphoneos/RevenueCat.o

GenerateAssetSymbols /tmp/advoid-readiness-derived/SourcePackages/checkouts/purchases-ios-spm/RevenueCatUI/Resources/Media.xcassets /tmp/advoid-readiness-derived/SourcePackages/checkouts/purchases-ios-spm/RevenueCatUI/Resources/icons.xcassets (in target 'RevenueCatUI' from project 'RevenueCat')
    cd /tmp/advoid-readiness-derived/SourcePackages/checkouts/purchases-ios-spm
    /Applications/Xcode.app/Contents/Developer/usr/bin/actool /tmp/advoid-readiness-derived/SourcePackages/checkouts/purchases-ios-spm/RevenueCatUI/Resources/Media.xcassets /tmp/advoid-readiness-derived/SourcePackages/checkouts/purchases-ios-spm/RevenueCatUI/Resources/icons.xcassets --compile /tmp/advoid-readiness-derived/Build/Intermediates.noindex/ArchiveIntermediates/AdVoid/IntermediateBuildFilesPath/UninstalledProducts/iphoneos --output-format human-readable-text --notices --warnings --export-dependency-info /tmp/advoid-readiness-derived/Build/Intermediates.noindex/ArchiveIntermediates/AdVoid/IntermediateBuildFilesPath/RevenueCat.build/Release-iphoneos/RevenueCatUI-t.build/assetcatalog_dependencies --output-partial-info-plist /tmp/advoid-readiness-derived/Build/Intermediates.noindex/ArchiveIntermediates/AdVoid/IntermediateBuildFilesPath/RevenueCat.build/Release-iphoneos/RevenueCatUI-t.build/assetcatalog_generated_info.plist --compress-pngs --enable-on-demand-resources NO --development-region en --target-device iphone --target-device ipad --minimum-deployment-target 15.0 --platform iphoneos --bundle-identifier purchases-ios-spm.RevenueCatUI --generate-swift-asset-symbol-extensions NO --generate-swift-asset-symbols /tmp/advoid-readiness-derived/Build/Intermediates.noindex/ArchiveIntermediates/AdVoid/IntermediateBuildFilesPath/RevenueCat.build/Release-iphoneos/RevenueCatUI-t.build/DerivedSources/GeneratedAssetSymbols.swift --generate-objc-asset-symbols /tmp/advoid-readiness-derived/Build/Intermediates.noindex/ArchiveIntermediates/AdVoid/IntermediateBuildFilesPath/RevenueCat.build/Release-iphoneos/RevenueCatUI-t.build/DerivedSources/GeneratedAssetSymbols.h --generate-asset-symbol-index /tmp/advoid-readiness-derived/Build/Intermediates.noindex/ArchiveIntermediates/AdVoid/IntermediateBuildFilesPath/RevenueCat.build/Release-iphoneos/RevenueCatUI-t.build/DerivedSources/GeneratedAssetSymbols-Index.plist
/* com.apple.actool.compilation-results */
/tmp/advoid-readiness-derived/Build/Intermediates.noindex/ArchiveIntermediates/AdVoid/IntermediateBuildFilesPath/RevenueCat.build/Release-iphoneos/RevenueCatUI-t.build/DerivedSources/GeneratedAssetSymbols-Index.plist
/tmp/advoid-readiness-derived/Build/Intermediates.noindex/ArchiveIntermediates/AdVoid/IntermediateBuildFilesPath/RevenueCat.build/Release-iphoneos/RevenueCatUI-t.build/DerivedSources/GeneratedAssetSymbols.h
/tmp/advoid-readiness-derived/Build/Intermediates.noindex/ArchiveIntermediates/AdVoid/IntermediateBuildFilesPath/RevenueCat.build/Release-iphoneos/RevenueCatUI-t.build/DerivedSources/GeneratedAssetSymbols.swift


SwiftDriver RevenueCatUI normal arm64 com.apple.xcode.tools.swift.compiler (in target 'RevenueCatUI' from project 'RevenueCat')
    cd /Users/fig/AdVoid/AdVoid.xcodeproj
    builtin-SwiftDriver -- /Applications/Xcode.app/Contents/Developer/Toolchains/XcodeDefault.xctoolchain/usr/bin/swiftc -parse-as-library -module-name RevenueCatUI -O -whole-module-optimization @/tmp/advoid-readiness-derived/Build/Intermediates.noindex/ArchiveIntermediates/AdVoid/IntermediateBuildFilesPath/RevenueCat.build/Release-iphoneos/RevenueCatUI-t.build/Objects-normal/arm64/RevenueCatUI.SwiftFileList -DSWIFT_PACKAGE -DSWIFT_MODULE_RESOURCE_BUNDLE_AVAILABLE -DXcode -plugin-path /Applications/Xcode.app/Contents/Developer/Toolchains/XcodeDefault.xctoolchain/usr/lib/swift/host/plugins/testing -enable-experimental-feature DebugDescriptionMacro -sdk /Applications/Xcode.app/Contents/Developer/Platforms/iPhoneOS.platform/Developer/SDKs/iPhoneOS27.0.sdk -target arm64-apple-ios15.0 -g -module-cache-path /tmp/advoid-readiness-derived/ModuleCache.noindex -Xfrontend -serialize-debugging-options -suppress-warnings -swift-version 5 -I /tmp/advoid-readiness-derived/Build/Intermediates.noindex/ArchiveIntermediates/AdVoid/BuildProductsPath/Release-iphoneos -Isystem /Applications/Xcode.app/Contents/Developer/Platforms/iPhoneOS.platform/Developer/usr/lib -F /tmp/advoid-readiness-derived/Build/Intermediates.noindex/ArchiveIntermediates/AdVoid/BuildProductsPath/Release-iphoneos/PackageFrameworks -F /tmp/advoid-readiness-derived/Build/Intermediates.noindex/ArchiveIntermediates/AdVoid/BuildProductsPath/Release-iphoneos -F /Applications/Xcode.app/Contents/Developer/Platforms/iPhoneOS.platform/Developer/Library/Frameworks -F /Applications/Xcode.app/Contents/Developer/Platforms/iPhoneOS.platform/Developer/SDKs/iPhoneOS27.0.sdk/Developer/Library/Frameworks -emit-localized-strings -emit-localized-strings-path /tmp/advoid-readiness-derived/Build/Intermediates.noindex/ArchiveIntermediates/AdVoid/IntermediateBuildFilesPath/RevenueCat.build/Release-iphoneos/RevenueCatUI-t.build/Objects-normal/arm64 -c -num-threads 10 -Xcc -ivfsstatcache -Xcc /tmp/advoid-readiness-derived/SDKStatCaches.noindex/iphoneos27.0-24A430-6c78b3cbc238196c85e1bf6c792c5915.sdkstatcache -output-file-map /tmp/advoid-readiness-derived/Build/Intermediates.noindex/ArchiveIntermediates/AdVoid/IntermediateBuildFilesPath/RevenueCat.build/Release-iphoneos/RevenueCatUI-t.build/Objects-normal/arm64/RevenueCatUI-OutputFileMap.json -save-temps -no-color-diagnostics -explicit-module-build -module-cache-path /tmp/advoid-readiness-derived/Build/Intermediates.noindex/ArchiveIntermediates/AdVoid/IntermediateBuildFilesPath/SwiftExplicitPrecompiledModules -clang-scanner-module-cache-path /tmp/advoid-readiness-derived/ModuleCache.noindex -sdk-module-cache-path /tmp/advoid-readiness-derived/SDKExplicitPrecompiledModules -emit-dependencies -emit-module -emit-module-path /tmp/advoid-readiness-derived/Build/Intermediates.noindex/ArchiveIntermediates/AdVoid/IntermediateBuildFilesPath/RevenueCat.build/Release-iphoneos/RevenueCatUI-t.build/Objects-normal/arm64/RevenueCatUI.swiftmodule -serialize-diagnostics -dependency-scan-serialize-diagnostics-path /tmp/advoid-readiness-derived/Build/Intermediates.noindex/ArchiveIntermediates/AdVoid/IntermediateBuildFilesPath/RevenueCat.build/Release-iphoneos/RevenueCatUI-t.build/Objects-normal/arm64/RevenueCatUI-dependency-scan.dia -validate-clang-modules-once -clang-build-session-file /tmp/advoid-readiness-derived/ModuleCache.noindex/Session.modulevalidation -Xcc -fmodules-prune-interval\=86400 -Xcc -fmodules-prune-after\=345600 -package-name purchases_ios_spm -emit-const-values -const-gather-protocols-list /tmp/advoid-readiness-derived/Build/Intermediates.noindex/ArchiveIntermediates/AdVoid/IntermediateBuildFilesPath/RevenueCat.build/Release-iphoneos/RevenueCatUI-t.build/Objects-normal/arm64/RevenueCatUI_const_extract_protocols.json -Xcc -I/tmp/advoid-readiness-derived/Build/Intermediates.noindex/ArchiveIntermediates/AdVoid/BuildProductsPath/Release-iphoneos/include -Xcc -I/tmp/advoid-readiness-derived/Build/Intermediates.noindex/ArchiveIntermediates/AdVoid/IntermediateBuildFilesPath/RevenueCat.build/Release-iphoneos/RevenueCatUI-t.build/DerivedSources-normal/arm64 -Xcc -I/tmp/advoid-readiness-derived/Build/Intermediates.noindex/ArchiveIntermediates/AdVoid/IntermediateBuildFilesPath/RevenueCat.build/Release-iphoneos/RevenueCatUI-t.build/DerivedSources/arm64 -Xcc -I/tmp/advoid-readiness-derived/Build/Intermediates.noindex/ArchiveIntermediates/AdVoid/IntermediateBuildFilesPath/RevenueCat.build/Release-iphoneos/RevenueCatUI-t.build/DerivedSources -Xcc -DSWIFT_PACKAGE -emit-objc-header -emit-objc-header-path /tmp/advoid-readiness-derived/Build/Intermediates.noindex/ArchiveIntermediates/AdVoid/IntermediateBuildFilesPath/RevenueCat.build/Release-iphoneos/RevenueCatUI-t.build/Objects-normal/arm64/RevenueCatUI-Swift.h -working-directory /Users/fig/AdVoid/AdVoid.xcodeproj -no-emit-module-separately-wmo

ExtractAppIntentsMetadata (in target 'RevenueCat' from project 'RevenueCat')
    cd /tmp/advoid-readiness-derived/SourcePackages/checkouts/purchases-ios-spm
    /Applications/Xcode.app/Contents/Developer/Toolchains/XcodeDefault.xctoolchain/usr/bin/appintentsmetadataprocessor --toolchain-dir /Applications/Xcode.app/Contents/Developer/Toolchains/XcodeDefault.xctoolchain --module-name RevenueCat --sdk-root /Applications/Xcode.app/Contents/Developer/Platforms/iPhoneOS.platform/Developer/SDKs/iPhoneOS27.0.sdk --xcode-version 27A266a --platform-family iOS --deployment-target 15.0 --bundle-identifier purchases-ios-spm.RevenueCat --output /tmp/advoid-readiness-derived/Build/Intermediates.noindex/ArchiveIntermediates/AdVoid/IntermediateBuildFilesPath/UninstalledProducts/iphoneos/RevenueCat.appintents --target-triple arm64-apple-ios15.0 --binary-file /tmp/advoid-readiness-derived/Build/Intermediates.noindex/ArchiveIntermediates/AdVoid/IntermediateBuildFilesPath/UninstalledProducts/iphoneos/RevenueCat.o --dependency-file /tmp/advoid-readiness-derived/Build/Intermediates.noindex/ArchiveIntermediates/AdVoid/IntermediateBuildFilesPath/RevenueCat.build/Release-iphoneos/RevenueCat-t.build/Objects-normal/arm64/RevenueCat_dependency_info.dat --stringsdata-file /tmp/advoid-readiness-derived/Build/Intermediates.noindex/ArchiveIntermediates/AdVoid/IntermediateBuildFilesPath/RevenueCat.build/Release-iphoneos/RevenueCat-t.build/Objects-normal/arm64/ExtractedAppShortcutsMetadata.stringsdata --source-file-list /tmp/advoid-readiness-derived/Build/Intermediates.noindex/ArchiveIntermediates/AdVoid/IntermediateBuildFilesPath/RevenueCat.build/Release-iphoneos/RevenueCat-t.build/Objects-normal/arm64/RevenueCat.SwiftFileList --metadata-file-list /tmp/advoid-readiness-derived/Build/Intermediates.noindex/ArchiveIntermediates/AdVoid/IntermediateBuildFilesPath/RevenueCat.build/Release-iphoneos/RevenueCat-t.build/RevenueCat.DependencyMetadataFileList --static-metadata-file-list /tmp/advoid-readiness-derived/Build/Intermediates.noindex/ArchiveIntermediates/AdVoid/IntermediateBuildFilesPath/RevenueCat.build/Release-iphoneos/RevenueCat-t.build/RevenueCat.DependencyStaticMetadataFileList --swift-const-vals-list /tmp/advoid-readiness-derived/Build/Intermediates.noindex/ArchiveIntermediates/AdVoid/IntermediateBuildFilesPath/RevenueCat.build/Release-iphoneos/RevenueCat-t.build/Objects-normal/arm64/RevenueCat.SwiftConstValuesFileList --force --compile-time-extraction --deployment-aware-processing --no-app-shortcuts-localization
2026-09-27 00:46:03.676 appintentsmetadataprocessor[49464:637842] Starting appintentsmetadataprocessor export
2026-09-27 00:46:03.738 appintentsmetadataprocessor[49464:637842] Extracted no relevant App Intents symbols, skipping writing output

SetOwnerAndGroup fig:staff /tmp/advoid-readiness-derived/Build/Intermediates.noindex/ArchiveIntermediates/AdVoid/IntermediateBuildFilesPath/UninstalledProducts/iphoneos/RevenueCat.o (in target 'RevenueCat' from project 'RevenueCat')
    cd /tmp/advoid-readiness-derived/SourcePackages/checkouts/purchases-ios-spm
    /usr/sbin/chown -RH fig:staff /tmp/advoid-readiness-derived/Build/Intermediates.noindex/ArchiveIntermediates/AdVoid/IntermediateBuildFilesPath/UninstalledProducts/iphoneos/RevenueCat.o

SetMode u+w,go-w,a+rX /tmp/advoid-readiness-derived/Build/Intermediates.noindex/ArchiveIntermediates/AdVoid/IntermediateBuildFilesPath/UninstalledProducts/iphoneos/RevenueCat.o (in target 'RevenueCat' from project 'RevenueCat')
    cd /tmp/advoid-readiness-derived/SourcePackages/checkouts/purchases-ios-spm
    /bin/chmod -RH u+w,go-w,a+rX /tmp/advoid-readiness-derived/Build/Intermediates.noindex/ArchiveIntermediates/AdVoid/IntermediateBuildFilesPath/UninstalledProducts/iphoneos/RevenueCat.o

SwiftDriver\ Compilation RevenueCatUI normal arm64 com.apple.xcode.tools.swift.compiler (in target 'RevenueCatUI' from project 'RevenueCat')
    cd /Users/fig/AdVoid/AdVoid.xcodeproj
    builtin-Swift-Compilation -- /Applications/Xcode.app/Contents/Developer/Toolchains/XcodeDefault.xctoolchain/usr/bin/swiftc -parse-as-library -module-name RevenueCatUI -O -whole-module-optimization @/tmp/advoid-readiness-derived/Build/Intermediates.noindex/ArchiveIntermediates/AdVoid/IntermediateBuildFilesPath/RevenueCat.build/Release-iphoneos/RevenueCatUI-t.build/Objects-normal/arm64/RevenueCatUI.SwiftFileList -DSWIFT_PACKAGE -DSWIFT_MODULE_RESOURCE_BUNDLE_AVAILABLE -DXcode -plugin-path /Applications/Xcode.app/Contents/Developer/Toolchains/XcodeDefault.xctoolchain/usr/lib/swift/host/plugins/testing -enable-experimental-feature DebugDescriptionMacro -sdk /Applications/Xcode.app/Contents/Developer/Platforms/iPhoneOS.platform/Developer/SDKs/iPhoneOS27.0.sdk -target arm64-apple-ios15.0 -g -module-cache-path /tmp/advoid-readiness-derived/ModuleCache.noindex -Xfrontend -serialize-debugging-options -suppress-warnings -swift-version 5 -I /tmp/advoid-readiness-derived/Build/Intermediates.noindex/ArchiveIntermediates/AdVoid/BuildProductsPath/Release-iphoneos -Isystem /Applications/Xcode.app/Contents/Developer/Platforms/iPhoneOS.platform/Developer/usr/lib -F /tmp/advoid-readiness-derived/Build/Intermediates.noindex/ArchiveIntermediates/AdVoid/BuildProductsPath/Release-iphoneos/PackageFrameworks -F /tmp/advoid-readiness-derived/Build/Intermediates.noindex/ArchiveIntermediates/AdVoid/BuildProductsPath/Release-iphoneos -F /Applications/Xcode.app/Contents/Developer/Platforms/iPhoneOS.platform/Developer/Library/Frameworks -F /Applications/Xcode.app/Contents/Developer/Platforms/iPhoneOS.platform/Developer/SDKs/iPhoneOS27.0.sdk/Developer/Library/Frameworks -emit-localized-strings -emit-localized-strings-path /tmp/advoid-readiness-derived/Build/Intermediates.noindex/ArchiveIntermediates/AdVoid/IntermediateBuildFilesPath/RevenueCat.build/Release-iphoneos/RevenueCatUI-t.build/Objects-normal/arm64 -c -num-threads 10 -Xcc -ivfsstatcache -Xcc /tmp/advoid-readiness-derived/SDKStatCaches.noindex/iphoneos27.0-24A430-6c78b3cbc238196c85e1bf6c792c5915.sdkstatcache -output-file-map /tmp/advoid-readiness-derived/Build/Intermediates.noindex/ArchiveIntermediates/AdVoid/IntermediateBuildFilesPath/RevenueCat.build/Release-iphoneos/RevenueCatUI-t.build/Objects-normal/arm64/RevenueCatUI-OutputFileMap.json -save-temps -no-color-diagnostics -explicit-module-build -module-cache-path /tmp/advoid-readiness-derived/Build/Intermediates.noindex/ArchiveIntermediates/AdVoid/IntermediateBuildFilesPath/SwiftExplicitPrecompiledModules -clang-scanner-module-cache-path /tmp/advoid-readiness-derived/ModuleCache.noindex -sdk-module-cache-path /tmp/advoid-readiness-derived/SDKExplicitPrecompiledModules -emit-dependencies -emit-module -emit-module-path /tmp/advoid-readiness-derived/Build/Intermediates.noindex/ArchiveIntermediates/AdVoid/IntermediateBuildFilesPath/RevenueCat.build/Release-iphoneos/RevenueCatUI-t.build/Objects-normal/arm64/RevenueCatUI.swiftmodule -serialize-diagnostics -dependency-scan-serialize-diagnostics-path /tmp/advoid-readiness-derived/Build/Intermediates.noindex/ArchiveIntermediates/AdVoid/IntermediateBuildFilesPath/RevenueCat.build/Release-iphoneos/RevenueCatUI-t.build/Objects-normal/arm64/RevenueCatUI-dependency-scan.dia -validate-clang-modules-once -clang-build-session-file /tmp/advoid-readiness-derived/ModuleCache.noindex/Session.modulevalidation -Xcc -fmodules-prune-interval\=86400 -Xcc -fmodules-prune-after\=345600 -package-name purchases_ios_spm -emit-const-values -const-gather-protocols-list /tmp/advoid-readiness-derived/Build/Intermediates.noindex/ArchiveIntermediates/AdVoid/IntermediateBuildFilesPath/RevenueCat.build/Release-iphoneos/RevenueCatUI-t.build/Objects-normal/arm64/RevenueCatUI_const_extract_protocols.json -Xcc -I/tmp/advoid-readiness-derived/Build/Intermediates.noindex/ArchiveIntermediates/AdVoid/BuildProductsPath/Release-iphoneos/include -Xcc -I/tmp/advoid-readiness-derived/Build/Intermediates.noindex/ArchiveIntermediates/AdVoid/IntermediateBuildFilesPath/RevenueCat.build/Release-iphoneos/RevenueCatUI-t.build/DerivedSources-normal/arm64 -Xcc -I/tmp/advoid-readiness-derived/Build/Intermediates.noindex/ArchiveIntermediates/AdVoid/IntermediateBuildFilesPath/RevenueCat.build/Release-iphoneos/RevenueCatUI-t.build/DerivedSources/arm64 -Xcc -I/tmp/advoid-readiness-derived/Build/Intermediates.noindex/ArchiveIntermediates/AdVoid/IntermediateBuildFilesPath/RevenueCat.build/Release-iphoneos/RevenueCatUI-t.build/DerivedSources -Xcc -DSWIFT_PACKAGE -emit-objc-header -emit-objc-header-path /tmp/advoid-readiness-derived/Build/Intermediates.noindex/ArchiveIntermediates/AdVoid/IntermediateBuildFilesPath/RevenueCat.build/Release-iphoneos/RevenueCatUI-t.build/Objects-normal/arm64/RevenueCatUI-Swift.h -working-directory /Users/fig/AdVoid/AdVoid.xcodeproj -no-emit-module-separately-wmo

SwiftExplicitDependencyGeneratePcm arm64 /tmp/advoid-readiness-derived/SDKExplicitPrecompiledModules/VideoToolbox-AOAFWZ7BYGD6MW2P6KANF8H98.pcm

SwiftExplicitDependencyGeneratePcm arm64 /tmp/advoid-readiness-derived/SDKExplicitPrecompiledModules/SafariServices-77RDVJBLOYH2UENNABAKHK3WA.pcm

SwiftExplicitDependencyGeneratePcm arm64 /tmp/advoid-readiness-derived/SDKExplicitPrecompiledModules/CoreMIDI-4OPOEEB4TOKGBHYNVZFTHY3RR.pcm

SwiftExplicitDependencyGeneratePcm arm64 /tmp/advoid-readiness-derived/SDKExplicitPrecompiledModules/AVRouting-DDY17DXN4MIE2Z2FVEJ9173E6.pcm

SwiftExplicitDependencyGeneratePcm arm64 /tmp/advoid-readiness-derived/SDKExplicitPrecompiledModules/AuthenticationServices-347KQAH1KZGOX948066L6LOOY.pcm

SwiftExplicitDependencyGeneratePcm arm64 /tmp/advoid-readiness-derived/SDKExplicitPrecompiledModules/WebKit-EDVDC4A40MN0ZR64JWLD2TIYX.pcm

SwiftExplicitDependencyGeneratePcm arm64 /tmp/advoid-readiness-derived/SDKExplicitPrecompiledModules/AudioToolbox-245EEZLYVIPDZ2XXYX0EZQLKB.pcm

SwiftExplicitDependencyGeneratePcm arm64 /tmp/advoid-readiness-derived/SDKExplicitPrecompiledModules/AVFAudio-2QTKRRILA6NM3GFCFN53PE79S.pcm

SwiftExplicitDependencyGeneratePcm arm64 /tmp/advoid-readiness-derived/SDKExplicitPrecompiledModules/MediaToolbox-4VUW1PR0OTX94JK1LWDHMUP5V.pcm

SwiftExplicitDependencyGeneratePcm arm64 /tmp/advoid-readiness-derived/SDKExplicitPrecompiledModules/AVFoundation-5SVN3UUSA1WE84AJBNZT7VDZL.pcm

SwiftExplicitDependencyGeneratePcm arm64 /tmp/advoid-readiness-derived/SDKExplicitPrecompiledModules/AVKit-EJUHMA9N2ZDMOTSQIQXVUTERR.pcm

SwiftCompile normal arm64 Compiling\ resource_bundle_accessor.swift,\ Binding+Extensions.swift,\ WebBundleCacheCoordinator.swift,\ WebBundlePrewarmer.swift,\ WebViewWebsiteDataStoreSweeper.swift,\ CheckpointError.swift,\ CheckpointIdentifierValidator.swift,\ CheckpointPresentationSlot.swift,\ CheckpointPresenter.swift,\ CheckpointResults.swift,\ Checkpoints.swift,\ CheckpointsManager.swift,\ PaywallPresenter.swift,\ Purchases+Checkpoints.swift,\ WorkflowPresentation.swift,\ WorkflowPresenter.swift,\ PlatformBezierPath.swift,\ PlatformColor.swift,\ PlatformFont.swift,\ PlatformImage.swift,\ CustomerCenterPurchasesType.swift,\ CustomerCenterConfigData.HelpPath+PurchaseInformation.swift,\ CustomerCenterView+Actions.swift,\ ButtonStyles.swift,\ ColorFromAppearance.swift,\ ContactSupportUtilities.swift,\ CustomerInfo+CurrentEntitlement.swift,\ CustomActionData.swift,\ CustomerCenterAction.swift,\ CustomerCenterActionViewModifier.swift,\ CustomerCenterActionWrapper.swift,\ CustomerCenterConfigData+Mock.swift,\ CustomerCenterEnvironment.swift,\ CustomerCenterError.swift,\ CustomerCenterManagementOption.swift,\ CustomerCenterPurchases.swift,\ DiscountsHandler.swift,\ EntitlementInfo+Extensions.swift,\ FeedbackSurveyData.swift,\ LoadPromotionalOfferUseCase.swift,\ PromotionalOfferData.swift,\ PurchaseInformation+Mock.swift,\ PurchaseInformation.swift,\ SemanticVersion.swift,\ StoreProductDiscount+CustomerCenter.swift,\ Transaction.swift,\ CustomerCenterConfigDataAppearance+Tint.swift,\ CustomerCenterConfigDataSupport+URL.swift,\ CustomerInfo+SeeAllPurchases.swift,\ PurchaseInformation+Creation.swift,\ MockCustomerCenterPurchases.swift,\ MockCustomerCenterStoreKitUtilities.swift,\ MockLoadPromotionalOfferUseCase.swift,\ PurchaseInformationFixtures.swift,\ URLUtilities.swift,\ CustomerCenterLocalizationStrings.swift,\ CustomerCenterStoreKitUtilities.swift,\ CustomerCenterStoreKitUtilitiesType.swift,\ CustomerCenterStylingUtilities.swift,\ EmailValidator.swift,\ IdentifiableURL.swift,\ View+PresentCustomerCenter.swift,\ BaseManageSubscriptionViewModel.swift,\ CustomerCenterViewModel.swift,\ CustomerCenterViewState.swift,\ FeedbackSurveyViewModel.swift,\ NoSubscriptionsCardViewModel.swift,\ PromotionalOfferViewModel.swift,\ PurchaseDetailItem.swift,\ PurchaseDetailViewModel.swift,\ PurchaseHistoryViewModel.swift,\ PurchaseInformation+History.swift,\ RelevantPurchasesListViewModel.swift,\ RestorePurchasesAlertViewModel.swift,\ SubscriptionDetailViewModel.swift,\ VirtualCurrencyBalancesScreenViewModel.swift,\ ActiveSubscriptionButtonsView.swift,\ AppUpdateWarningView.swift,\ CompatibilityLabeledContent.swift,\ CompatibilityNavigationStack.swift,\ CompatibilityTopBarTrailing.swift,\ CreateTicketView.swift,\ CustomerCenterNavigationLink.swift,\ CustomerCenterNavigationOptions.swift,\ CustomerCenterView.swift,\ FallbackNoSubscriptionsView.swift,\ FeedbackSurveyView.swift,\ ManageSubscriptionsButtonsView.swift,\ NoSubscriptionsCardView.swift,\ PromotionalOfferView.swift,\ PurchaseCardView.swift,\ PurchaseDetailView.swift,\ PurchaseHistoryView.swift,\ RelevantPurchasesListView.swift,\ RestorePurchasesAlert.swift,\ ScrollViewSection.swift,\ ScrollViewWithOSBackground.swift,\ SubscriptionDetailView.swift,\ TintedProgressView.swift,\ CustomerCenterViewController.swift,\ CustomerCenterViewControllerDelegate.swift,\ VirtualCurrenciesScrollViewWithOSBackgroundSection.swift,\ VirtualCurrencyBalanceListRow.swift,\ VirtualCurrencyBalancesScreen.swift,\ ComponentInteractionData+Factories.swift,\ Constants.swift,\ CustomPaywallVariables.swift,\ CustomerInfoFixtures.swift,\ PaywallError.swift,\ TemplateError.swift,\ IntroEligibilityViewModel.swift,\ TrialOrIntroEligibilityChecker+TestData.swift,\ TrialOrIntroEligibilityChecker.swift,\ Localization.swift,\ LocalizedAlertError.swift,\ PaywallData+Validation.swift,\ PaywallSourceEnvironment.swift,\ PaywallTemplate.swift,\ PaywallViewConfiguration.swift,\ PaywallViewMode+Extensions.swift,\ ProcessedLocalizedConfiguration.swift,\ Strings.swift,\ TemplateViewConfiguration+Extensions.swift,\ TemplateViewConfiguration+Images.swift,\ TemplateViewConfiguration.swift,\ TestData.swift,\ UserInterfaceIdiom.swift,\ Variables.swift,\ VirtualCurrenciesFixtures.swift,\ AppStyleExtractor.swift,\ Bundle+Extensions.swift,\ ColorComputationHelpers.swift,\ ColorInformation+MultiScheme.swift,\ DualColorImageGenerator.swift,\ EmergeRenderingMode.swift,\ ExitOfferHelper.swift,\ FileImageLoader.swift,\ ImageLoader.swift,\ KeyWindowFocusResigner.swift,\ Logger.swift,\ Optional+Extensions.swift,\ Package+VariableDataProvider.swift,\ PaywallData+Default.swift,\ PaywallWarning.swift,\ PreviewHelpers.swift,\ PriceFormatterExtensions.swift,\ PurchaseResultComparator.swift,\ ResumeAction.swift,\ RuntimeUtils.swift,\ StoreProduct+Extensions.swift,\ TemplateView+MultiTier.swift,\ VersionDetector.swift,\ ConsistentPackageContentView.swift,\ ConsistentTierContentView.swift,\ EnvironmentValues+Workflow.swift,\ FitToAspectRatio.swift,\ FooterHidingModifier.swift,\ PaywallMediaAccessibility.swift,\ ViewExtensions.swift,\ PaywallFontProvider.swift,\ PaywallInteractionEvent.swift,\ PaywallView.swift,\ Purchases+PreviewPaywall.swift,\ ExternalPurchaseLink.swift,\ MockPurchases.swift,\ PaywallEventTracker.swift,\ PaywallPurchasesType.swift,\ PurchaseHandler+TestData.swift,\ PurchaseHandler.swift,\ PurchasesUIService.swift,\ SelectionHapticFeedback.swift,\ WorkflowContext.swift,\ WorkflowPreview.swift,\ WatchTemplateView.swift,\ Template1View.swift,\ Template2View.swift,\ Template3View.swift,\ Template4View.swift,\ Template5View.swift,\ Template7View.swift,\ TemplateViewType.swift,\ BottomSheetView.swift,\ ButtonComponentView.swift,\ ButtonComponentViewModel.swift,\ CarouselComponentView.swift,\ CarouselComponentViewModel.swift,\ ScrollViewGestureCoordinator.swift,\ ComponentsView.swift,\ CountdownComponentView.swift,\ CountdownComponentViewModel.swift,\ HeaderComponentView.swift,\ HeaderComponentViewModel.swift,\ IconComponentView.swift,\ IconComponentViewModel.swift,\ ImageComponentView.swift,\ ImageComponentViewModel.swift,\ ComponentViewState.swift,\ PackageComponentView.swift,\ PackageComponentViewModel.swift,\ PackageVisibilityResolver.swift,\ PurchaseButtonComponentView.swift,\ PurchaseButtonComponentViewModel.swift,\ RootView.swift,\ RootViewModel.swift,\ FlexHStack.swift,\ FlexSpacer.swift,\ FlexVStack.swift,\ JustifyContent.swift,\ StackComponentView.swift,\ StackComponentViewModel.swift,\ StickyFooterComponentView.swift,\ StickyFooterComponentViewModel.swift,\ TabControlButtonComponentView.swift,\ TabControlButtonComponentViewModel.swift,\ TabControlComponentView.swift,\ TabControlComponentViewModel.swift,\ TabControlToggleComponentView.swift,\ TabControlToggleComponentViewModel.swift,\ TabsComponentView.swift,\ TabsComponentViewModel.swift,\ TabsPackageSelectionResolver.swift,\ MarkdownUnderlineFormatter.swift,\ TextComponentView.swift,\ TextComponentViewModel.swift,\ TimelineComponentView.swift,\ TimelineComponentViewModel.swift,\ VideoAudioSessionHandler.swift,\ VideoAutoplayHandler.swift,\ VideoComponentView.swift,\ VideoComponentViewModel.swift,\ VideoPlayerLayerUIView.swift,\ VideoPlayerView.swift,\ VideoPlayerViewNSView.swift,\ VideoPlayerViewUIView.swift,\ PaywallWebViewStaticContext.swift,\ PaywallWebViewValue.swift,\ WebViewComponentNavigationPolicy.swift,\ WebViewComponentView.swift,\ WebViewComponentViewModel.swift,\ WebViewEnvelope.swift,\ WebViewInstance.swift,\ WebViewScrollGestureArbitration.swift,\ WebViewSession.swift,\ CarouselState.swift,\ IntroOfferEligibilityContext.swift,\ OpenSheet.swift,\ PackageContext.swift,\ PaywallLoadingKey.swift,\ PaywallPromoOfferCache.swift,\ PaywallStateStore.swift,\ PlanSelectionDefaultPackage.swift,\ RequestSizeCalculation.swift,\ ScreenCondition.swift,\ SelectedPackageId.swift,\ VoiceOverEnabledOverrideKey.swift,\ PaywallScrollEnvironment.swift,\ PaywallZLayerScrollPolicy.swift,\ LocaleFinder.swift,\ LocalizationDictionaryExtensions.swift,\ PaywallsV2View.swift,\ PreviewMock.swift,\ SafeAreaPreviewShell.swift,\ ButtonWithFooterPreview.swift,\ ConditionalConfigurabilityPreview.swift,\ FallbackComponentPreview.swift,\ FamilySharingTogglePreview.swift,\ HeaderNestedHeroZLayerSafeAreaPreview.swift,\ HeaderTextBodyHeroSafeAreaPreview.swift,\ MultiTierPreview.swift,\ PackageVisibilityPreview.swift,\ PurchaseButtonInPackagePreview.swift,\ Template1Preview.swift,\ WindowSizeConditionsPreview.swift,\ WorkflowSheetRelativeDiscountPreview.swift,\ VariableHandlerV2.swift,\ ApplySizing.swift,\ BackgroundStyle.swift,\ BadgeModifier.swift,\ DisplayableColor.swift,\ Fill.swift,\ FixMacButtonsModifier.swift,\ ForegroundColorScheme.swift,\ NavigatetoURL.swift,\ ProgressViewModifier.swift,\ ShadowModifier.swift,\ Shape.swift,\ SizeModifier.swift,\ TransitionModifier.swift,\ LocalizationProvider.swift,\ PackageValidator.swift,\ PaywallComponentTypeTransformers.swift,\ PaywallComponentViewModel.swift,\ PresentedPartials.swift,\ UIConfigProvider.swift,\ ViewModelFactory.swift,\ WorkflowNavigator.swift,\ WorkflowScreenMapper.swift,\ WorkflowStepEventCoordinator.swift,\ WorkflowStepEventTracker.swift,\ WorkflowPaywallView.swift,\ PaywallFooterViewController.swift,\ PaywallViewController.swift,\ View+ExitOfferPresentation.swift,\ View+OnRedeemWebPurchaseAttempt.swift,\ View+PresentPaywall.swift,\ View+PresentPaywallFooter.swift,\ View+PurchaseRestoreCompleted.swift,\ AsyncButton.swift,\ CompatibilityContentUnavailableView.swift,\ DebugErrorView.swift,\ AppIconDetailProvider.swift,\ DefaultPaywallPreviews.swift,\ DefaultPaywallView.swift,\ DefaultPaywallWarning.swift,\ DefaultProductCell.swift,\ ErrorDisplay.swift,\ ErrorView.swift,\ FooterView.swift,\ GradientView.swift,\ IconView.swift,\ IntroEligibilityStateView.swift,\ LoadingPaywallView.swift,\ PackageButtonStyle.swift,\ ProgressView.swift,\ PurchaseButton.swift,\ RemoteImage.swift,\ SafariView.swift,\ TemplateBackgroundImageView.swift,\ TemplatePackageSetting.swift,\ TierSelectorView.swift,\ WebCheckoutReturnURL.swift,\ WebCheckoutSheet.swift,\ WebCheckoutView.swift,\ WebCheckoutViewModel.swift,\ WebViewHTTPStatus.swift,\ WebViewNavigationFailure.swift,\ WebViewOrigin.swift,\ GeneratedAssetSymbols.swift /tmp/advoid-readiness-derived/Build/Intermediates.noindex/ArchiveIntermediates/AdVoid/IntermediateBuildFilesPath/RevenueCat.build/Release-iphoneos/RevenueCatUI-t.build/DerivedSources/resource_bundle_accessor.swift /private/tmp/advoid-readiness-derived/SourcePackages/checkouts/purchases-ios-spm/RevenueCatUI/Binding+Extensions.swift /private/tmp/advoid-readiness-derived/SourcePackages/checkouts/purchases-ios-spm/RevenueCatUI/Cache/WebBundleCacheCoordinator.swift /private/tmp/advoid-readiness-derived/SourcePackages/checkouts/purchases-ios-spm/RevenueCatUI/Cache/WebBundlePrewarmer.swift /private/tmp/advoid-readiness-derived/SourcePackages/checkouts/purchases-ios-spm/RevenueCatUI/Cache/WebViewWebsiteDataStoreSweeper.swift /private/tmp/advoid-readiness-derived/SourcePackages/checkouts/purchases-ios-spm/RevenueCatUI/Checkpoints/CheckpointError.swift /private/tmp/advoid-readiness-derived/SourcePackages/checkouts/purchases-ios-spm/RevenueCatUI/Checkpoints/CheckpointIdentifierValidator.swift /private/tmp/advoid-readiness-derived/SourcePackages/checkouts/purchases-ios-spm/RevenueCatUI/Checkpoints/CheckpointPresentationSlot.swift /private/tmp/advoid-readiness-derived/SourcePackages/checkouts/purchases-ios-spm/RevenueCatUI/Checkpoints/CheckpointPresenter.swift /private/tmp/advoid-readiness-derived/SourcePackages/checkouts/purchases-ios-spm/RevenueCatUI/Checkpoints/CheckpointResults.swift /private/tmp/advoid-readiness-derived/SourcePackages/checkouts/purchases-ios-spm/RevenueCatUI/Checkpoints/Checkpoints.swift /private/tmp/advoid-readiness-derived/SourcePackages/checkouts/purchases-ios-spm/RevenueCatUI/Checkpoints/CheckpointsManager.swift /private/tmp/advoid-readiness-derived/SourcePackages/checkouts/purchases-ios-spm/RevenueCatUI/Checkpoints/PaywallPresenter.swift /private/tmp/advoid-readiness-derived/SourcePackages/checkouts/purchases-ios-spm/RevenueCatUI/Checkpoints/Purchases+Checkpoints.swift /private/tmp/advoid-readiness-derived/SourcePackages/checkouts/purchases-ios-spm/RevenueCatUI/Checkpoints/WorkflowPresentation.swift /private/tmp/advoid-readiness-derived/SourcePackages/checkouts/purchases-ios-spm/RevenueCatUI/Checkpoints/WorkflowPresenter.swift /private/tmp/advoid-readiness-derived/SourcePackages/checkouts/purchases-ios-spm/RevenueCatUI/CrossPlatform/PlatformBezierPath.swift /private/tmp/advoid-readiness-derived/SourcePackages/checkouts/purchases-ios-spm/RevenueCatUI/CrossPlatform/PlatformColor.swift /private/tmp/advoid-readiness-derived/SourcePackages/checkouts/purchases-ios-spm/RevenueCatUI/CrossPlatform/PlatformFont.swift /private/tmp/advoid-readiness-derived/SourcePackages/checkouts/purchases-ios-spm/RevenueCatUI/CrossPlatform/PlatformImage.swift /private/tmp/advoid-readiness-derived/SourcePackages/checkouts/purchases-ios-spm/RevenueCatUI/CustomerCenter/Abstractions/CustomerCenterPurchasesType.swift /private/tmp/advoid-readiness-derived/SourcePackages/checkouts/purchases-ios-spm/RevenueCatUI/CustomerCenter/Actions/CustomerCenterConfigData.HelpPath+PurchaseInformation.swift /private/tmp/advoid-readiness-derived/SourcePackages/checkouts/purchases-ios-spm/RevenueCatUI/CustomerCenter/Actions/CustomerCenterView+Actions.swift /private/tmp/advoid-readiness-derived/SourcePackages/checkouts/purchases-ios-spm/RevenueCatUI/CustomerCenter/ButtonStyles.swift /private/tmp/advoid-readiness-derived/SourcePackages/checkouts/purchases-ios-spm/RevenueCatUI/CustomerCenter/ColorFromAppearance.swift /private/tmp/advoid-readiness-derived/SourcePackages/checkouts/purchases-ios-spm/RevenueCatUI/CustomerCenter/ContactSupportUtilities.swift /private/tmp/advoid-readiness-derived/SourcePackages/checkouts/purchases-ios-spm/RevenueCatUI/CustomerCenter/CustomerInfo+CurrentEntitlement.swift /private/tmp/advoid-readiness-derived/SourcePackages/checkouts/purchases-ios-spm/RevenueCatUI/CustomerCenter/Data/CustomActionData.swift /private/tmp/advoid-readiness-derived/SourcePackages/checkouts/purchases-ios-spm/RevenueCatUI/CustomerCenter/Data/CustomerCenterAction.swift /private/tmp/advoid-readiness-derived/SourcePackages/checkouts/purchases-ios-spm/RevenueCatUI/CustomerCenter/Data/CustomerCenterActionViewModifier.swift /private/tmp/advoid-readiness-derived/SourcePackages/checkouts/purchases-ios-spm/RevenueCatUI/CustomerCenter/Data/CustomerCenterActionWrapper.swift /private/tmp/advoid-readiness-derived/SourcePackages/checkouts/purchases-ios-spm/RevenueCatUI/CustomerCenter/Data/CustomerCenterConfigData+Mock.swift /private/tmp/advoid-readiness-derived/SourcePackages/checkouts/purchases-ios-spm/RevenueCatUI/CustomerCenter/Data/CustomerCenterEnvironment.swift /private/tmp/advoid-readiness-derived/SourcePackages/checkouts/purchases-ios-spm/RevenueCatUI/CustomerCenter/Data/CustomerCenterError.swift /private/tmp/advoid-readiness-derived/SourcePackages/checkouts/purchases-ios-spm/RevenueCatUI/CustomerCenter/Data/CustomerCenterManagementOption.swift /private/tmp/advoid-readiness-derived/SourcePackages/checkouts/purchases-ios-spm/RevenueCatUI/CustomerCenter/Data/CustomerCenterPurchases.swift /private/tmp/advoid-readiness-derived/SourcePackages/checkouts/purchases-ios-spm/RevenueCatUI/CustomerCenter/Data/DiscountsHandler.swift /private/tmp/advoid-readiness-derived/SourcePackages/checkouts/purchases-ios-spm/RevenueCatUI/CustomerCenter/Data/EntitlementInfo+Extensions.swift /private/tmp/advoid-readiness-derived/SourcePackages/checkouts/purchases-ios-spm/RevenueCatUI/CustomerCenter/Data/FeedbackSurveyData.swift /private/tmp/advoid-readiness-derived/SourcePackages/checkouts/purchases-ios-spm/RevenueCatUI/CustomerCenter/Data/LoadPromotionalOfferUseCase.swift /private/tmp/advoid-readiness-derived/SourcePackages/checkouts/purchases-ios-spm/RevenueCatUI/CustomerCenter/Data/PromotionalOfferData.swift /private/tmp/advoid-readiness-derived/SourcePackages/checkouts/purchases-ios-spm/RevenueCatUI/CustomerCenter/Data/PurchaseInformation+Mock.swift /private/tmp/advoid-readiness-derived/SourcePackages/checkouts/purchases-ios-spm/RevenueCatUI/CustomerCenter/Data/PurchaseInformation.swift /private/tmp/advoid-readiness-derived/SourcePackages/checkouts/purchases-ios-spm/RevenueCatUI/CustomerCenter/Data/SemanticVersion.swift /private/tmp/advoid-readiness-derived/SourcePackages/checkouts/purchases-ios-spm/RevenueCatUI/CustomerCenter/Data/StoreProductDiscount+CustomerCenter.swift /private/tmp/advoid-readiness-derived/SourcePackages/checkouts/purchases-ios-spm/RevenueCatUI/CustomerCenter/Data/Transaction.swift /private/tmp/advoid-readiness-derived/SourcePackages/checkouts/purchases-ios-spm/RevenueCatUI/CustomerCenter/Extensions/CustomerCenterConfigDataAppearance+Tint.swift /private/tmp/advoid-readiness-derived/SourcePackages/checkouts/purchases-ios-spm/RevenueCatUI/CustomerCenter/Extensions/CustomerCenterConfigDataSupport+URL.swift /private/tmp/advoid-readiness-derived/SourcePackages/checkouts/purchases-ios-spm/RevenueCatUI/CustomerCenter/Extensions/CustomerInfo+SeeAllPurchases.swift /private/tmp/advoid-readiness-derived/SourcePackages/checkouts/purchases-ios-spm/RevenueCatUI/CustomerCenter/Extensions/PurchaseInformation+Creation.swift /private/tmp/advoid-readiness-derived/SourcePackages/checkouts/purchases-ios-spm/RevenueCatUI/CustomerCenter/Mocks/MockCustomerCenterPurchases.swift /private/tmp/advoid-readiness-derived/SourcePackages/checkouts/purchases-ios-spm/RevenueCatUI/CustomerCenter/Mocks/MockCustomerCenterStoreKitUtilities.swift /private/tmp/advoid-readiness-derived/SourcePackages/checkouts/purchases-ios-spm/RevenueCatUI/CustomerCenter/Mocks/MockLoadPromotionalOfferUseCase.swift /private/tmp/advoid-readiness-derived/SourcePackages/checkouts/purchases-ios-spm/RevenueCatUI/CustomerCenter/Mocks/PurchaseInformationFixtures.swift /private/tmp/advoid-readiness-derived/SourcePackages/checkouts/purchases-ios-spm/RevenueCatUI/CustomerCenter/URLUtilities.swift /private/tmp/advoid-readiness-derived/SourcePackages/checkouts/purchases-ios-spm/RevenueCatUI/CustomerCenter/Utilities/CustomerCenterLocalizationStrings.swift /private/tmp/advoid-readiness-derived/SourcePackages/checkouts/purchases-ios-spm/RevenueCatUI/CustomerCenter/Utilities/CustomerCenterStoreKitUtilities.swift /private/tmp/advoid-readiness-derived/SourcePackages/checkouts/purchases-ios-spm/RevenueCatUI/CustomerCenter/Utilities/CustomerCenterStoreKitUtilitiesType.swift /private/tmp/advoid-readiness-derived/SourcePackages/checkouts/purchases-ios-spm/RevenueCatUI/CustomerCenter/Utilities/CustomerCenterStylingUtilities.swift /private/tmp/advoid-readiness-derived/SourcePackages/checkouts/purchases-ios-spm/RevenueCatUI/CustomerCenter/Utilities/EmailValidator.swift /private/tmp/advoid-readiness-derived/SourcePackages/checkouts/purchases-ios-spm/RevenueCatUI/CustomerCenter/Utilities/IdentifiableURL.swift /private/tmp/advoid-readiness-derived/SourcePackages/checkouts/purchases-ios-spm/RevenueCatUI/CustomerCenter/View+PresentCustomerCenter.swift /private/tmp/advoid-readiness-derived/SourcePackages/checkouts/purchases-ios-spm/RevenueCatUI/CustomerCenter/ViewModels/BaseManageSubscriptionViewModel.swift /private/tmp/advoid-readiness-derived/SourcePackages/checkouts/purchases-ios-spm/RevenueCatUI/CustomerCenter/ViewModels/CustomerCenterViewModel.swift /private/tmp/advoid-readiness-derived/SourcePackages/checkouts/purchases-ios-spm/RevenueCatUI/CustomerCenter/ViewModels/CustomerCenterViewState.swift /private/tmp/advoid-readiness-derived/SourcePackages/checkouts/purchases-ios-spm/RevenueCatUI/CustomerCenter/ViewModels/FeedbackSurveyViewModel.swift /private/tmp/advoid-readiness-derived/SourcePackages/checkouts/purchases-ios-spm/RevenueCatUI/CustomerCenter/ViewModels/NoSubscriptionsCardViewModel.swift /private/tmp/advoid-readiness-derived/SourcePackages/checkouts/purchases-ios-spm/RevenueCatUI/CustomerCenter/ViewModels/PromotionalOfferViewModel.swift /private/tmp/advoid-readiness-derived/SourcePackages/checkouts/purchases-ios-spm/RevenueCatUI/CustomerCenter/ViewModels/PurchaseHistory/PurchaseDetailItem.swift /private/tmp/advoid-readiness-derived/SourcePackages/checkouts/purchases-ios-spm/RevenueCatUI/CustomerCenter/ViewModels/PurchaseHistory/PurchaseDetailViewModel.swift /private/tmp/advoid-readiness-derived/SourcePackages/checkouts/purchases-ios-spm/RevenueCatUI/CustomerCenter/ViewModels/PurchaseHistory/PurchaseHistoryViewModel.swift /private/tmp/advoid-readiness-derived/SourcePackages/checkouts/purchases-ios-spm/RevenueCatUI/CustomerCenter/ViewModels/PurchaseHistory/PurchaseInformation+History.swift /private/tmp/advoid-readiness-derived/SourcePackages/checkouts/purchases-ios-spm/RevenueCatUI/CustomerCenter/ViewModels/RelevantPurchasesListViewModel.swift /private/tmp/advoid-readiness-derived/SourcePackages/checkouts/purchases-ios-spm/RevenueCatUI/CustomerCenter/ViewModels/RestorePurchasesAlertViewModel.swift /private/tmp/advoid-readiness-derived/SourcePackages/checkouts/purchases-ios-spm/RevenueCatUI/CustomerCenter/ViewModels/SubscriptionDetailViewModel.swift /private/tmp/advoid-readiness-derived/SourcePackages/checkouts/purchases-ios-spm/RevenueCatUI/CustomerCenter/ViewModels/VirtualCurrencyBalancesScreenViewModel.swift /private/tmp/advoid-readiness-derived/SourcePackages/checkouts/purchases-ios-spm/RevenueCatUI/CustomerCenter/Views/ActiveSubscriptionButtonsView.swift /private/tmp/advoid-readiness-derived/SourcePackages/checkouts/purchases-ios-spm/RevenueCatUI/CustomerCenter/Views/AppUpdateWarningView.swift /private/tmp/advoid-readiness-derived/SourcePackages/checkouts/purchases-ios-spm/RevenueCatUI/CustomerCenter/Views/CompatibilityLabeledContent.swift /private/tmp/advoid-readiness-derived/SourcePackages/checkouts/purchases-ios-spm/RevenueCatUI/CustomerCenter/Views/CompatibilityNavigationStack.swift /private/tmp/advoid-readiness-derived/SourcePackages/checkouts/purchases-ios-spm/RevenueCatUI/CustomerCenter/Views/CompatibilityTopBarTrailing.swift /private/tmp/advoid-readiness-derived/SourcePackages/checkouts/purchases-ios-spm/RevenueCatUI/CustomerCenter/Views/CreateTicketView.swift /private/tmp/advoid-readiness-derived/SourcePackages/checkouts/purchases-ios-spm/RevenueCatUI/CustomerCenter/Views/CustomerCenterNavigationLink.swift /private/tmp/advoid-readiness-derived/SourcePackages/checkouts/purchases-ios-spm/RevenueCatUI/CustomerCenter/Views/CustomerCenterNavigationOptions.swift /private/tmp/advoid-readiness-derived/SourcePackages/checkouts/purchases-ios-spm/RevenueCatUI/CustomerCenter/Views/CustomerCenterView.swift /private/tmp/advoid-readiness-derived/SourcePackages/checkouts/purchases-ios-spm/RevenueCatUI/CustomerCenter/Views/FallbackNoSubscriptionsView.swift /private/tmp/advoid-readiness-derived/SourcePackages/checkouts/purchases-ios-spm/RevenueCatUI/CustomerCenter/Views/FeedbackSurveyView.swift /private/tmp/advoid-readiness-derived/SourcePackages/checkouts/purchases-ios-spm/RevenueCatUI/CustomerCenter/Views/ManageSubscriptionsButtonsView.swift /private/tmp/advoid-readiness-derived/SourcePackages/checkouts/purchases-ios-spm/RevenueCatUI/CustomerCenter/Views/NoSubscriptionsCardView.swift /private/tmp/advoid-readiness-derived/SourcePackages/checkouts/purchases-ios-spm/RevenueCatUI/CustomerCenter/Views/PromotionalOfferView.swift /private/tmp/advoid-readiness-derived/SourcePackages/checkouts/purchases-ios-spm/RevenueCatUI/CustomerCenter/Views/PurchaseCardView.swift /private/tmp/advoid-readiness-derived/SourcePackages/checkouts/purchases-ios-spm/RevenueCatUI/CustomerCenter/Views/PurchaseHistory/PurchaseDetailView.swift /private/tmp/advoid-readiness-derived/SourcePackages/checkouts/purchases-ios-spm/RevenueCatUI/CustomerCenter/Views/PurchaseHistory/PurchaseHistoryView.swift /private/tmp/advoid-readiness-derived/SourcePackages/checkouts/purchases-ios-spm/RevenueCatUI/CustomerCenter/Views/RelevantPurchasesListView.swift /private/tmp/advoid-readiness-derived/SourcePackages/checkouts/purchases-ios-spm/RevenueCatUI/CustomerCenter/Views/RestorePurchasesAlert.swift /private/tmp/advoid-readiness-derived/SourcePackages/checkouts/purchases-ios-spm/RevenueCatUI/CustomerCenter/Views/ScrollViewSection.swift /private/tmp/advoid-readiness-derived/SourcePackages/checkouts/purchases-ios-spm/RevenueCatUI/CustomerCenter/Views/ScrollViewWithOSBackground.swift /private/tmp/advoid-readiness-derived/SourcePackages/checkouts/purchases-ios-spm/RevenueCatUI/CustomerCenter/Views/SubscriptionDetailView.swift /private/tmp/advoid-readiness-derived/SourcePackages/checkouts/purchases-ios-spm/RevenueCatUI/CustomerCenter/Views/TintedProgressView.swift /private/tmp/advoid-readiness-derived/SourcePackages/checkouts/purchases-ios-spm/RevenueCatUI/CustomerCenter/Views/UIKit\ Compatibility/CustomerCenterViewController.swift /private/tmp/advoid-readiness-derived/SourcePackages/checkouts/purchases-ios-spm/RevenueCatUI/CustomerCenter/Views/UIKit\ Compatibility/CustomerCenterViewControllerDelegate.swift /private/tmp/advoid-readiness-derived/SourcePackages/checkouts/purchases-ios-spm/RevenueCatUI/CustomerCenter/Views/Virtual\ Currencies/VirtualCurrenciesScrollViewWithOSBackgroundSection.swift /private/tmp/advoid-readiness-derived/SourcePackages/checkouts/purchases-ios-spm/RevenueCatUI/CustomerCenter/Views/Virtual\ Currencies/VirtualCurrencyBalanceListRow.swift /private/tmp/advoid-readiness-derived/SourcePackages/checkouts/purchases-ios-spm/RevenueCatUI/CustomerCenter/Views/Virtual\ Currencies/VirtualCurrencyBalancesScreen.swift /private/tmp/advoid-readiness-derived/SourcePackages/checkouts/purchases-ios-spm/RevenueCatUI/Data/ComponentInteractionData+Factories.swift /private/tmp/advoid-readiness-derived/SourcePackages/checkouts/purchases-ios-spm/RevenueCatUI/Data/Constants.swift /private/tmp/advoid-readiness-derived/SourcePackages/checkouts/purchases-ios-spm/RevenueCatUI/Data/CustomPaywallVariables.swift /private/tmp/advoid-readiness-derived/SourcePackages/checkouts/purchases-ios-spm/RevenueCatUI/Data/CustomerInfoFixtures.swift /private/tmp/advoid-readiness-derived/SourcePackages/checkouts/purchases-ios-spm/RevenueCatUI/Data/Errors/PaywallError.swift /private/tmp/advoid-readiness-derived/SourcePackages/checkouts/purchases-ios-spm/RevenueCatUI/Data/Errors/TemplateError.swift /private/tmp/advoid-readiness-derived/SourcePackages/checkouts/purchases-ios-spm/RevenueCatUI/Data/IntroEligibility/IntroEligibilityViewModel.swift /private/tmp/advoid-readiness-derived/SourcePackages/checkouts/purchases-ios-spm/RevenueCatUI/Data/IntroEligibility/TrialOrIntroEligibilityChecker+TestData.swift /private/tmp/advoid-readiness-derived/SourcePackages/checkouts/purchases-ios-spm/RevenueCatUI/Data/IntroEligibility/TrialOrIntroEligibilityChecker.swift /private/tmp/advoid-readiness-derived/SourcePackages/checkouts/purchases-ios-spm/RevenueCatUI/Data/Localization.swift /private/tmp/advoid-readiness-derived/SourcePackages/checkouts/purchases-ios-spm/RevenueCatUI/Data/LocalizedAlertError.swift /private/tmp/advoid-readiness-derived/SourcePackages/checkouts/purchases-ios-spm/RevenueCatUI/Data/PaywallData+Validation.swift /private/tmp/advoid-readiness-derived/SourcePackages/checkouts/purchases-ios-spm/RevenueCatUI/Data/PaywallSourceEnvironment.swift /private/tmp/advoid-readiness-derived/SourcePackages/checkouts/purchases-ios-spm/RevenueCatUI/Data/PaywallTemplate.swift /private/tmp/advoid-readiness-derived/SourcePackages/checkouts/purchases-ios-spm/RevenueCatUI/Data/PaywallViewConfiguration.swift /private/tmp/advoid-readiness-derived/SourcePackages/checkouts/purchases-ios-spm/RevenueCatUI/Data/PaywallViewMode+Extensions.swift /private/tmp/advoid-readiness-derived/SourcePackages/checkouts/purchases-ios-spm/RevenueCatUI/Data/ProcessedLocalizedConfiguration.swift /private/tmp/advoid-readiness-derived/SourcePackages/checkouts/purchases-ios-spm/RevenueCatUI/Data/Strings.swift /private/tmp/advoid-readiness-derived/SourcePackages/checkouts/purchases-ios-spm/RevenueCatUI/Data/TemplateViewConfiguration+Extensions.swift /private/tmp/advoid-readiness-derived/SourcePackages/checkouts/purchases-ios-spm/RevenueCatUI/Data/TemplateViewConfiguration+Images.swift /private/tmp/advoid-readiness-derived/SourcePackages/checkouts/purchases-ios-spm/RevenueCatUI/Data/TemplateViewConfiguration.swift /private/tmp/advoid-readiness-derived/SourcePackages/checkouts/purchases-ios-spm/RevenueCatUI/Data/TestData.swift /private/tmp/advoid-readiness-derived/SourcePackages/checkouts/purchases-ios-spm/RevenueCatUI/Data/UserInterfaceIdiom.swift /private/tmp/advoid-readiness-derived/SourcePackages/checkouts/purchases-ios-spm/RevenueCatUI/Data/Variables.swift /private/tmp/advoid-readiness-derived/SourcePackages/checkouts/purchases-ios-spm/RevenueCatUI/Data/VirtualCurrenciesFixtures.swift /private/tmp/advoid-readiness-derived/SourcePackages/checkouts/purchases-ios-spm/RevenueCatUI/Helpers/AppStyleExtractor.swift /private/tmp/advoid-readiness-derived/SourcePackages/checkouts/purchases-ios-spm/RevenueCatUI/Helpers/Bundle+Extensions.swift /private/tmp/advoid-readiness-derived/SourcePackages/checkouts/purchases-ios-spm/RevenueCatUI/Helpers/ColorComputationHelpers.swift /private/tmp/advoid-readiness-derived/SourcePackages/checkouts/purchases-ios-spm/RevenueCatUI/Helpers/ColorInformation+MultiScheme.swift /private/tmp/advoid-readiness-derived/SourcePackages/checkouts/purchases-ios-spm/RevenueCatUI/Helpers/DualColorImageGenerator.swift /private/tmp/advoid-readiness-derived/SourcePackages/checkouts/purchases-ios-spm/RevenueCatUI/Helpers/EmergeRenderingMode.swift /private/tmp/advoid-readiness-derived/SourcePackages/checkouts/purchases-ios-spm/RevenueCatUI/Helpers/ExitOfferHelper.swift /private/tmp/advoid-readiness-derived/SourcePackages/checkouts/purchases-ios-spm/RevenueCatUI/Helpers/FileImageLoader.swift /private/tmp/advoid-readiness-derived/SourcePackages/checkouts/purchases-ios-spm/RevenueCatUI/Helpers/ImageLoader.swift /private/tmp/advoid-readiness-derived/SourcePackages/checkouts/purchases-ios-spm/RevenueCatUI/Helpers/KeyWindowFocusResigner.swift /private/tmp/advoid-readiness-derived/SourcePackages/checkouts/purchases-ios-spm/RevenueCatUI/Helpers/Logger.swift /private/tmp/advoid-readiness-derived/SourcePackages/checkouts/purchases-ios-spm/RevenueCatUI/Helpers/Optional+Extensions.swift /private/tmp/advoid-readiness-derived/SourcePackages/checkouts/purchases-ios-spm/RevenueCatUI/Helpers/Package+VariableDataProvider.swift /private/tmp/advoid-readiness-derived/SourcePackages/checkouts/purchases-ios-spm/RevenueCatUI/Helpers/PaywallData+Default.swift /private/tmp/advoid-readiness-derived/SourcePackages/checkouts/purchases-ios-spm/RevenueCatUI/Helpers/PaywallWarning.swift /private/tmp/advoid-readiness-derived/SourcePackages/checkouts/purchases-ios-spm/RevenueCatUI/Helpers/PreviewHelpers.swift /private/tmp/advoid-readiness-derived/SourcePackages/checkouts/purchases-ios-spm/RevenueCatUI/Helpers/PriceFormatterExtensions.swift /private/tmp/advoid-readiness-derived/SourcePackages/checkouts/purchases-ios-spm/RevenueCatUI/Helpers/PurchaseResultComparator.swift /private/tmp/advoid-readiness-derived/SourcePackages/checkouts/purchases-ios-spm/RevenueCatUI/Helpers/ResumeAction.swift /private/tmp/advoid-readiness-derived/SourcePackages/checkouts/purchases-ios-spm/RevenueCatUI/Helpers/RuntimeUtils.swift /private/tmp/advoid-readiness-derived/SourcePackages/checkouts/purchases-ios-spm/RevenueCatUI/Helpers/StoreProduct+Extensions.swift /private/tmp/advoid-readiness-derived/SourcePackages/checkouts/purchases-ios-spm/RevenueCatUI/Helpers/TemplateView+MultiTier.swift /private/tmp/advoid-readiness-derived/SourcePackages/checkouts/purchases-ios-spm/RevenueCatUI/Helpers/VersionDetector.swift /private/tmp/advoid-readiness-derived/SourcePackages/checkouts/purchases-ios-spm/RevenueCatUI/Modifiers/ConsistentPackageContentView.swift /private/tmp/advoid-readiness-derived/SourcePackages/checkouts/purchases-ios-spm/RevenueCatUI/Modifiers/ConsistentTierContentView.swift /private/tmp/advoid-readiness-derived/SourcePackages/checkouts/purchases-ios-spm/RevenueCatUI/Modifiers/EnvironmentValues+Workflow.swift /private/tmp/advoid-readiness-derived/SourcePackages/checkouts/purchases-ios-spm/RevenueCatUI/Modifiers/FitToAspectRatio.swift /private/tmp/advoid-readiness-derived/SourcePackages/checkouts/purchases-ios-spm/RevenueCatUI/Modifiers/FooterHidingModifier.swift /private/tmp/advoid-readiness-derived/SourcePackages/checkouts/purchases-ios-spm/RevenueCatUI/Modifiers/PaywallMediaAccessibility.swift /private/tmp/advoid-readiness-derived/SourcePackages/checkouts/purchases-ios-spm/RevenueCatUI/Modifiers/ViewExtensions.swift /private/tmp/advoid-readiness-derived/SourcePackages/checkouts/purchases-ios-spm/RevenueCatUI/PaywallFontProvider.swift /private/tmp/advoid-readiness-derived/SourcePackages/checkouts/purchases-ios-spm/RevenueCatUI/PaywallInteractionEvent.swift /private/tmp/advoid-readiness-derived/SourcePackages/checkouts/purchases-ios-spm/RevenueCatUI/PaywallView.swift /private/tmp/advoid-readiness-derived/SourcePackages/checkouts/purchases-ios-spm/RevenueCatUI/Purchases+PreviewPaywall.swift /private/tmp/advoid-readiness-derived/SourcePackages/checkouts/purchases-ios-spm/RevenueCatUI/Purchasing/ExternalPurchaseLink.swift /private/tmp/advoid-readiness-derived/SourcePackages/checkouts/purchases-ios-spm/RevenueCatUI/Purchasing/MockPurchases.swift /private/tmp/advoid-readiness-derived/SourcePackages/checkouts/purchases-ios-spm/RevenueCatUI/Purchasing/PaywallEventTracker.swift /private/tmp/advoid-readiness-derived/SourcePackages/checkouts/purchases-ios-spm/RevenueCatUI/Purchasing/PaywallPurchasesType.swift /private/tmp/advoid-readiness-derived/SourcePackages/checkouts/purchases-ios-spm/RevenueCatUI/Purchasing/PurchaseHandler+TestData.swift /private/tmp/advoid-readiness-derived/SourcePackages/checkouts/purchases-ios-spm/RevenueCatUI/Purchasing/PurchaseHandler.swift /private/tmp/advoid-readiness-derived/SourcePackages/checkouts/purchases-ios-spm/RevenueCatUI/Purchasing/PurchasesUIService.swift /private/tmp/advoid-readiness-derived/SourcePackages/checkouts/purchases-ios-spm/RevenueCatUI/Purchasing/SelectionHapticFeedback.swift /private/tmp/advoid-readiness-derived/SourcePackages/checkouts/purchases-ios-spm/RevenueCatUI/Purchasing/WorkflowContext.swift /private/tmp/advoid-readiness-derived/SourcePackages/checkouts/purchases-ios-spm/RevenueCatUI/Purchasing/WorkflowPreview.swift /private/tmp/advoid-readiness-derived/SourcePackages/checkouts/purchases-ios-spm/RevenueCatUI/Templates/Other\ platforms/WatchTemplateView.swift /private/tmp/advoid-readiness-derived/SourcePackages/checkouts/purchases-ios-spm/RevenueCatUI/Templates/Template1View.swift /private/tmp/advoid-readiness-derived/SourcePackages/checkouts/purchases-ios-spm/RevenueCatUI/Templates/Template2View.swift /private/tmp/advoid-readiness-derived/SourcePackages/checkouts/purchases-ios-spm/RevenueCatUI/Templates/Template3View.swift /private/tmp/advoid-readiness-derived/SourcePackages/checkouts/purchases-ios-spm/RevenueCatUI/Templates/Template4View.swift /private/tmp/advoid-readiness-derived/SourcePackages/checkouts/purchases-ios-spm/RevenueCatUI/Templates/Template5View.swift /private/tmp/advoid-readiness-derived/SourcePackages/checkouts/purchases-ios-spm/RevenueCatUI/Templates/Template7View.swift /private/tmp/advoid-readiness-derived/SourcePackages/checkouts/purchases-ios-spm/RevenueCatUI/Templates/TemplateViewType.swift /private/tmp/advoid-readiness-derived/SourcePackages/checkouts/purchases-ios-spm/RevenueCatUI/Templates/V2/Components/Button/BottomSheetView.swift /private/tmp/advoid-readiness-derived/SourcePackages/checkouts/purchases-ios-spm/RevenueCatUI/Templates/V2/Components/Button/ButtonComponentView.swift /private/tmp/advoid-readiness-derived/SourcePackages/checkouts/purchases-ios-spm/RevenueCatUI/Templates/V2/Components/Button/ButtonComponentViewModel.swift /private/tmp/advoid-readiness-derived/SourcePackages/checkouts/purchases-ios-spm/RevenueCatUI/Templates/V2/Components/Carousel/CarouselComponentView.swift /private/tmp/advoid-readiness-derived/SourcePackages/checkouts/purchases-ios-spm/RevenueCatUI/Templates/V2/Components/Carousel/CarouselComponentViewModel.swift /private/tmp/advoid-readiness-derived/SourcePackages/checkouts/purchases-ios-spm/RevenueCatUI/Templates/V2/Components/Carousel/ScrollViewGestureCoordinator.swift /private/tmp/advoid-readiness-derived/SourcePackages/checkouts/purchases-ios-spm/RevenueCatUI/Templates/V2/Components/ComponentsView.swift /private/tmp/advoid-readiness-derived/SourcePackages/checkouts/purchases-ios-spm/RevenueCatUI/Templates/V2/Components/Countdown/CountdownComponentView.swift /private/tmp/advoid-readiness-derived/SourcePackages/checkouts/purchases-ios-spm/RevenueCatUI/Templates/V2/Components/Countdown/CountdownComponentViewModel.swift /private/tmp/advoid-readiness-derived/SourcePackages/checkouts/purchases-ios-spm/RevenueCatUI/Templates/V2/Components/Header/HeaderComponentView.swift /private/tmp/advoid-readiness-derived/SourcePackages/checkouts/purchases-ios-spm/RevenueCatUI/Templates/V2/Components/Header/HeaderComponentViewModel.swift /private/tmp/advoid-readiness-derived/SourcePackages/checkouts/purchases-ios-spm/RevenueCatUI/Templates/V2/Components/Icon/IconComponentView.swift /private/tmp/advoid-readiness-derived/SourcePackages/checkouts/purchases-ios-spm/RevenueCatUI/Templates/V2/Components/Icon/IconComponentViewModel.swift /private/tmp/advoid-readiness-derived/SourcePackages/checkouts/purchases-ios-spm/RevenueCatUI/Templates/V2/Components/Image/ImageComponentView.swift /private/tmp/advoid-readiness-derived/SourcePackages/checkouts/purchases-ios-spm/RevenueCatUI/Templates/V2/Components/Image/ImageComponentViewModel.swift /private/tmp/advoid-readiness-derived/SourcePackages/checkouts/purchases-ios-spm/RevenueCatUI/Templates/V2/Components/Packages/Package/ComponentViewState.swift /private/tmp/advoid-readiness-derived/SourcePackages/checkouts/purchases-ios-spm/RevenueCatUI/Templates/V2/Components/Packages/Package/PackageComponentView.swift /private/tmp/advoid-readiness-derived/SourcePackages/checkouts/purchases-ios-spm/RevenueCatUI/Templates/V2/Components/Packages/Package/PackageComponentViewModel.swift /private/tmp/advoid-readiness-derived/SourcePackages/checkouts/purchases-ios-spm/RevenueCatUI/Templates/V2/Components/Packages/Package/PackageVisibilityResolver.swift /private/tmp/advoid-readiness-derived/SourcePackages/checkouts/purchases-ios-spm/RevenueCatUI/Templates/V2/Components/Packages/PurchaseButton/PurchaseButtonComponentView.swift /private/tmp/advoid-readiness-derived/SourcePackages/checkouts/purchases-ios-spm/RevenueCatUI/Templates/V2/Components/Packages/PurchaseButton/PurchaseButtonComponentViewModel.swift /private/tmp/advoid-readiness-derived/SourcePackages/checkouts/purchases-ios-spm/RevenueCatUI/Templates/V2/Components/Root/RootView.swift /private/tmp/advoid-readiness-derived/SourcePackages/checkouts/purchases-ios-spm/RevenueCatUI/Templates/V2/Components/Root/RootViewModel.swift /private/tmp/advoid-readiness-derived/SourcePackages/checkouts/purchases-ios-spm/RevenueCatUI/Templates/V2/Components/Stack/FlexHStack.swift /private/tmp/advoid-readiness-derived/SourcePackages/checkouts/purchases-ios-spm/RevenueCatUI/Templates/V2/Components/Stack/FlexSpacer.swift /private/tmp/advoid-readiness-derived/SourcePackages/checkouts/purchases-ios-spm/RevenueCatUI/Templates/V2/Components/Stack/FlexVStack.swift /private/tmp/advoid-readiness-derived/SourcePackages/checkouts/purchases-ios-spm/RevenueCatUI/Templates/V2/Components/Stack/JustifyContent.swift /private/tmp/advoid-readiness-derived/SourcePackages/checkouts/purchases-ios-spm/RevenueCatUI/Templates/V2/Components/Stack/StackComponentView.swift /private/tmp/advoid-readiness-derived/SourcePackages/checkouts/purchases-ios-spm/RevenueCatUI/Templates/V2/Components/Stack/StackComponentViewModel.swift /private/tmp/advoid-readiness-derived/SourcePackages/checkouts/purchases-ios-spm/RevenueCatUI/Templates/V2/Components/StickyFooter/StickyFooterComponentView.swift /private/tmp/advoid-readiness-derived/SourcePackages/checkouts/purchases-ios-spm/RevenueCatUI/Templates/V2/Components/StickyFooter/StickyFooterComponentViewModel.swift /private/tmp/advoid-readiness-derived/SourcePackages/checkouts/purchases-ios-spm/RevenueCatUI/Templates/V2/Components/Tabs/TabControlButtonComponentView.swift /private/tmp/advoid-readiness-derived/SourcePackages/checkouts/purchases-ios-spm/RevenueCatUI/Templates/V2/Components/Tabs/TabControlButtonComponentViewModel.swift /private/tmp/advoid-readiness-derived/SourcePackages/checkouts/purchases-ios-spm/RevenueCatUI/Templates/V2/Components/Tabs/TabControlComponentView.swift /private/tmp/advoid-readiness-derived/SourcePackages/checkouts/purchases-ios-spm/RevenueCatUI/Templates/V2/Components/Tabs/TabControlComponentViewModel.swift /private/tmp/advoid-readiness-derived/SourcePackages/checkouts/purchases-ios-spm/RevenueCatUI/Templates/V2/Components/Tabs/TabControlToggleComponentView.swift /private/tmp/advoid-readiness-derived/SourcePackages/checkouts/purchases-ios-spm/RevenueCatUI/Templates/V2/Components/Tabs/TabControlToggleComponentViewModel.swift /private/tmp/advoid-readiness-derived/SourcePackages/checkouts/purchases-ios-spm/RevenueCatUI/Templates/V2/Components/Tabs/TabsComponentView.swift /private/tmp/advoid-readiness-derived/SourcePackages/checkouts/purchases-ios-spm/RevenueCatUI/Templates/V2/Components/Tabs/TabsComponentViewModel.swift /private/tmp/advoid-readiness-derived/SourcePackages/checkouts/purchases-ios-spm/RevenueCatUI/Templates/V2/Components/Tabs/TabsPackageSelectionResolver.swift /private/tmp/advoid-readiness-derived/SourcePackages/checkouts/purchases-ios-spm/RevenueCatUI/Templates/V2/Components/Text/MarkdownUnderlineFormatter.swift /private/tmp/advoid-readiness-derived/SourcePackages/checkouts/purchases-ios-spm/RevenueCatUI/Templates/V2/Components/Text/TextComponentView.swift /private/tmp/advoid-readiness-derived/SourcePackages/checkouts/purchases-ios-spm/RevenueCatUI/Templates/V2/Components/Text/TextComponentViewModel.swift /private/tmp/advoid-readiness-derived/SourcePackages/checkouts/purchases-ios-spm/RevenueCatUI/Templates/V2/Components/Timeline/TimelineComponentView.swift /private/tmp/advoid-readiness-derived/SourcePackages/checkouts/purchases-ios-spm/RevenueCatUI/Templates/V2/Components/Timeline/TimelineComponentViewModel.swift /private/tmp/advoid-readiness-derived/SourcePackages/checkouts/purchases-ios-spm/RevenueCatUI/Templates/V2/Components/Video/VideoAudioSessionHandler.swift /private/tmp/advoid-readiness-derived/SourcePackages/checkouts/purchases-ios-spm/RevenueCatUI/Templates/V2/Components/Video/VideoAutoplayHandler.swift /private/tmp/advoid-readiness-derived/SourcePackages/checkouts/purchases-ios-spm/RevenueCatUI/Templates/V2/Components/Video/VideoComponentView.swift /private/tmp/advoid-readiness-derived/SourcePackages/checkouts/purchases-ios-spm/RevenueCatUI/Templates/V2/Components/Video/VideoComponentViewModel.swift /private/tmp/advoid-readiness-derived/SourcePackages/checkouts/purchases-ios-spm/RevenueCatUI/Templates/V2/Components/Video/VideoPlayerLayerUIView.swift /private/tmp/advoid-readiness-derived/SourcePackages/checkouts/purchases-ios-spm/RevenueCatUI/Templates/V2/Components/Video/VideoPlayerView.swift /private/tmp/advoid-readiness-derived/SourcePackages/checkouts/purchases-ios-spm/RevenueCatUI/Templates/V2/Components/Video/VideoPlayerViewNSView.swift /private/tmp/advoid-readiness-derived/SourcePackages/checkouts/purchases-ios-spm/RevenueCatUI/Templates/V2/Components/Video/VideoPlayerViewUIView.swift /private/tmp/advoid-readiness-derived/SourcePackages/checkouts/purchases-ios-spm/RevenueCatUI/Templates/V2/Components/WebView/PaywallWebViewStaticContext.swift /private/tmp/advoid-readiness-derived/SourcePackages/checkouts/purchases-ios-spm/RevenueCatUI/Templates/V2/Components/WebView/PaywallWebViewValue.swift /private/tmp/advoid-readiness-derived/SourcePackages/checkouts/purchases-ios-spm/RevenueCatUI/Templates/V2/Components/WebView/WebViewComponentNavigationPolicy.swift /private/tmp/advoid-readiness-derived/SourcePackages/checkouts/purchases-ios-spm/RevenueCatUI/Templates/V2/Components/WebView/WebViewComponentView.swift /private/tmp/advoid-readiness-derived/SourcePackages/checkouts/purchases-ios-spm/RevenueCatUI/Templates/V2/Components/WebView/WebViewComponentViewModel.swift /private/tmp/advoid-readiness-derived/SourcePackages/checkouts/purchases-ios-spm/RevenueCatUI/Templates/V2/Components/WebView/WebViewEnvelope.swift /private/tmp/advoid-readiness-derived/SourcePackages/checkouts/purchases-ios-spm/RevenueCatUI/Templates/V2/Components/WebView/WebViewInstance.swift /private/tmp/advoid-readiness-derived/SourcePackages/checkouts/purchases-ios-spm/RevenueCatUI/Templates/V2/Components/WebView/WebViewScrollGestureArbitration.swift /private/tmp/advoid-readiness-derived/SourcePackages/checkouts/purchases-ios-spm/RevenueCatUI/Templates/V2/Components/WebView/WebViewSession.swift /private/tmp/advoid-readiness-derived/SourcePackages/checkouts/purchases-ios-spm/RevenueCatUI/Templates/V2/EnvironmentObjects/CarouselState.swift /private/tmp/advoid-readiness-derived/SourcePackages/checkouts/purchases-ios-spm/RevenueCatUI/Templates/V2/EnvironmentObjects/IntroOfferEligibilityContext.swift /private/tmp/advoid-readiness-derived/SourcePackages/checkouts/purchases-ios-spm/RevenueCatUI/Templates/V2/EnvironmentObjects/OpenSheet.swift /private/tmp/advoid-readiness-derived/SourcePackages/checkouts/purchases-ios-spm/RevenueCatUI/Templates/V2/EnvironmentObjects/PackageContext.swift /private/tmp/advoid-readiness-derived/SourcePackages/checkouts/purchases-ios-spm/RevenueCatUI/Templates/V2/EnvironmentObjects/PaywallLoadingKey.swift /private/tmp/advoid-readiness-derived/SourcePackages/checkouts/purchases-ios-spm/RevenueCatUI/Templates/V2/EnvironmentObjects/PaywallPromoOfferCache.swift /private/tmp/advoid-readiness-derived/SourcePackages/checkouts/purchases-ios-spm/RevenueCatUI/Templates/V2/EnvironmentObjects/PaywallStateStore.swift /private/tmp/advoid-readiness-derived/SourcePackages/checkouts/purchases-ios-spm/RevenueCatUI/Templates/V2/EnvironmentObjects/PlanSelectionDefaultPackage.swift /private/tmp/advoid-readiness-derived/SourcePackages/checkouts/purchases-ios-spm/RevenueCatUI/Templates/V2/EnvironmentObjects/RequestSizeCalculation.swift /private/tmp/advoid-readiness-derived/SourcePackages/checkouts/purchases-ios-spm/RevenueCatUI/Templates/V2/EnvironmentObjects/ScreenCondition.swift /private/tmp/advoid-readiness-derived/SourcePackages/checkouts/purchases-ios-spm/RevenueCatUI/Templates/V2/EnvironmentObjects/SelectedPackageId.swift /private/tmp/advoid-readiness-derived/SourcePackages/checkouts/purchases-ios-spm/RevenueCatUI/Templates/V2/EnvironmentObjects/VoiceOverEnabledOverrideKey.swift /private/tmp/advoid-readiness-derived/SourcePackages/checkouts/purchases-ios-spm/RevenueCatUI/Templates/V2/Layout/PaywallScrollEnvironment.swift /private/tmp/advoid-readiness-derived/SourcePackages/checkouts/purchases-ios-spm/RevenueCatUI/Templates/V2/Layout/PaywallZLayerScrollPolicy.swift /private/tmp/advoid-readiness-derived/SourcePackages/checkouts/purchases-ios-spm/RevenueCatUI/Templates/V2/Localizations/LocaleFinder.swift /private/tmp/advoid-readiness-derived/SourcePackages/checkouts/purchases-ios-spm/RevenueCatUI/Templates/V2/Localizations/LocalizationDictionaryExtensions.swift /private/tmp/advoid-readiness-derived/SourcePackages/checkouts/purchases-ios-spm/RevenueCatUI/Templates/V2/PaywallsV2View.swift /private/tmp/advoid-readiness-derived/SourcePackages/checkouts/purchases-ios-spm/RevenueCatUI/Templates/V2/Previews/PreviewMock.swift /private/tmp/advoid-readiness-derived/SourcePackages/checkouts/purchases-ios-spm/RevenueCatUI/Templates/V2/Previews/SafeAreaPreviewShell.swift /private/tmp/advoid-readiness-derived/SourcePackages/checkouts/purchases-ios-spm/RevenueCatUI/Templates/V2/Previews/TemplateComponentsViewPreviews/ButtonWithFooterPreview.swift /private/tmp/advoid-readiness-derived/SourcePackages/checkouts/purchases-ios-spm/RevenueCatUI/Templates/V2/Previews/TemplateComponentsViewPreviews/ConditionalConfigurabilityPreview.swift /private/tmp/advoid-readiness-derived/SourcePackages/checkouts/purchases-ios-spm/RevenueCatUI/Templates/V2/Previews/TemplateComponentsViewPreviews/FallbackComponentPreview.swift /private/tmp/advoid-readiness-derived/SourcePackages/checkouts/purchases-ios-spm/RevenueCatUI/Templates/V2/Previews/TemplateComponentsViewPreviews/FamilySharingTogglePreview.swift /private/tmp/advoid-readiness-derived/SourcePackages/checkouts/purchases-ios-spm/RevenueCatUI/Templates/V2/Previews/TemplateComponentsViewPreviews/HeaderNestedHeroZLayerSafeAreaPreview.swift /private/tmp/advoid-readiness-derived/SourcePackages/checkouts/purchases-ios-spm/RevenueCatUI/Templates/V2/Previews/TemplateComponentsViewPreviews/HeaderTextBodyHeroSafeAreaPreview.swift /private/tmp/advoid-readiness-derived/SourcePackages/checkouts/purchases-ios-spm/RevenueCatUI/Templates/V2/Previews/TemplateComponentsViewPreviews/MultiTierPreview.swift /private/tmp/advoid-readiness-derived/SourcePackages/checkouts/purchases-ios-spm/RevenueCatUI/Templates/V2/Previews/TemplateComponentsViewPreviews/PackageVisibilityPreview.swift /private/tmp/advoid-readiness-derived/SourcePackages/checkouts/purchases-ios-spm/RevenueCatUI/Templates/V2/Previews/TemplateComponentsViewPreviews/PurchaseButtonInPackagePreview.swift /private/tmp/advoid-readiness-derived/SourcePackages/checkouts/purchases-ios-spm/RevenueCatUI/Templates/V2/Previews/TemplateComponentsViewPreviews/Template1Preview.swift /private/tmp/advoid-readiness-derived/SourcePackages/checkouts/purchases-ios-spm/RevenueCatUI/Templates/V2/Previews/TemplateComponentsViewPreviews/WindowSizeConditionsPreview.swift /private/tmp/advoid-readiness-derived/SourcePackages/checkouts/purchases-ios-spm/RevenueCatUI/Templates/V2/Previews/TemplateComponentsViewPreviews/WorkflowSheetRelativeDiscountPreview.swift /private/tmp/advoid-readiness-derived/SourcePackages/checkouts/purchases-ios-spm/RevenueCatUI/Templates/V2/Variables/VariableHandlerV2.swift /private/tmp/advoid-readiness-derived/SourcePackages/checkouts/purchases-ios-spm/RevenueCatUI/Templates/V2/ViewHelpers/ApplySizing.swift /private/tmp/advoid-readiness-derived/SourcePackages/checkouts/purchases-ios-spm/RevenueCatUI/Templates/V2/ViewHelpers/BackgroundStyle.swift /private/tmp/advoid-readiness-derived/SourcePackages/checkouts/purchases-ios-spm/RevenueCatUI/Templates/V2/ViewHelpers/BadgeModifier.swift /private/tmp/advoid-readiness-derived/SourcePackages/checkouts/purchases-ios-spm/RevenueCatUI/Templates/V2/ViewHelpers/DisplayableColor.swift /private/tmp/advoid-readiness-derived/SourcePackages/checkouts/purchases-ios-spm/RevenueCatUI/Templates/V2/ViewHelpers/Fill.swift /private/tmp/advoid-readiness-derived/SourcePackages/checkouts/purchases-ios-spm/RevenueCatUI/Templates/V2/ViewHelpers/FixMacButtonsModifier.swift /private/tmp/advoid-readiness-derived/SourcePackages/checkouts/purchases-ios-spm/RevenueCatUI/Templates/V2/ViewHelpers/ForegroundColorScheme.swift /private/tmp/advoid-readiness-derived/SourcePackages/checkouts/purchases-ios-spm/RevenueCatUI/Templates/V2/ViewHelpers/NavigatetoURL.swift /private/tmp/advoid-readiness-derived/SourcePackages/checkouts/purchases-ios-spm/RevenueCatUI/Templates/V2/ViewHelpers/ProgressViewModifier.swift /private/tmp/advoid-readiness-derived/SourcePackages/checkouts/purchases-ios-spm/RevenueCatUI/Templates/V2/ViewHelpers/ShadowModifier.swift /private/tmp/advoid-readiness-derived/SourcePackages/checkouts/purchases-ios-spm/RevenueCatUI/Templates/V2/ViewHelpers/Shape.swift /private/tmp/advoid-readiness-derived/SourcePackages/checkouts/purchases-ios-spm/RevenueCatUI/Templates/V2/ViewHelpers/SizeModifier.swift /private/tmp/advoid-readiness-derived/SourcePackages/checkouts/purchases-ios-spm/RevenueCatUI/Templates/V2/ViewHelpers/TransitionModifier.swift /private/tmp/advoid-readiness-derived/SourcePackages/checkouts/purchases-ios-spm/RevenueCatUI/Templates/V2/ViewModelHelpers/LocalizationProvider.swift /private/tmp/advoid-readiness-derived/SourcePackages/checkouts/purchases-ios-spm/RevenueCatUI/Templates/V2/ViewModelHelpers/PackageValidator.swift /private/tmp/advoid-readiness-derived/SourcePackages/checkouts/purchases-ios-spm/RevenueCatUI/Templates/V2/ViewModelHelpers/PaywallComponentTypeTransformers.swift /private/tmp/advoid-readiness-derived/SourcePackages/checkouts/purchases-ios-spm/RevenueCatUI/Templates/V2/ViewModelHelpers/PaywallComponentViewModel.swift /private/tmp/advoid-readiness-derived/SourcePackages/checkouts/purchases-ios-spm/RevenueCatUI/Templates/V2/ViewModelHelpers/PresentedPartials.swift /private/tmp/advoid-readiness-derived/SourcePackages/checkouts/purchases-ios-spm/RevenueCatUI/Templates/V2/ViewModelHelpers/UIConfigProvider.swift /private/tmp/advoid-readiness-derived/SourcePackages/checkouts/purchases-ios-spm/RevenueCatUI/Templates/V2/ViewModelHelpers/ViewModelFactory.swift /private/tmp/advoid-readiness-derived/SourcePackages/checkouts/purchases-ios-spm/RevenueCatUI/Templates/V2/ViewModelHelpers/WorkflowNavigator.swift /private/tmp/advoid-readiness-derived/SourcePackages/checkouts/purchases-ios-spm/RevenueCatUI/Templates/V2/ViewModelHelpers/WorkflowScreenMapper.swift /private/tmp/advoid-readiness-derived/SourcePackages/checkouts/purchases-ios-spm/RevenueCatUI/Templates/V2/ViewModelHelpers/WorkflowStepEventCoordinator.swift /private/tmp/advoid-readiness-derived/SourcePackages/checkouts/purchases-ios-spm/RevenueCatUI/Templates/V2/ViewModelHelpers/WorkflowStepEventTracker.swift /private/tmp/advoid-readiness-derived/SourcePackages/checkouts/purchases-ios-spm/RevenueCatUI/Templates/V2/WorkflowPaywallView.swift /private/tmp/advoid-readiness-derived/SourcePackages/checkouts/purchases-ios-spm/RevenueCatUI/UIKit/PaywallFooterViewController.swift /private/tmp/advoid-readiness-derived/SourcePackages/checkouts/purchases-ios-spm/RevenueCatUI/UIKit/PaywallViewController.swift /private/tmp/advoid-readiness-derived/SourcePackages/checkouts/purchases-ios-spm/RevenueCatUI/View+ExitOfferPresentation.swift /private/tmp/advoid-readiness-derived/SourcePackages/checkouts/purchases-ios-spm/RevenueCatUI/View+OnRedeemWebPurchaseAttempt.swift /private/tmp/advoid-readiness-derived/SourcePackages/checkouts/purchases-ios-spm/RevenueCatUI/View+PresentPaywall.swift /private/tmp/advoid-readiness-derived/SourcePackages/checkouts/purchases-ios-spm/RevenueCatUI/View+PresentPaywallFooter.swift /private/tmp/advoid-readiness-derived/SourcePackages/checkouts/purchases-ios-spm/RevenueCatUI/View+PurchaseRestoreCompleted.swift /private/tmp/advoid-readiness-derived/SourcePackages/checkouts/purchases-ios-spm/RevenueCatUI/Views/AsyncButton.swift /private/tmp/advoid-readiness-derived/SourcePackages/checkouts/purchases-ios-spm/RevenueCatUI/Views/CompatibilityContentUnavailableView.swift /private/tmp/advoid-readiness-derived/SourcePackages/checkouts/purchases-ios-spm/RevenueCatUI/Views/DebugErrorView.swift /private/tmp/advoid-readiness-derived/SourcePackages/checkouts/purchases-ios-spm/RevenueCatUI/Views/DefaultPaywall/AppIconDetailProvider.swift /private/tmp/advoid-readiness-derived/SourcePackages/checkouts/purchases-ios-spm/RevenueCatUI/Views/DefaultPaywall/DefaultPaywallPreviews.swift /private/tmp/advoid-readiness-derived/SourcePackages/checkouts/purchases-ios-spm/RevenueCatUI/Views/DefaultPaywall/DefaultPaywallView.swift /private/tmp/advoid-readiness-derived/SourcePackages/checkouts/purchases-ios-spm/RevenueCatUI/Views/DefaultPaywall/DefaultPaywallWarning.swift /private/tmp/advoid-readiness-derived/SourcePackages/checkouts/purchases-ios-spm/RevenueCatUI/Views/DefaultPaywall/DefaultProductCell.swift /private/tmp/advoid-readiness-derived/SourcePackages/checkouts/purchases-ios-spm/RevenueCatUI/Views/ErrorDisplay.swift /private/tmp/advoid-readiness-derived/SourcePackages/checkouts/purchases-ios-spm/RevenueCatUI/Views/ErrorView.swift /private/tmp/advoid-readiness-derived/SourcePackages/checkouts/purchases-ios-spm/RevenueCatUI/Views/FooterView.swift /private/tmp/advoid-readiness-derived/SourcePackages/checkouts/purchases-ios-spm/RevenueCatUI/Views/GradientView.swift /private/tmp/advoid-readiness-derived/SourcePackages/checkouts/purchases-ios-spm/RevenueCatUI/Views/IconView.swift /private/tmp/advoid-readiness-derived/SourcePackages/checkouts/purchases-ios-spm/RevenueCatUI/Views/IntroEligibilityStateView.swift /private/tmp/advoid-readiness-derived/SourcePackages/checkouts/purchases-ios-spm/RevenueCatUI/Views/LoadingPaywallView.swift /private/tmp/advoid-readiness-derived/SourcePackages/checkouts/purchases-ios-spm/RevenueCatUI/Views/PackageButtonStyle.swift /private/tmp/advoid-readiness-derived/SourcePackages/checkouts/purchases-ios-spm/RevenueCatUI/Views/ProgressView.swift /private/tmp/advoid-readiness-derived/SourcePackages/checkouts/purchases-ios-spm/RevenueCatUI/Views/PurchaseButton.swift /private/tmp/advoid-readiness-derived/SourcePackages/checkouts/purchases-ios-spm/RevenueCatUI/Views/RemoteImage.swift /private/tmp/advoid-readiness-derived/SourcePackages/checkouts/purchases-ios-spm/RevenueCatUI/Views/SafariView.swift /private/tmp/advoid-readiness-derived/SourcePackages/checkouts/purchases-ios-spm/RevenueCatUI/Views/TemplateBackgroundImageView.swift /private/tmp/advoid-readiness-derived/SourcePackages/checkouts/purchases-ios-spm/RevenueCatUI/Views/TemplatePackageSetting.swift /private/tmp/advoid-readiness-derived/SourcePackages/checkouts/purchases-ios-spm/RevenueCatUI/Views/TierSelectorView.swift /private/tmp/advoid-readiness-derived/SourcePackages/checkouts/purchases-ios-spm/RevenueCatUI/WebCheckout/WebCheckoutReturnURL.swift /private/tmp/advoid-readiness-derived/SourcePackages/checkouts/purchases-ios-spm/RevenueCatUI/WebCheckout/WebCheckoutSheet.swift /private/tmp/advoid-readiness-derived/SourcePackages/checkouts/purchases-ios-spm/RevenueCatUI/WebCheckout/WebCheckoutView.swift /private/tmp/advoid-readiness-derived/SourcePackages/checkouts/purchases-ios-spm/RevenueCatUI/WebCheckout/WebCheckoutViewModel.swift /private/tmp/advoid-readiness-derived/SourcePackages/checkouts/purchases-ios-spm/RevenueCatUI/WebView/WebViewHTTPStatus.swift /private/tmp/advoid-readiness-derived/SourcePackages/checkouts/purchases-ios-spm/RevenueCatUI/WebView/WebViewNavigationFailure.swift /private/tmp/advoid-readiness-derived/SourcePackages/checkouts/purchases-ios-spm/RevenueCatUI/WebView/WebViewOrigin.swift /tmp/advoid-readiness-derived/Build/Intermediates.noindex/ArchiveIntermediates/AdVoid/IntermediateBuildFilesPath/RevenueCat.build/Release-iphoneos/RevenueCatUI-t.build/DerivedSources/GeneratedAssetSymbols.swift /Applications/Xcode.app/Contents/Developer/Toolchains/XcodeDefault.xctoolchain/usr/lib/swift/iphoneos/prebuilt-modules/27.0/Darwin.swiftmodule/arm64e-apple-ios.swiftmodule /Applications/Xcode.app/Contents/Developer/Toolchains/XcodeDefault.xctoolchain/usr/lib/swift/iphoneos/prebuilt-modules/27.0/FileProvider.swiftmodule/arm64e-apple-ios.swiftmodule /Applications/Xcode.app/Contents/Developer/Toolchains/XcodeDefault.xctoolchain/usr/lib/swift/iphoneos/prebuilt-modules/27.0/AudioToolbox.swiftmodule/arm64e-apple-ios.swiftmodule /Applications/Xcode.app/Contents/Developer/Toolchains/XcodeDefault.xctoolchain/usr/lib/swift/iphoneos/prebuilt-modules/27.0/BackgroundAssets.swiftmodule/arm64e-apple-ios.swiftmodule /Applications/Xcode.app/Contents/Developer/Toolchains/XcodeDefault.xctoolchain/usr/lib/swift/iphoneos/prebuilt-modules/27.0/Foundation.swiftmodule/arm64e-apple-ios.swiftmodule /Applications/Xcode.app/Contents/Developer/Toolchains/XcodeDefault.xctoolchain/usr/lib/swift/iphoneos/prebuilt-modules/27.0/CryptoKit.swiftmodule/arm64e-apple-ios.swiftmodule /Applications/Xcode.app/Contents/Developer/Toolchains/XcodeDefault.xctoolchain/usr/lib/swift/iphoneos/prebuilt-modules/27.0/CoreMIDI.swiftmodule/arm64e-apple-ios.swiftmodule /Applications/Xcode.app/Contents/Developer/Toolchains/XcodeDefault.xctoolchain/usr/lib/swift/iphoneos/prebuilt-modules/27.0/CoreVideo.swiftmodule/arm64e-apple-ios.swiftmodule /Applications/Xcode.app/Contents/Developer/Toolchains/XcodeDefault.xctoolchain/usr/lib/swift/iphoneos/prebuilt-modules/27.0/Synchronization.swiftmodule/arm64e-apple-ios.swiftmodule /Applications/Xcode.app/Contents/Developer/Toolchains/XcodeDefault.xctoolchain/usr/lib/swift/iphoneos/prebuilt-modules/27.0/CoreText.swiftmodule/arm64e-apple-ios.swiftmodule /Applications/Xcode.app/Contents/Developer/Toolchains/XcodeDefault.xctoolchain/usr/lib/swift/iphoneos/prebuilt-modules/27.0/WebKit.swiftmodule/arm64e-apple-ios.swiftmodule /Applications/Xcode.app/Contents/Developer/Toolchains/XcodeDefault.xctoolchain/usr/lib/swift/iphoneos/prebuilt-modules/27.0/XPC.swiftmodule/arm64e-apple-ios.swiftmodule /Applications/Xcode.app/Contents/Developer/Toolchains/XcodeDefault.xctoolchain/usr/lib/swift/iphoneos/prebuilt-modules/27.0/TipKit.swiftmodule/arm64e-apple-ios.swiftmodule /Applications/Xcode.app/Contents/Developer/Toolchains/XcodeDefault.xctoolchain/usr/lib/swift/iphoneos/prebuilt-modules/27.0/_DarwinFoundation1.swiftmodule/arm64e-apple-ios.swiftmodule /Applications/Xcode.app/Contents/Developer/Toolchains/XcodeDefault.xctoolchain/usr/lib/swift/iphoneos/prebuilt-modules/27.0/_Builtin_float.swiftmodule/arm64e-apple-ios.swiftmodule /Applications/Xcode.app/Contents/Developer/Toolchains/XcodeDefault.xctoolchain/usr/lib/swift/iphoneos/prebuilt-modules/27.0/LocalAuthentication.swiftmodule/arm64e-apple-ios.swiftmodule /Applications/Xcode.app/Contents/Developer/Toolchains/XcodeDefault.xctoolchain/usr/lib/swift/iphoneos/prebuilt-modules/27.0/Distributed.swiftmodule/arm64e-apple-ios.swiftmodule /Applications/Xcode.app/Contents/Developer/Toolchains/XcodeDefault.xctoolchain/usr/lib/swift/iphoneos/prebuilt-modules/27.0/Accessibility.swiftmodule/arm64e-apple-ios.swiftmodule /Applications/Xcode.app/Contents/Developer/Toolchains/XcodeDefault.xctoolchain/usr/lib/swift/iphoneos/prebuilt-modules/27.0/SafariServices.swiftmodule/arm64e-apple-ios.swiftmodule /Applications/Xcode.app/Contents/Developer/Toolchains/XcodeDefault.xctoolchain/usr/lib/swift/iphoneos/prebuilt-modules/27.0/AVFoundation.swiftmodule/arm64e-apple-ios.swiftmodule /Applications/Xcode.app/Contents/Developer/Toolchains/XcodeDefault.xctoolchain/usr/lib/swift/iphoneos/prebuilt-modules/27.0/Spatial.swiftmodule/arm64e-apple-ios.swiftmodule /Applications/Xcode.app/Contents/Developer/Toolchains/XcodeDefault.xctoolchain/usr/lib/swift/iphoneos/prebuilt-modules/27.0/OSLog.swiftmodule/arm64e-apple-ios.swiftmodule /Applications/Xcode.app/Contents/Developer/Toolchains/XcodeDefault.xctoolchain/usr/lib/swift/iphoneos/prebuilt-modules/27.0/DeveloperToolsSupport.swiftmodule/arm64e-apple-ios.swiftmodule /Applications/Xcode.app/Contents/Developer/Toolchains/XcodeDefault.xctoolchain/usr/lib/swift/iphoneos/prebuilt-modules/27.0/Metal.swiftmodule/arm64e-apple-ios.swiftmodule /Applications/Xcode.app/Contents/Developer/Toolchains/XcodeDefault.xctoolchain/usr/lib/swift/iphoneos/prebuilt-modules/27.0/SwiftUICore.swiftmodule/arm64e-apple-ios.swiftmodule /Applications/Xcode.app/Contents/Developer/Toolchains/XcodeDefault.xctoolchain/usr/lib/swift/iphoneos/prebuilt-modules/27.0/Dispatch.swiftmodule/arm64e-apple-ios.swiftmodule /Applications/Xcode.app/Contents/Developer/Toolchains/XcodeDefault.xctoolchain/usr/lib/swift/iphoneos/prebuilt-modules/27.0/os.swiftmodule/arm64e-apple-ios.swiftmodule /Applications/Xcode.app/Contents/Developer/Toolchains/XcodeDefault.xctoolchain/usr/lib/swift/iphoneos/prebuilt-modules/27.0/_StringProcessing.swiftmodule/arm64e-apple-ios.swiftmodule /Applications/Xcode.app/Contents/Developer/Toolchains/XcodeDefault.xctoolchain/usr/lib/swift/iphoneos/prebuilt-modules/27.0/AVKit.swiftmodule/arm64e-apple-ios.swiftmodule /Applications/Xcode.app/Contents/Developer/Toolchains/XcodeDefault.xctoolchain/usr/lib/swift/iphoneos/prebuilt-modules/27.0/CoreGraphics.swiftmodule/arm64e-apple-ios.swiftmodule /Applications/Xcode.app/Contents/Developer/Toolchains/XcodeDefault.xctoolchain/usr/lib/swift/iphoneos/prebuilt-modules/27.0/QuartzCore.swiftmodule/arm64e-apple-ios.swiftmodule /Applications/Xcode.app/Contents/Developer/Toolchains/XcodeDefault.xctoolchain/usr/lib/swift/iphoneos/prebuilt-modules/27.0/UIKit.swiftmodule/arm64e-apple-ios.swiftmodule /Applications/Xcode.app/Contents/Developer/Toolchains/XcodeDefault.xctoolchain/usr/lib/swift/iphoneos/prebuilt-modules/27.0/CoreData.swiftmodule/arm64e-apple-ios.swiftmodule /Applications/Xcode.app/Contents/Developer/Toolchains/XcodeDefault.xctoolchain/usr/lib/swift/iphoneos/prebuilt-modules/27.0/SwiftUI.swiftmodule/arm64e-apple-ios.swiftmodule /Applications/Xcode.app/Contents/Developer/Toolchains/XcodeDefault.xctoolchain/usr/lib/swift/iphoneos/prebuilt-modules/27.0/_StoreKit_SwiftUI.swiftmodule/arm64e-apple-ios.swiftmodule /Applications/Xcode.app/Contents/Developer/Toolchains/XcodeDefault.xctoolchain/usr/lib/swift/iphoneos/prebuilt-modules/27.0/Symbols.swiftmodule/arm64e-apple-ios.swiftmodule /Applications/Xcode.app/Contents/Developer/Toolchains/XcodeDefault.xctoolchain/usr/lib/swift/iphoneos/prebuilt-modules/27.0/simd.swiftmodule/arm64e-apple-ios.swiftmodule /Applications/Xcode.app/Contents/Developer/Toolchains/XcodeDefault.xctoolchain/usr/lib/swift/iphoneos/prebuilt-modules/27.0/DataDetection.swiftmodule/arm64e-apple-ios.swiftmodule /Applications/Xcode.app/Contents/Developer/Toolchains/XcodeDefault.xctoolchain/usr/lib/swift/iphoneos/prebuilt-modules/27.0/_DarwinFoundation3.swiftmodule/arm64e-apple-ios.swiftmodule /tmp/advoid-readiness-derived/Build/Intermediates.noindex/ArchiveIntermediates/AdVoid/BuildProductsPath/Release-iphoneos/RevenueCat.swiftmodule/arm64-apple-ios.swiftmodule /Applications/Xcode.app/Contents/Developer/Toolchains/XcodeDefault.xctoolchain/usr/lib/swift/iphoneos/prebuilt-modules/27.0/UniformTypeIdentifiers.swiftmodule/arm64e-apple-ios.swiftmodule /Applications/Xcode.app/Contents/Developer/Toolchains/XcodeDefault.xctoolchain/usr/lib/swift/iphoneos/prebuilt-modules/27.0/_WebKit_SwiftUI.swiftmodule/arm64e-apple-ios.swiftmodule /Applications/Xcode.app/Contents/Developer/Toolchains/XcodeDefault.xctoolchain/usr/lib/swift/iphoneos/prebuilt-modules/27.0/MediaToolbox.swiftmodule/arm64e-apple-ios.swiftmodule /Applications/Xcode.app/Contents/Developer/Toolchains/XcodeDefault.xctoolchain/usr/lib/swift/iphoneos/prebuilt-modules/27.0/StoreKit.swiftmodule/arm64e-apple-ios.swiftmodule /Applications/Xcode.app/Contents/Developer/Toolchains/XcodeDefault.xctoolchain/usr/lib/swift/iphoneos/prebuilt-modules/27.0/_Concurrency.swiftmodule/arm64e-apple-ios.swiftmodule /Applications/Xcode.app/Contents/Developer/Toolchains/XcodeDefault.xctoolchain/usr/lib/swift/iphoneos/prebuilt-modules/27.0/RegexBuilder.swiftmodule/arm64e-apple-ios.swiftmodule /Applications/Xcode.app/Contents/Developer/Toolchains/XcodeDefault.xctoolchain/usr/lib/swift/iphoneos/prebuilt-modules/27.0/Swift.swiftmodule/arm64e-apple-ios.swiftmodule /Applications/Xcode.app/Contents/Developer/Toolchains/XcodeDefault.xctoolchain/usr/lib/swift/iphoneos/prebuilt-modules/27.0/Compression.swiftmodule/arm64e-apple-ios.swiftmodule /Applications/Xcode.app/Contents/Developer/Toolchains/XcodeDefault.xctoolchain/usr/lib/swift/iphoneos/prebuilt-modules/27.0/CoreMotion.swiftmodule/arm64e-apple-ios.swiftmodule /Applications/Xcode.app/Contents/Developer/Toolchains/XcodeDefault.xctoolchain/usr/lib/swift/iphoneos/prebuilt-modules/27.0/AuthenticationServices.swiftmodule/arm64e-apple-ios.swiftmodule /Applications/Xcode.app/Contents/Developer/Toolchains/XcodeDefault.xctoolchain/usr/lib/swift/iphoneos/prebuilt-modules/27.0/LightweightCodeRequirements.swiftmodule/arm64e-apple-ios.swiftmodule /Applications/Xcode.app/Contents/Developer/Toolchains/XcodeDefault.xctoolchain/usr/lib/swift/iphoneos/prebuilt-modules/27.0/CoreImage.swiftmodule/arm64e-apple-ios.swiftmodule /Applications/Xcode.app/Contents/Developer/Toolchains/XcodeDefault.xctoolchain/usr/lib/swift/iphoneos/prebuilt-modules/27.0/System.swiftmodule/arm64e-apple-ios.swiftmodule /Applications/Xcode.app/Contents/Developer/Toolchains/XcodeDefault.xctoolchain/usr/lib/swift/iphoneos/prebuilt-modules/27.0/CoreAudio.swiftmodule/arm64e-apple-ios.swiftmodule /Applications/Xcode.app/Contents/Developer/Toolchains/XcodeDefault.xctoolchain/usr/lib/swift/iphoneos/prebuilt-modules/27.0/AVFAudio.swiftmodule/arm64e-apple-ios.swiftmodule /Applications/Xcode.app/Contents/Developer/Toolchains/XcodeDefault.xctoolchain/usr/lib/swift/iphoneos/prebuilt-modules/27.0/Combine.swiftmodule/arm64e-apple-ios.swiftmodule /Applications/Xcode.app/Contents/Developer/Toolchains/XcodeDefault.xctoolchain/usr/lib/swift/iphoneos/prebuilt-modules/27.0/VideoToolbox.swiftmodule/arm64e-apple-ios.swiftmodule /Applications/Xcode.app/Contents/Developer/Toolchains/XcodeDefault.xctoolchain/usr/lib/swift/iphoneos/prebuilt-modules/27.0/CoreLocation.swiftmodule/arm64e-apple-ios.swiftmodule /Applications/Xcode.app/Contents/Developer/Toolchains/XcodeDefault.xctoolchain/usr/lib/swift/iphoneos/prebuilt-modules/27.0/Network.swiftmodule/arm64e-apple-ios.swiftmodule /Applications/Xcode.app/Contents/Developer/Toolchains/XcodeDefault.xctoolchain/usr/lib/swift/iphoneos/prebuilt-modules/27.0/_AVKit_SwiftUI.swiftmodule/arm64e-apple-ios.swiftmodule /Applications/Xcode.app/Contents/Developer/Toolchains/XcodeDefault.xctoolchain/usr/lib/swift/iphoneos/prebuilt-modules/27.0/CoreMedia.swiftmodule/arm64e-apple-ios.swiftmodule /Applications/Xcode.app/Contents/Developer/Toolchains/XcodeDefault.xctoolchain/usr/lib/swift/iphoneos/prebuilt-modules/27.0/CoreTransferable.swiftmodule/arm64e-apple-ios.swiftmodule /Applications/Xcode.app/Contents/Developer/Toolchains/XcodeDefault.xctoolchain/usr/lib/swift/iphoneos/prebuilt-modules/27.0/ImageIO.swiftmodule/arm64e-apple-ios.swiftmodule /Applications/Xcode.app/Contents/Developer/Toolchains/XcodeDefault.xctoolchain/usr/lib/swift/iphoneos/prebuilt-modules/27.0/_DarwinFoundation2.swiftmodule/arm64e-apple-ios.swiftmodule /Applications/Xcode.app/Contents/Developer/Toolchains/XcodeDefault.xctoolchain/usr/lib/swift/iphoneos/prebuilt-modules/27.0/CoreFoundation.swiftmodule/arm64e-apple-ios.swiftmodule /Applications/Xcode.app/Contents/Developer/Toolchains/XcodeDefault.xctoolchain/usr/lib/swift/iphoneos/prebuilt-modules/27.0/ExtensionFoundation.swiftmodule/arm64e-apple-ios.swiftmodule /Applications/Xcode.app/Contents/Developer/Toolchains/XcodeDefault.xctoolchain/usr/lib/swift/iphoneos/prebuilt-modules/27.0/ObjectiveC.swiftmodule/arm64e-apple-ios.swiftmodule /Applications/Xcode.app/Contents/Developer/Toolchains/XcodeDefault.xctoolchain/usr/lib/swift/iphoneos/prebuilt-modules/27.0/Observation.swiftmodule/arm64e-apple-ios.swiftmodule /tmp/advoid-readiness-derived/SDKExplicitPrecompiledModules/CFNetwork-6GEATJ94ADNS2BP7MCK8YT7PZ.pcm /tmp/advoid-readiness-derived/SDKExplicitPrecompiledModules/CoreMotion-AKHYT7WX7XDWP2I3E8WHTDU39.pcm /tmp/advoid-readiness-derived/SDKExplicitPrecompiledModules/AVRouting-DDY17DXN4MIE2Z2FVEJ9173E6.pcm /tmp/advoid-readiness-derived/SDKExplicitPrecompiledModules/_Builtin_stdbool-97W1DG2SR16IUGJCL35AM0YW.pcm /tmp/advoid-readiness-derived/SDKExplicitPrecompiledModules/OSLog-EIMK7KREA3M2V2RV75BNPAYB0.pcm /tmp/advoid-readiness-derived/SDKExplicitPrecompiledModules/MachO-Z7ZFMXR7L6G921EVL33ZVN7I.pcm /tmp/advoid-readiness-derived/SDKExplicitPrecompiledModules/AVFoundation-5SVN3UUSA1WE84AJBNZT7VDZL.pcm /tmp/advoid-readiness-derived/SDKExplicitPrecompiledModules/ObjectiveC-8WAFS8IA7LYRU0CT2FIS0GION.pcm /tmp/advoid-readiness-derived/SDKExplicitPrecompiledModules/Security-98P5ZFFL7JC1K6SVDBYDT8X13.pcm /tmp/advoid-readiness-derived/SDKExplicitPrecompiledModules/string_h-ALPSEMP52N8EXUVFUCFH1S6AM.pcm /tmp/advoid-readiness-derived/SDKExplicitPrecompiledModules/CommonCrypto-73F1Z9V6JG0VTBLYCKCWKKGQK.pcm /tmp/advoid-readiness-derived/SDKExplicitPrecompiledModules/_DarwinFoundation1-BODBKUDR94CKOCHW8164HLS67.pcm /tmp/advoid-readiness-derived/SDKExplicitPrecompiledModules/ExtensionFoundation-4IA7FL70T2SPQI68FOD3FBQVM.pcm /tmp/advoid-readiness-derived/SDKExplicitPrecompiledModules/sys_types-2PEARYAL87PUS51NO5RG7OLAR.pcm /tmp/advoid-readiness-derived/SDKExplicitPrecompiledModules/CoreFoundation-CQE8D26IDR37NGRRMZT76WR72.pcm /tmp/advoid-readiness-derived/SDKExplicitPrecompiledModules/CoreData-63H1EWPB33HFGF9KFET62WRV8.pcm /tmp/advoid-readiness-derived/SDKExplicitPrecompiledModules/_AvailabilityInternal-DZI4A9JWN3Y75O3L22W9DH855.pcm /tmp/advoid-readiness-derived/SDKExplicitPrecompiledModules/BackgroundAssets-BSRV4138QQODGUYGND199I5Y1.pcm /tmp/advoid-readiness-derived/SDKExplicitPrecompiledModules/_Builtin_stdarg-5P22I1UTXBC5HKKQ97HPFR89G.pcm /tmp/advoid-readiness-derived/SDKExplicitPrecompiledModules/CoreMedia-A2IHKDI0STA1ZYXH9OTWQ4823.pcm /tmp/advoid-readiness-derived/SDKExplicitPrecompiledModules/Metal-26AO2RE444G5TK6IW0D2N0SL8.pcm /tmp/advoid-readiness-derived/SDKExplicitPrecompiledModules/_Builtin_stdatomic-CTFNFPLO1HX6OLF3OYU4MNBQY.pcm /tmp/advoid-readiness-derived/SDKExplicitPrecompiledModules/ptrauth-43VIPWZ1NVK09T13X2DZQR51L.pcm /tmp/advoid-readiness-derived/SDKExplicitPrecompiledModules/StoreKit-EWXM25O5GE6CSEUAYMSRCIAZJ.pcm /tmp/advoid-readiness-derived/SDKExplicitPrecompiledModules/SwiftUICore-A8GTBIZ6WA3XJCA2AYBZO0PO5.pcm /tmp/advoid-readiness-derived/SDKExplicitPrecompiledModules/UniformTypeIdentifiers-33OOJ5SPM6B47ICI1M6JB15MQ.pcm /tmp/advoid-readiness-derived/SDKExplicitPrecompiledModules/simd-ZPHV65ODIL1ITE4R69ZY390F.pcm /tmp/advoid-readiness-derived/SDKExplicitPrecompiledModules/UIUtilities-UEI58MLBDP3WQZLICFJLIS68.pcm /tmp/advoid-readiness-derived/SDKExplicitPrecompiledModules/CoreTransferable-CN4OK058H9GH5HCW1F0R0494J.pcm /tmp/advoid-readiness-derived/SDKExplicitPrecompiledModules/_Builtin_limits-2HCJ37GKSFXCE0EMJCM8CS5YS.pcm /tmp/advoid-readiness-derived/SDKExplicitPrecompiledModules/_Builtin_float-9VULZ8K6GMOJDDEATVC7S2DM7.pcm /tmp/advoid-readiness-derived/SDKExplicitPrecompiledModules/_LocationEssentials-F4ILYWU8SJJBOFG0JWMRU1JNT.pcm /tmp/advoid-readiness-derived/SDKExplicitPrecompiledModules/QuartzCore-DF352MILP4909HWVIVLMK0YB.pcm /tmp/advoid-readiness-derived/SDKExplicitPrecompiledModules/MediaToolbox-4VUW1PR0OTX94JK1LWDHMUP5V.pcm /tmp/advoid-readiness-derived/SDKExplicitPrecompiledModules/Symbols-4SX8B0DJEBHM0KZAPEF18V6I1.pcm /tmp/advoid-readiness-derived/SDKExplicitPrecompiledModules/XPC-8UWCK0T3C8Y73PF9O0ZMZRNGZ.pcm /tmp/advoid-readiness-derived/SDKExplicitPrecompiledModules/WebKit-EDVDC4A40MN0ZR64JWLD2TIYX.pcm /tmp/advoid-readiness-derived/SDKExplicitPrecompiledModules/os_object-D60D1HSXKSN4J8EMTAV4IKNJ1.pcm /tmp/advoid-readiness-derived/SDKExplicitPrecompiledModules/CoreLocation-88B32M4C5EBFAPOC7IWUJHMJU.pcm /tmp/advoid-readiness-derived/SDKExplicitPrecompiledModules/_DarwinFoundation2-BXPIM5AVKKGW61N8MHEWGFJTO.pcm /tmp/advoid-readiness-derived/SDKExplicitPrecompiledModules/CoreGraphics-1HBYJE5TIHCAFSYQ9CFJ9ICMC.pcm /tmp/advoid-readiness-derived/SDKExplicitPrecompiledModules/SwiftUI-8UA5FIICNE57M255SEYWEYSBU.pcm /tmp/advoid-readiness-derived/SDKExplicitPrecompiledModules/SwiftShims-63PBETNG1XN4J8HJOWD3ERYH5.pcm /tmp/advoid-readiness-derived/SDKExplicitPrecompiledModules/AVFAudio-2QTKRRILA6NM3GFCFN53PE79S.pcm /tmp/advoid-readiness-derived/SDKExplicitPrecompiledModules/Foundation-851RBVYFIOHXMTPP7X091AWCN.pcm /tmp/advoid-readiness-derived/SDKExplicitPrecompiledModules/FileProvider-9H9E9VC5W7F964YHTR7PZG0QQ.pcm /tmp/advoid-readiness-derived/SDKExplicitPrecompiledModules/zlib-6BQ70R074E6DWZK72R6LQYWSV.pcm /tmp/advoid-readiness-derived/SDKExplicitPrecompiledModules/_Builtin_inttypes-EF3ZULVDAMHW57T3K0YAODR16.pcm /tmp/advoid-readiness-derived/SDKExplicitPrecompiledModules/_Builtin_tgmath-DKS0VRZHPIMX8G8VU7NKCMJ4C.pcm /tmp/advoid-readiness-derived/SDKExplicitPrecompiledModules/DeveloperToolsSupport-BD8SGI5X1DO30I14GH2MSALAN.pcm /tmp/advoid-readiness-derived/SDKExplicitPrecompiledModules/OpenGLES-LS4H65AG87E0WWFG3M6X7RX.pcm /tmp/advoid-readiness-derived/SDKExplicitPrecompiledModules/ptrcheck-1GB0EUWUSCMYEK8J7H7SU4VTY.pcm /tmp/advoid-readiness-derived/SDKExplicitPrecompiledModules/UserNotifications-CDV79JUDMBUAJ1I6LG5HUXOG0.pcm /tmp/advoid-readiness-derived/SDKExplicitPrecompiledModules/VideoToolbox-AOAFWZ7BYGD6MW2P6KANF8H98.pcm /tmp/advoid-readiness-derived/SDKExplicitPrecompiledModules/SafariServices-77RDVJBLOYH2UENNABAKHK3WA.pcm /tmp/advoid-readiness-derived/SDKExplicitPrecompiledModules/AuthenticationServices-347KQAH1KZGOX948066L6LOOY.pcm /tmp/advoid-readiness-derived/SDKExplicitPrecompiledModules/Compression-72DBZJSZKKN8M74WKJCH0T2QQ.pcm /tmp/advoid-readiness-derived/SDKExplicitPrecompiledModules/Accessibility-AC9I1MXHHL5ZFV5VR2CX8SPB1.pcm /tmp/advoid-readiness-derived/SDKExplicitPrecompiledModules/Dispatch-6ZIQGOA75I68BRZ3SF9S7VMR4.pcm /tmp/advoid-readiness-derived/SDKExplicitPrecompiledModules/AdServices-EI4NDOB2IG3WYK1KY8T2S5BG.pcm /tmp/advoid-readiness-derived/SDKExplicitPrecompiledModules/CoreImage-C3IR2TUUG5954TZ6OVUPRLDD1.pcm /tmp/advoid-readiness-derived/SDKExplicitPrecompiledModules/_StoreKit_SwiftUI-2OPC9X7FL5KHQACPOHH0KLK7J.pcm /tmp/advoid-readiness-derived/SDKExplicitPrecompiledModules/CoreMIDI-4OPOEEB4TOKGBHYNVZFTHY3RR.pcm /tmp/advoid-readiness-derived/SDKExplicitPrecompiledModules/dnssd-66JPJTDJ1L74BT1UJIJKZXX88.pcm /tmp/advoid-readiness-derived/SDKExplicitPrecompiledModules/_SwiftConcurrencyShims-6KWI0VB6DK4DZ32HX47BRZ6N.pcm /tmp/advoid-readiness-derived/SDKExplicitPrecompiledModules/LocalAuthentication-5MRFEIPMEC2UJL2OFST8KO9GM.pcm /tmp/advoid-readiness-derived/SDKExplicitPrecompiledModules/IOSurface-7T4L1DKHQG1RSJN9SHWR9L9MU.pcm /tmp/advoid-readiness-derived/SDKExplicitPrecompiledModules/_Builtin_stdint-CTAMPNX2SCLHQPCZZOBV5N3AB.pcm /tmp/advoid-readiness-derived/SDKExplicitPrecompiledModules/ImageIO-EGB02X7V4YW7CVDGW3T4WK7G1.pcm /tmp/advoid-readiness-derived/SDKExplicitPrecompiledModules/DataDetection-26LG3QE5MU2D8JH3D15Q9PE6L.pcm /tmp/advoid-readiness-derived/SDKExplicitPrecompiledModules/CoreAudioTypes-30EVNJW3R6TE97NLSZ1IKQNFY.pcm /tmp/advoid-readiness-derived/SDKExplicitPrecompiledModules/UIKit-BNA9KXWJ9O8BYS9I8RPKOS14.pcm /tmp/advoid-readiness-derived/SDKExplicitPrecompiledModules/CoreVideo-3310OL4F9T0EURHL7LZQXPHG3.pcm /tmp/advoid-readiness-derived/SDKExplicitPrecompiledModules/os_workgroup-2FVSCUNZ7TCOBPPCXH6CKQ5CB.pcm /tmp/advoid-readiness-derived/SDKExplicitPrecompiledModules/Network-F5DRP53U5FO9GG0SND4S1X3DE.pcm /tmp/advoid-readiness-derived/SDKExplicitPrecompiledModules/os-EZOXG8E9GBUF27QMGDYY8URUY.pcm /tmp/advoid-readiness-derived/SDKExplicitPrecompiledModules/AVKit-EJUHMA9N2ZDMOTSQIQXVUTERR.pcm /tmp/advoid-readiness-derived/SDKExplicitPrecompiledModules/Spatial-6PD3KRMSX4KPDNFTAWPFZZJGM.pcm /tmp/advoid-readiness-derived/SDKExplicitPrecompiledModules/CoreAudio-1BSOPYG7Z7GRHIGEKPFYBTQQ5.pcm /tmp/advoid-readiness-derived/SDKExplicitPrecompiledModules/_Builtin_intrinsics-DIMA56SUEYMH7CSW6UEZ1QWAY.pcm /tmp/advoid-readiness-derived/SDKExplicitPrecompiledModules/_DarwinFoundation3-2B1EDXWZPI26XOB48D1JUSXIU.pcm /tmp/advoid-readiness-derived/SDKExplicitPrecompiledModules/Darwin-E3L4ULV47AQZ6IQNMKHKXOOPR.pcm /tmp/advoid-readiness-derived/SDKExplicitPrecompiledModules/CoreText-470VE7F2DM1PXW2M6QYXDYR04.pcm /tmp/advoid-readiness-derived/SDKExplicitPrecompiledModules/_Builtin_stddef-H4GLOJ0TRSFIWGEB55ZVNHPY.pcm /tmp/advoid-readiness-derived/SDKExplicitPrecompiledModules/AudioToolbox-245EEZLYVIPDZ2XXYX0EZQLKB.pcm /tmp/advoid-readiness-derived/Build/Intermediates.noindex/ArchiveIntermediates/AdVoid/IntermediateBuildFilesPath/RevenueCat.build/Release-iphoneos/RevenueCatUI-t.build/Objects-normal/arm64/RevenueCatUI-dependencies-1.json (in target 'RevenueCatUI' from project 'RevenueCat')

SwiftCompile normal arm64 (in target 'RevenueCatUI' from project 'RevenueCat')
    cd /Users/fig/AdVoid/AdVoid.xcodeproj
    

SwiftDriverJobDiscovery normal arm64 Compiling resource_bundle_accessor.swift, Binding+Extensions.swift, WebBundleCacheCoordinator.swift, WebBundlePrewarmer.swift, WebViewWebsiteDataStoreSweeper.swift, CheckpointError.swift, CheckpointIdentifierValidator.swift, CheckpointPresentationSlot.swift, CheckpointPresenter.swift, CheckpointResults.swift, Checkpoints.swift, CheckpointsManager.swift, PaywallPresenter.swift, Purchases+Checkpoints.swift, WorkflowPresentation.swift, WorkflowPresenter.swift, PlatformBezierPath.swift, PlatformColor.swift, PlatformFont.swift, PlatformImage.swift, CustomerCenterPurchasesType.swift, CustomerCenterConfigData.HelpPath+PurchaseInformation.swift, CustomerCenterView+Actions.swift, ButtonStyles.swift, ColorFromAppearance.swift, ContactSupportUtilities.swift, CustomerInfo+CurrentEntitlement.swift, CustomActionData.swift, CustomerCenterAction.swift, CustomerCenterActionViewModifier.swift, CustomerCenterActionWrapper.swift, CustomerCenterConfigData+Mock.swift, CustomerCenterEnvironment.swift, CustomerCenterError.swift, CustomerCenterManagementOption.swift, CustomerCenterPurchases.swift, DiscountsHandler.swift, EntitlementInfo+Extensions.swift, FeedbackSurveyData.swift, LoadPromotionalOfferUseCase.swift, PromotionalOfferData.swift, PurchaseInformation+Mock.swift, PurchaseInformation.swift, SemanticVersion.swift, StoreProductDiscount+CustomerCenter.swift, Transaction.swift, CustomerCenterConfigDataAppearance+Tint.swift, CustomerCenterConfigDataSupport+URL.swift, CustomerInfo+SeeAllPurchases.swift, PurchaseInformation+Creation.swift, MockCustomerCenterPurchases.swift, MockCustomerCenterStoreKitUtilities.swift, MockLoadPromotionalOfferUseCase.swift, PurchaseInformationFixtures.swift, URLUtilities.swift, CustomerCenterLocalizationStrings.swift, CustomerCenterStoreKitUtilities.swift, CustomerCenterStoreKitUtilitiesType.swift, CustomerCenterStylingUtilities.swift, EmailValidator.swift, IdentifiableURL.swift, View+PresentCustomerCenter.swift, BaseManageSubscriptionViewModel.swift, CustomerCenterViewModel.swift, CustomerCenterViewState.swift, FeedbackSurveyViewModel.swift, NoSubscriptionsCardViewModel.swift, PromotionalOfferViewModel.swift, PurchaseDetailItem.swift, PurchaseDetailViewModel.swift, PurchaseHistoryViewModel.swift, PurchaseInformation+History.swift, RelevantPurchasesListViewModel.swift, RestorePurchasesAlertViewModel.swift, SubscriptionDetailViewModel.swift, VirtualCurrencyBalancesScreenViewModel.swift, ActiveSubscriptionButtonsView.swift, AppUpdateWarningView.swift, CompatibilityLabeledContent.swift, CompatibilityNavigationStack.swift, CompatibilityTopBarTrailing.swift, CreateTicketView.swift, CustomerCenterNavigationLink.swift, CustomerCenterNavigationOptions.swift, CustomerCenterView.swift, FallbackNoSubscriptionsView.swift, FeedbackSurveyView.swift, ManageSubscriptionsButtonsView.swift, NoSubscriptionsCardView.swift, PromotionalOfferView.swift, PurchaseCardView.swift, PurchaseDetailView.swift, PurchaseHistoryView.swift, RelevantPurchasesListView.swift, RestorePurchasesAlert.swift, ScrollViewSection.swift, ScrollViewWithOSBackground.swift, SubscriptionDetailView.swift, TintedProgressView.swift, CustomerCenterViewController.swift, CustomerCenterViewControllerDelegate.swift, VirtualCurrenciesScrollViewWithOSBackgroundSection.swift, VirtualCurrencyBalanceListRow.swift, VirtualCurrencyBalancesScreen.swift, ComponentInteractionData+Factories.swift, Constants.swift, CustomPaywallVariables.swift, CustomerInfoFixtures.swift, PaywallError.swift, TemplateError.swift, IntroEligibilityViewModel.swift, TrialOrIntroEligibilityChecker+TestData.swift, TrialOrIntroEligibilityChecker.swift, Localization.swift, LocalizedAlertError.swift, PaywallData+Validation.swift, PaywallSourceEnvironment.swift, PaywallTemplate.swift, PaywallViewConfiguration.swift, PaywallViewMode+Extensions.swift, ProcessedLocalizedConfiguration.swift, Strings.swift, TemplateViewConfiguration+Extensions.swift, TemplateViewConfiguration+Images.swift, TemplateViewConfiguration.swift, TestData.swift, UserInterfaceIdiom.swift, Variables.swift, VirtualCurrenciesFixtures.swift, AppStyleExtractor.swift, Bundle+Extensions.swift, ColorComputationHelpers.swift, ColorInformation+MultiScheme.swift, DualColorImageGenerator.swift, EmergeRenderingMode.swift, ExitOfferHelper.swift, FileImageLoader.swift, ImageLoader.swift, KeyWindowFocusResigner.swift, Logger.swift, Optional+Extensions.swift, Package+VariableDataProvider.swift, PaywallData+Default.swift, PaywallWarning.swift, PreviewHelpers.swift, PriceFormatterExtensions.swift, PurchaseResultComparator.swift, ResumeAction.swift, RuntimeUtils.swift, StoreProduct+Extensions.swift, TemplateView+MultiTier.swift, VersionDetector.swift, ConsistentPackageContentView.swift, ConsistentTierContentView.swift, EnvironmentValues+Workflow.swift, FitToAspectRatio.swift, FooterHidingModifier.swift, PaywallMediaAccessibility.swift, ViewExtensions.swift, PaywallFontProvider.swift, PaywallInteractionEvent.swift, PaywallView.swift, Purchases+PreviewPaywall.swift, ExternalPurchaseLink.swift, MockPurchases.swift, PaywallEventTracker.swift, PaywallPurchasesType.swift, PurchaseHandler+TestData.swift, PurchaseHandler.swift, PurchasesUIService.swift, SelectionHapticFeedback.swift, WorkflowContext.swift, WorkflowPreview.swift, WatchTemplateView.swift, Template1View.swift, Template2View.swift, Template3View.swift, Template4View.swift, Template5View.swift, Template7View.swift, TemplateViewType.swift, BottomSheetView.swift, ButtonComponentView.swift, ButtonComponentViewModel.swift, CarouselComponentView.swift, CarouselComponentViewModel.swift, ScrollViewGestureCoordinator.swift, ComponentsView.swift, CountdownComponentView.swift, CountdownComponentViewModel.swift, HeaderComponentView.swift, HeaderComponentViewModel.swift, IconComponentView.swift, IconComponentViewModel.swift, ImageComponentView.swift, ImageComponentViewModel.swift, ComponentViewState.swift, PackageComponentView.swift, PackageComponentViewModel.swift, PackageVisibilityResolver.swift, PurchaseButtonComponentView.swift, PurchaseButtonComponentViewModel.swift, RootView.swift, RootViewModel.swift, FlexHStack.swift, FlexSpacer.swift, FlexVStack.swift, JustifyContent.swift, StackComponentView.swift, StackComponentViewModel.swift, StickyFooterComponentView.swift, StickyFooterComponentViewModel.swift, TabControlButtonComponentView.swift, TabControlButtonComponentViewModel.swift, TabControlComponentView.swift, TabControlComponentViewModel.swift, TabControlToggleComponentView.swift, TabControlToggleComponentViewModel.swift, TabsComponentView.swift, TabsComponentViewModel.swift, TabsPackageSelectionResolver.swift, MarkdownUnderlineFormatter.swift, TextComponentView.swift, TextComponentViewModel.swift, TimelineComponentView.swift, TimelineComponentViewModel.swift, VideoAudioSessionHandler.swift, VideoAutoplayHandler.swift, VideoComponentView.swift, VideoComponentViewModel.swift, VideoPlayerLayerUIView.swift, VideoPlayerView.swift, VideoPlayerViewNSView.swift, VideoPlayerViewUIView.swift, PaywallWebViewStaticContext.swift, PaywallWebViewValue.swift, WebViewComponentNavigationPolicy.swift, WebViewComponentView.swift, WebViewComponentViewModel.swift, WebViewEnvelope.swift, WebViewInstance.swift, WebViewScrollGestureArbitration.swift, WebViewSession.swift, CarouselState.swift, IntroOfferEligibilityContext.swift, OpenSheet.swift, PackageContext.swift, PaywallLoadingKey.swift, PaywallPromoOfferCache.swift, PaywallStateStore.swift, PlanSelectionDefaultPackage.swift, RequestSizeCalculation.swift, ScreenCondition.swift, SelectedPackageId.swift, VoiceOverEnabledOverrideKey.swift, PaywallScrollEnvironment.swift, PaywallZLayerScrollPolicy.swift, LocaleFinder.swift, LocalizationDictionaryExtensions.swift, PaywallsV2View.swift, PreviewMock.swift, SafeAreaPreviewShell.swift, ButtonWithFooterPreview.swift, ConditionalConfigurabilityPreview.swift, FallbackComponentPreview.swift, FamilySharingTogglePreview.swift, HeaderNestedHeroZLayerSafeAreaPreview.swift, HeaderTextBodyHeroSafeAreaPreview.swift, MultiTierPreview.swift, PackageVisibilityPreview.swift, PurchaseButtonInPackagePreview.swift, Template1Preview.swift, WindowSizeConditionsPreview.swift, WorkflowSheetRelativeDiscountPreview.swift, VariableHandlerV2.swift, ApplySizing.swift, BackgroundStyle.swift, BadgeModifier.swift, DisplayableColor.swift, Fill.swift, FixMacButtonsModifier.swift, ForegroundColorScheme.swift, NavigatetoURL.swift, ProgressViewModifier.swift, ShadowModifier.swift, Shape.swift, SizeModifier.swift, TransitionModifier.swift, LocalizationProvider.swift, PackageValidator.swift, PaywallComponentTypeTransformers.swift, PaywallComponentViewModel.swift, PresentedPartials.swift, UIConfigProvider.swift, ViewModelFactory.swift, WorkflowNavigator.swift, WorkflowScreenMapper.swift, WorkflowStepEventCoordinator.swift, WorkflowStepEventTracker.swift, WorkflowPaywallView.swift, PaywallFooterViewController.swift, PaywallViewController.swift, View+ExitOfferPresentation.swift, View+OnRedeemWebPurchaseAttempt.swift, View+PresentPaywall.swift, View+PresentPaywallFooter.swift, View+PurchaseRestoreCompleted.swift, AsyncButton.swift, CompatibilityContentUnavailableView.swift, DebugErrorView.swift, AppIconDetailProvider.swift, DefaultPaywallPreviews.swift, DefaultPaywallView.swift, DefaultPaywallWarning.swift, DefaultProductCell.swift, ErrorDisplay.swift, ErrorView.swift, FooterView.swift, GradientView.swift, IconView.swift, IntroEligibilityStateView.swift, LoadingPaywallView.swift, PackageButtonStyle.swift, ProgressView.swift, PurchaseButton.swift, RemoteImage.swift, SafariView.swift, TemplateBackgroundImageView.swift, TemplatePackageSetting.swift, TierSelectorView.swift, WebCheckoutReturnURL.swift, WebCheckoutSheet.swift, WebCheckoutView.swift, WebCheckoutViewModel.swift, WebViewHTTPStatus.swift, WebViewNavigationFailure.swift, WebViewOrigin.swift, GeneratedAssetSymbols.swift (in target 'RevenueCatUI' from project 'RevenueCat')

SwiftDriver\ Compilation\ Requirements RevenueCatUI normal arm64 com.apple.xcode.tools.swift.compiler (in target 'RevenueCatUI' from project 'RevenueCat')
    cd /Users/fig/AdVoid/AdVoid.xcodeproj
    builtin-Swift-Compilation-Requirements -- /Applications/Xcode.app/Contents/Developer/Toolchains/XcodeDefault.xctoolchain/usr/bin/swiftc -parse-as-library -module-name RevenueCatUI -O -whole-module-optimization @/tmp/advoid-readiness-derived/Build/Intermediates.noindex/ArchiveIntermediates/AdVoid/IntermediateBuildFilesPath/RevenueCat.build/Release-iphoneos/RevenueCatUI-t.build/Objects-normal/arm64/RevenueCatUI.SwiftFileList -DSWIFT_PACKAGE -DSWIFT_MODULE_RESOURCE_BUNDLE_AVAILABLE -DXcode -plugin-path /Applications/Xcode.app/Contents/Developer/Toolchains/XcodeDefault.xctoolchain/usr/lib/swift/host/plugins/testing -enable-experimental-feature DebugDescriptionMacro -sdk /Applications/Xcode.app/Contents/Developer/Platforms/iPhoneOS.platform/Developer/SDKs/iPhoneOS27.0.sdk -target arm64-apple-ios15.0 -g -module-cache-path /tmp/advoid-readiness-derived/ModuleCache.noindex -Xfrontend -serialize-debugging-options -suppress-warnings -swift-version 5 -I /tmp/advoid-readiness-derived/Build/Intermediates.noindex/ArchiveIntermediates/AdVoid/BuildProductsPath/Release-iphoneos -Isystem /Applications/Xcode.app/Contents/Developer/Platforms/iPhoneOS.platform/Developer/usr/lib -F /tmp/advoid-readiness-derived/Build/Intermediates.noindex/ArchiveIntermediates/AdVoid/BuildProductsPath/Release-iphoneos/PackageFrameworks -F /tmp/advoid-readiness-derived/Build/Intermediates.noindex/ArchiveIntermediates/AdVoid/BuildProductsPath/Release-iphoneos -F /Applications/Xcode.app/Contents/Developer/Platforms/iPhoneOS.platform/Developer/Library/Frameworks -F /Applications/Xcode.app/Contents/Developer/Platforms/iPhoneOS.platform/Developer/SDKs/iPhoneOS27.0.sdk/Developer/Library/Frameworks -emit-localized-strings -emit-localized-strings-path /tmp/advoid-readiness-derived/Build/Intermediates.noindex/ArchiveIntermediates/AdVoid/IntermediateBuildFilesPath/RevenueCat.build/Release-iphoneos/RevenueCatUI-t.build/Objects-normal/arm64 -c -num-threads 10 -Xcc -ivfsstatcache -Xcc /tmp/advoid-readiness-derived/SDKStatCaches.noindex/iphoneos27.0-24A430-6c78b3cbc238196c85e1bf6c792c5915.sdkstatcache -output-file-map /tmp/advoid-readiness-derived/Build/Intermediates.noindex/ArchiveIntermediates/AdVoid/IntermediateBuildFilesPath/RevenueCat.build/Release-iphoneos/RevenueCatUI-t.build/Objects-normal/arm64/RevenueCatUI-OutputFileMap.json -save-temps -no-color-diagnostics -explicit-module-build -module-cache-path /tmp/advoid-readiness-derived/Build/Intermediates.noindex/ArchiveIntermediates/AdVoid/IntermediateBuildFilesPath/SwiftExplicitPrecompiledModules -clang-scanner-module-cache-path /tmp/advoid-readiness-derived/ModuleCache.noindex -sdk-module-cache-path /tmp/advoid-readiness-derived/SDKExplicitPrecompiledModules -emit-dependencies -emit-module -emit-module-path /tmp/advoid-readiness-derived/Build/Intermediates.noindex/ArchiveIntermediates/AdVoid/IntermediateBuildFilesPath/RevenueCat.build/Release-iphoneos/RevenueCatUI-t.build/Objects-normal/arm64/RevenueCatUI.swiftmodule -serialize-diagnostics -dependency-scan-serialize-diagnostics-path /tmp/advoid-readiness-derived/Build/Intermediates.noindex/ArchiveIntermediates/AdVoid/IntermediateBuildFilesPath/RevenueCat.build/Release-iphoneos/RevenueCatUI-t.build/Objects-normal/arm64/RevenueCatUI-dependency-scan.dia -validate-clang-modules-once -clang-build-session-file /tmp/advoid-readiness-derived/ModuleCache.noindex/Session.modulevalidation -Xcc -fmodules-prune-interval\=86400 -Xcc -fmodules-prune-after\=345600 -package-name purchases_ios_spm -emit-const-values -const-gather-protocols-list /tmp/advoid-readiness-derived/Build/Intermediates.noindex/ArchiveIntermediates/AdVoid/IntermediateBuildFilesPath/RevenueCat.build/Release-iphoneos/RevenueCatUI-t.build/Objects-normal/arm64/RevenueCatUI_const_extract_protocols.json -Xcc -I/tmp/advoid-readiness-derived/Build/Intermediates.noindex/ArchiveIntermediates/AdVoid/BuildProductsPath/Release-iphoneos/include -Xcc -I/tmp/advoid-readiness-derived/Build/Intermediates.noindex/ArchiveIntermediates/AdVoid/IntermediateBuildFilesPath/RevenueCat.build/Release-iphoneos/RevenueCatUI-t.build/DerivedSources-normal/arm64 -Xcc -I/tmp/advoid-readiness-derived/Build/Intermediates.noindex/ArchiveIntermediates/AdVoid/IntermediateBuildFilesPath/RevenueCat.build/Release-iphoneos/RevenueCatUI-t.build/DerivedSources/arm64 -Xcc -I/tmp/advoid-readiness-derived/Build/Intermediates.noindex/ArchiveIntermediates/AdVoid/IntermediateBuildFilesPath/RevenueCat.build/Release-iphoneos/RevenueCatUI-t.build/DerivedSources -Xcc -DSWIFT_PACKAGE -emit-objc-header -emit-objc-header-path /tmp/advoid-readiness-derived/Build/Intermediates.noindex/ArchiveIntermediates/AdVoid/IntermediateBuildFilesPath/RevenueCat.build/Release-iphoneos/RevenueCatUI-t.build/Objects-normal/arm64/RevenueCatUI-Swift.h -working-directory /Users/fig/AdVoid/AdVoid.xcodeproj -no-emit-module-separately-wmo

SwiftMergeGeneratedHeaders /tmp/advoid-readiness-derived/Build/Intermediates.noindex/ArchiveIntermediates/AdVoid/IntermediateBuildFilesPath/GeneratedModuleMaps-iphoneos/RevenueCatUI-Swift.h /tmp/advoid-readiness-derived/Build/Intermediates.noindex/ArchiveIntermediates/AdVoid/IntermediateBuildFilesPath/RevenueCat.build/Release-iphoneos/RevenueCatUI-t.build/Objects-normal/arm64/RevenueCatUI-Swift.h (in target 'RevenueCatUI' from project 'RevenueCat')
    cd /tmp/advoid-readiness-derived/SourcePackages/checkouts/purchases-ios-spm
    builtin-swiftHeaderTool -arch arm64 /tmp/advoid-readiness-derived/Build/Intermediates.noindex/ArchiveIntermediates/AdVoid/IntermediateBuildFilesPath/RevenueCat.build/Release-iphoneos/RevenueCatUI-t.build/Objects-normal/arm64/RevenueCatUI-Swift.h -o /tmp/advoid-readiness-derived/Build/Intermediates.noindex/ArchiveIntermediates/AdVoid/IntermediateBuildFilesPath/GeneratedModuleMaps-iphoneos/RevenueCatUI-Swift.h

Copy /tmp/advoid-readiness-derived/Build/Intermediates.noindex/ArchiveIntermediates/AdVoid/BuildProductsPath/Release-iphoneos/RevenueCatUI.swiftmodule/arm64-apple-ios.swiftmodule /tmp/advoid-readiness-derived/Build/Intermediates.noindex/ArchiveIntermediates/AdVoid/IntermediateBuildFilesPath/RevenueCat.build/Release-iphoneos/RevenueCatUI-t.build/Objects-normal/arm64/RevenueCatUI.swiftmodule (in target 'RevenueCatUI' from project 'RevenueCat')
    cd /tmp/advoid-readiness-derived/SourcePackages/checkouts/purchases-ios-spm
    builtin-copy -exclude .DS_Store -exclude CVS -exclude .svn -exclude .git -exclude .hg -strip-unsigned-binaries -strip-deterministic -strip-tool /Applications/Xcode.app/Contents/Developer/Toolchains/XcodeDefault.xctoolchain/usr/bin/strip -resolve-src-symlinks -rename /tmp/advoid-readiness-derived/Build/Intermediates.noindex/ArchiveIntermediates/AdVoid/IntermediateBuildFilesPath/RevenueCat.build/Release-iphoneos/RevenueCatUI-t.build/Objects-normal/arm64/RevenueCatUI.swiftmodule /tmp/advoid-readiness-derived/Build/Intermediates.noindex/ArchiveIntermediates/AdVoid/BuildProductsPath/Release-iphoneos/RevenueCatUI.swiftmodule/arm64-apple-ios.swiftmodule

Copy /tmp/advoid-readiness-derived/Build/Intermediates.noindex/ArchiveIntermediates/AdVoid/BuildProductsPath/Release-iphoneos/RevenueCatUI.swiftmodule/arm64-apple-ios.abi.json /tmp/advoid-readiness-derived/Build/Intermediates.noindex/ArchiveIntermediates/AdVoid/IntermediateBuildFilesPath/RevenueCat.build/Release-iphoneos/RevenueCatUI-t.build/Objects-normal/arm64/RevenueCatUI.abi.json (in target 'RevenueCatUI' from project 'RevenueCat')
    cd /tmp/advoid-readiness-derived/SourcePackages/checkouts/purchases-ios-spm
    builtin-copy -exclude .DS_Store -exclude CVS -exclude .svn -exclude .git -exclude .hg -strip-unsigned-binaries -strip-deterministic -strip-tool /Applications/Xcode.app/Contents/Developer/Toolchains/XcodeDefault.xctoolchain/usr/bin/strip -resolve-src-symlinks -rename /tmp/advoid-readiness-derived/Build/Intermediates.noindex/ArchiveIntermediates/AdVoid/IntermediateBuildFilesPath/RevenueCat.build/Release-iphoneos/RevenueCatUI-t.build/Objects-normal/arm64/RevenueCatUI.abi.json /tmp/advoid-readiness-derived/Build/Intermediates.noindex/ArchiveIntermediates/AdVoid/BuildProductsPath/Release-iphoneos/RevenueCatUI.swiftmodule/arm64-apple-ios.abi.json

Copy /tmp/advoid-readiness-derived/Build/Intermediates.noindex/ArchiveIntermediates/AdVoid/BuildProductsPath/Release-iphoneos/RevenueCatUI.swiftmodule/arm64-apple-ios.swiftdoc /tmp/advoid-readiness-derived/Build/Intermediates.noindex/ArchiveIntermediates/AdVoid/IntermediateBuildFilesPath/RevenueCat.build/Release-iphoneos/RevenueCatUI-t.build/Objects-normal/arm64/RevenueCatUI.swiftdoc (in target 'RevenueCatUI' from project 'RevenueCat')
    cd /tmp/advoid-readiness-derived/SourcePackages/checkouts/purchases-ios-spm
    builtin-copy -exclude .DS_Store -exclude CVS -exclude .svn -exclude .git -exclude .hg -strip-unsigned-binaries -strip-deterministic -strip-tool /Applications/Xcode.app/Contents/Developer/Toolchains/XcodeDefault.xctoolchain/usr/bin/strip -resolve-src-symlinks -rename /tmp/advoid-readiness-derived/Build/Intermediates.noindex/ArchiveIntermediates/AdVoid/IntermediateBuildFilesPath/RevenueCat.build/Release-iphoneos/RevenueCatUI-t.build/Objects-normal/arm64/RevenueCatUI.swiftdoc /tmp/advoid-readiness-derived/Build/Intermediates.noindex/ArchiveIntermediates/AdVoid/BuildProductsPath/Release-iphoneos/RevenueCatUI.swiftmodule/arm64-apple-ios.swiftdoc

Ld /tmp/advoid-readiness-derived/Build/Intermediates.noindex/ArchiveIntermediates/AdVoid/IntermediateBuildFilesPath/UninstalledProducts/iphoneos/RevenueCatUI.o normal (in target 'RevenueCatUI' from project 'RevenueCat')
    cd /tmp/advoid-readiness-derived/SourcePackages/checkouts/purchases-ios-spm
    /Applications/Xcode.app/Contents/Developer/Toolchains/XcodeDefault.xctoolchain/usr/bin/clang -Xlinker -reproducible -target arm64-apple-ios15.0 -r -isysroot /Applications/Xcode.app/Contents/Developer/Platforms/iPhoneOS.platform/Developer/SDKs/iPhoneOS27.0.sdk -Os -w -Xlinker -no_warn_duplicate_libraries -F/tmp/advoid-readiness-derived/Build/Intermediates.noindex/ArchiveIntermediates/AdVoid/IntermediateBuildFilesPath/EagerLinkingTBDs/Release-iphoneos -F/tmp/advoid-readiness-derived/Build/Intermediates.noindex/ArchiveIntermediates/AdVoid/BuildProductsPath/Release-iphoneos/PackageFrameworks -F/tmp/advoid-readiness-derived/Build/Intermediates.noindex/ArchiveIntermediates/AdVoid/BuildProductsPath/Release-iphoneos -iframework /Applications/Xcode.app/Contents/Developer/Platforms/iPhoneOS.platform/Developer/Library/Frameworks -iframework /Applications/Xcode.app/Contents/Developer/Platforms/iPhoneOS.platform/Developer/SDKs/iPhoneOS27.0.sdk/Developer/Library/Frameworks -filelist /tmp/advoid-readiness-derived/Build/Intermediates.noindex/ArchiveIntermediates/AdVoid/IntermediateBuildFilesPath/RevenueCat.build/Release-iphoneos/RevenueCatUI-t.build/Objects-normal/arm64/RevenueCatUI.LinkFileList -nostdlib -Xlinker -object_path_lto -Xlinker /tmp/advoid-readiness-derived/Build/Intermediates.noindex/ArchiveIntermediates/AdVoid/IntermediateBuildFilesPath/RevenueCat.build/Release-iphoneos/RevenueCatUI-t.build/Objects-normal/arm64/RevenueCatUI_lto.o -Xlinker -dependency_info -Xlinker /tmp/advoid-readiness-derived/Build/Intermediates.noindex/ArchiveIntermediates/AdVoid/IntermediateBuildFilesPath/RevenueCat.build/Release-iphoneos/RevenueCatUI-t.build/Objects-normal/arm64/RevenueCatUI_dependency_info.dat -fobjc-link-runtime -L/Applications/Xcode.app/Contents/Developer/Toolchains/XcodeDefault.xctoolchain/usr/lib/swift/iphoneos -L/usr/lib/swift -Xlinker -add_ast_path -Xlinker /tmp/advoid-readiness-derived/Build/Intermediates.noindex/ArchiveIntermediates/AdVoid/IntermediateBuildFilesPath/RevenueCat.build/Release-iphoneos/RevenueCatUI-t.build/Objects-normal/arm64/RevenueCatUI.swiftmodule -o /tmp/advoid-readiness-derived/Build/Intermediates.noindex/ArchiveIntermediates/AdVoid/IntermediateBuildFilesPath/UninstalledProducts/iphoneos/RevenueCatUI.o

MkDir /tmp/advoid-readiness-derived/Build/Intermediates.noindex/ArchiveIntermediates/AdVoid/IntermediateBuildFilesPath/AdVoid.build/Release-iphoneos/AdVoid.build/assetcatalog_output/thinned (in target 'AdVoid' from project 'AdVoid')
    cd /Users/fig/AdVoid
    /bin/mkdir -p /tmp/advoid-readiness-derived/Build/Intermediates.noindex/ArchiveIntermediates/AdVoid/IntermediateBuildFilesPath/AdVoid.build/Release-iphoneos/AdVoid.build/assetcatalog_output/thinned

MkDir /tmp/advoid-readiness-derived/Build/Intermediates.noindex/ArchiveIntermediates/AdVoid/IntermediateBuildFilesPath/AdVoid.build/Release-iphoneos/AdVoid.build/assetcatalog_output/unthinned (in target 'AdVoid' from project 'AdVoid')
    cd /Users/fig/AdVoid
    /bin/mkdir -p /tmp/advoid-readiness-derived/Build/Intermediates.noindex/ArchiveIntermediates/AdVoid/IntermediateBuildFilesPath/AdVoid.build/Release-iphoneos/AdVoid.build/assetcatalog_output/unthinned

GenerateAssetSymbols /Users/fig/AdVoid/AdVoid/Assets.xcassets (in target 'AdVoid' from project 'AdVoid')
    cd /Users/fig/AdVoid
    /Applications/Xcode.app/Contents/Developer/usr/bin/actool /Users/fig/AdVoid/AdVoid/Assets.xcassets --compile /tmp/advoid-readiness-derived/Build/Intermediates.noindex/ArchiveIntermediates/AdVoid/InstallationBuildProductsLocation/Applications/AdVoid.app --output-format human-readable-text --notices --warnings --export-dependency-info /tmp/advoid-readiness-derived/Build/Intermediates.noindex/ArchiveIntermediates/AdVoid/IntermediateBuildFilesPath/AdVoid.build/Release-iphoneos/AdVoid.build/assetcatalog_dependencies --output-partial-info-plist /tmp/advoid-readiness-derived/Build/Intermediates.noindex/ArchiveIntermediates/AdVoid/IntermediateBuildFilesPath/AdVoid.build/Release-iphoneos/AdVoid.build/assetcatalog_generated_info.plist --app-icon AppIcon --compress-pngs --enable-on-demand-resources YES --development-region en --target-device iphone --target-device ipad --minimum-deployment-target 26.0 --platform iphoneos --bundle-identifier com.roxuh.advoid --generate-swift-asset-symbol-extensions NO --generate-swift-asset-symbols /tmp/advoid-readiness-derived/Build/Intermediates.noindex/ArchiveIntermediates/AdVoid/IntermediateBuildFilesPath/AdVoid.build/Release-iphoneos/AdVoid.build/DerivedSources/GeneratedAssetSymbols.swift --generate-objc-asset-symbols /tmp/advoid-readiness-derived/Build/Intermediates.noindex/ArchiveIntermediates/AdVoid/IntermediateBuildFilesPath/AdVoid.build/Release-iphoneos/AdVoid.build/DerivedSources/GeneratedAssetSymbols.h --generate-asset-symbol-index /tmp/advoid-readiness-derived/Build/Intermediates.noindex/ArchiveIntermediates/AdVoid/IntermediateBuildFilesPath/AdVoid.build/Release-iphoneos/AdVoid.build/DerivedSources/GeneratedAssetSymbols-Index.plist
/* com.apple.actool.compilation-results */
/tmp/advoid-readiness-derived/Build/Intermediates.noindex/ArchiveIntermediates/AdVoid/IntermediateBuildFilesPath/AdVoid.build/Release-iphoneos/AdVoid.build/DerivedSources/GeneratedAssetSymbols-Index.plist
/tmp/advoid-readiness-derived/Build/Intermediates.noindex/ArchiveIntermediates/AdVoid/IntermediateBuildFilesPath/AdVoid.build/Release-iphoneos/AdVoid.build/DerivedSources/GeneratedAssetSymbols.h
/tmp/advoid-readiness-derived/Build/Intermediates.noindex/ArchiveIntermediates/AdVoid/IntermediateBuildFilesPath/AdVoid.build/Release-iphoneos/AdVoid.build/DerivedSources/GeneratedAssetSymbols.swift


CompileAssetCatalogVariant thinned /tmp/advoid-readiness-derived/Build/Intermediates.noindex/ArchiveIntermediates/AdVoid/InstallationBuildProductsLocation/Applications/AdVoid.app /Users/fig/AdVoid/AdVoid/Assets.xcassets (in target 'AdVoid' from project 'AdVoid')
    cd /Users/fig/AdVoid
    /Applications/Xcode.app/Contents/Developer/usr/bin/actool /Users/fig/AdVoid/AdVoid/Assets.xcassets --compile /tmp/advoid-readiness-derived/Build/Intermediates.noindex/ArchiveIntermediates/AdVoid/IntermediateBuildFilesPath/AdVoid.build/Release-iphoneos/AdVoid.build/assetcatalog_output/thinned --output-format human-readable-text --notices --warnings --export-dependency-info /tmp/advoid-readiness-derived/Build/Intermediates.noindex/ArchiveIntermediates/AdVoid/IntermediateBuildFilesPath/AdVoid.build/Release-iphoneos/AdVoid.build/assetcatalog_dependencies_thinned --output-partial-info-plist /tmp/advoid-readiness-derived/Build/Intermediates.noindex/ArchiveIntermediates/AdVoid/IntermediateBuildFilesPath/AdVoid.build/Release-iphoneos/AdVoid.build/assetcatalog_generated_info.plist_thinned --app-icon AppIcon --compress-pngs --enable-on-demand-resources YES --development-region en --target-device iphone --target-device ipad --minimum-deployment-target 26.0 --platform iphoneos
/* com.apple.actool.compilation-results */
/tmp/advoid-readiness-derived/Build/Intermediates.noindex/ArchiveIntermediates/AdVoid/IntermediateBuildFilesPath/AdVoid.build/Release-iphoneos/AdVoid.build/assetcatalog_generated_info.plist_thinned
/tmp/advoid-readiness-derived/Build/Intermediates.noindex/ArchiveIntermediates/AdVoid/IntermediateBuildFilesPath/AdVoid.build/Release-iphoneos/AdVoid.build/assetcatalog_output/thinned/AppIcon60x60@2x.png
/tmp/advoid-readiness-derived/Build/Intermediates.noindex/ArchiveIntermediates/AdVoid/IntermediateBuildFilesPath/AdVoid.build/Release-iphoneos/AdVoid.build/assetcatalog_output/thinned/AppIcon76x76@2x~ipad.png
/tmp/advoid-readiness-derived/Build/Intermediates.noindex/ArchiveIntermediates/AdVoid/IntermediateBuildFilesPath/AdVoid.build/Release-iphoneos/AdVoid.build/assetcatalog_output/thinned/Assets.car


SwiftDriver AdVoid normal arm64 com.apple.xcode.tools.swift.compiler (in target 'AdVoid' from project 'AdVoid')
    cd /Users/fig/AdVoid
    builtin-SwiftDriver -- /Applications/Xcode.app/Contents/Developer/Toolchains/XcodeDefault.xctoolchain/usr/bin/swiftc -module-name AdVoid -O -whole-module-optimization @/tmp/advoid-readiness-derived/Build/Intermediates.noindex/ArchiveIntermediates/AdVoid/IntermediateBuildFilesPath/AdVoid.build/Release-iphoneos/AdVoid.build/Objects-normal/arm64/AdVoid.SwiftFileList -enable-bare-slash-regex -enable-experimental-feature DebugDescriptionMacro -sdk /Applications/Xcode.app/Contents/Developer/Platforms/iPhoneOS.platform/Developer/SDKs/iPhoneOS27.0.sdk -target arm64-apple-ios26.0 -g -module-cache-path /tmp/advoid-readiness-derived/ModuleCache.noindex -Xfrontend -serialize-debugging-options -swift-version 5 -I /tmp/advoid-readiness-derived/Build/Intermediates.noindex/ArchiveIntermediates/AdVoid/BuildProductsPath/Release-iphoneos -F /tmp/advoid-readiness-derived/Build/Intermediates.noindex/ArchiveIntermediates/AdVoid/BuildProductsPath/Release-iphoneos/PackageFrameworks -F /tmp/advoid-readiness-derived/Build/Intermediates.noindex/ArchiveIntermediates/AdVoid/BuildProductsPath/Release-iphoneos -c -num-threads 10 -Xcc -ivfsstatcache -Xcc /tmp/advoid-readiness-derived/SDKStatCaches.noindex/iphoneos27.0-24A430-6c78b3cbc238196c85e1bf6c792c5915.sdkstatcache -output-file-map /tmp/advoid-readiness-derived/Build/Intermediates.noindex/ArchiveIntermediates/AdVoid/IntermediateBuildFilesPath/AdVoid.build/Release-iphoneos/AdVoid.build/Objects-normal/arm64/AdVoid-OutputFileMap.json -save-temps -no-color-diagnostics -explicit-module-build -module-cache-path /tmp/advoid-readiness-derived/Build/Intermediates.noindex/ArchiveIntermediates/AdVoid/IntermediateBuildFilesPath/SwiftExplicitPrecompiledModules -clang-scanner-module-cache-path /tmp/advoid-readiness-derived/ModuleCache.noindex -sdk-module-cache-path /tmp/advoid-readiness-derived/SDKExplicitPrecompiledModules -emit-dependencies -emit-module -emit-module-path /tmp/advoid-readiness-derived/Build/Intermediates.noindex/ArchiveIntermediates/AdVoid/IntermediateBuildFilesPath/AdVoid.build/Release-iphoneos/AdVoid.build/Objects-normal/arm64/AdVoid.swiftmodule -serialize-diagnostics -dependency-scan-serialize-diagnostics-path /tmp/advoid-readiness-derived/Build/Intermediates.noindex/ArchiveIntermediates/AdVoid/IntermediateBuildFilesPath/AdVoid.build/Release-iphoneos/AdVoid.build/Objects-normal/arm64/AdVoid-dependency-scan.dia -validate-clang-modules-once -clang-build-session-file /tmp/advoid-readiness-derived/ModuleCache.noindex/Session.modulevalidation -Xcc -fmodules-prune-interval\=86400 -Xcc -fmodules-prune-after\=345600 -emit-const-values -const-gather-protocols-list /tmp/advoid-readiness-derived/Build/Intermediates.noindex/ArchiveIntermediates/AdVoid/IntermediateBuildFilesPath/AdVoid.build/Release-iphoneos/AdVoid.build/Objects-normal/arm64/AdVoid_const_extract_protocols.json -Xcc -iquote -Xcc /tmp/advoid-readiness-derived/Build/Intermediates.noindex/ArchiveIntermediates/AdVoid/IntermediateBuildFilesPath/AdVoid.build/Release-iphoneos/AdVoid.build/AdVoid-generated-files.hmap -Xcc -I/tmp/advoid-readiness-derived/Build/Intermediates.noindex/ArchiveIntermediates/AdVoid/IntermediateBuildFilesPath/AdVoid.build/Release-iphoneos/AdVoid.build/AdVoid-own-target-headers.hmap -Xcc -I/tmp/advoid-readiness-derived/Build/Intermediates.noindex/ArchiveIntermediates/AdVoid/IntermediateBuildFilesPath/AdVoid.build/Release-iphoneos/AdVoid.build/AdVoid-all-non-framework-target-headers.hmap -Xcc -ivfsoverlay -Xcc /tmp/advoid-readiness-derived/Build/Intermediates.noindex/ArchiveIntermediates/AdVoid/IntermediateBuildFilesPath/AdVoid.build/Release-iphoneos/AdVoid-d0bc08e69f385f762641293c1710bfc2-VFS-iphoneos/all-product-headers.yaml -Xcc -iquote -Xcc /tmp/advoid-readiness-derived/Build/Intermediates.noindex/ArchiveIntermediates/AdVoid/IntermediateBuildFilesPath/AdVoid.build/Release-iphoneos/AdVoid.build/AdVoid-project-headers.hmap -Xcc -I/tmp/advoid-readiness-derived/Build/Intermediates.noindex/ArchiveIntermediates/AdVoid/BuildProductsPath/Release-iphoneos/include -Xcc -I/tmp/advoid-readiness-derived/Build/Intermediates.noindex/ArchiveIntermediates/AdVoid/IntermediateBuildFilesPath/AdVoid.build/Release-iphoneos/AdVoid.build/DerivedSources-normal/arm64 -Xcc -I/tmp/advoid-readiness-derived/Build/Intermediates.noindex/ArchiveIntermediates/AdVoid/IntermediateBuildFilesPath/AdVoid.build/Release-iphoneos/AdVoid.build/DerivedSources/arm64 -Xcc -I/tmp/advoid-readiness-derived/Build/Intermediates.noindex/ArchiveIntermediates/AdVoid/IntermediateBuildFilesPath/AdVoid.build/Release-iphoneos/AdVoid.build/DerivedSources -emit-objc-header -emit-objc-header-path /tmp/advoid-readiness-derived/Build/Intermediates.noindex/ArchiveIntermediates/AdVoid/IntermediateBuildFilesPath/AdVoid.build/Release-iphoneos/AdVoid.build/Objects-normal/arm64/AdVoid-Swift.h -working-directory /Users/fig/AdVoid -no-emit-module-separately-wmo

ExtractAppIntentsMetadata (in target 'RevenueCatUI' from project 'RevenueCat')
    cd /tmp/advoid-readiness-derived/SourcePackages/checkouts/purchases-ios-spm
    /Applications/Xcode.app/Contents/Developer/Toolchains/XcodeDefault.xctoolchain/usr/bin/appintentsmetadataprocessor --toolchain-dir /Applications/Xcode.app/Contents/Developer/Toolchains/XcodeDefault.xctoolchain --module-name RevenueCatUI --sdk-root /Applications/Xcode.app/Contents/Developer/Platforms/iPhoneOS.platform/Developer/SDKs/iPhoneOS27.0.sdk --xcode-version 27A266a --platform-family iOS --deployment-target 15.0 --bundle-identifier purchases-ios-spm.RevenueCatUI --output /tmp/advoid-readiness-derived/Build/Intermediates.noindex/ArchiveIntermediates/AdVoid/IntermediateBuildFilesPath/UninstalledProducts/iphoneos/RevenueCatUI.appintents --target-triple arm64-apple-ios15.0 --binary-file /tmp/advoid-readiness-derived/Build/Intermediates.noindex/ArchiveIntermediates/AdVoid/IntermediateBuildFilesPath/UninstalledProducts/iphoneos/RevenueCatUI.o --dependency-file /tmp/advoid-readiness-derived/Build/Intermediates.noindex/ArchiveIntermediates/AdVoid/IntermediateBuildFilesPath/RevenueCat.build/Release-iphoneos/RevenueCatUI-t.build/Objects-normal/arm64/RevenueCatUI_dependency_info.dat --stringsdata-file /tmp/advoid-readiness-derived/Build/Intermediates.noindex/ArchiveIntermediates/AdVoid/IntermediateBuildFilesPath/RevenueCat.build/Release-iphoneos/RevenueCatUI-t.build/Objects-normal/arm64/ExtractedAppShortcutsMetadata.stringsdata --source-file-list /tmp/advoid-readiness-derived/Build/Intermediates.noindex/ArchiveIntermediates/AdVoid/IntermediateBuildFilesPath/RevenueCat.build/Release-iphoneos/RevenueCatUI-t.build/Objects-normal/arm64/RevenueCatUI.SwiftFileList --metadata-file-list /tmp/advoid-readiness-derived/Build/Intermediates.noindex/ArchiveIntermediates/AdVoid/IntermediateBuildFilesPath/RevenueCat.build/Release-iphoneos/RevenueCatUI-t.build/RevenueCatUI.DependencyMetadataFileList --static-metadata-file-list /tmp/advoid-readiness-derived/Build/Intermediates.noindex/ArchiveIntermediates/AdVoid/IntermediateBuildFilesPath/RevenueCat.build/Release-iphoneos/RevenueCatUI-t.build/RevenueCatUI.DependencyStaticMetadataFileList --swift-const-vals-list /tmp/advoid-readiness-derived/Build/Intermediates.noindex/ArchiveIntermediates/AdVoid/IntermediateBuildFilesPath/RevenueCat.build/Release-iphoneos/RevenueCatUI-t.build/Objects-normal/arm64/RevenueCatUI.SwiftConstValuesFileList --force --compile-time-extraction --deployment-aware-processing --no-app-shortcuts-localization
2026-09-27 00:46:31.210 appintentsmetadataprocessor[49603:638959] Starting appintentsmetadataprocessor export
2026-09-27 00:46:31.251 appintentsmetadataprocessor[49603:638959] Extracted no relevant App Intents symbols, skipping writing output

SetOwnerAndGroup fig:staff /tmp/advoid-readiness-derived/Build/Intermediates.noindex/ArchiveIntermediates/AdVoid/IntermediateBuildFilesPath/UninstalledProducts/iphoneos/RevenueCatUI.o (in target 'RevenueCatUI' from project 'RevenueCat')
    cd /tmp/advoid-readiness-derived/SourcePackages/checkouts/purchases-ios-spm
    /usr/sbin/chown -RH fig:staff /tmp/advoid-readiness-derived/Build/Intermediates.noindex/ArchiveIntermediates/AdVoid/IntermediateBuildFilesPath/UninstalledProducts/iphoneos/RevenueCatUI.o

SetMode u+w,go-w,a+rX /tmp/advoid-readiness-derived/Build/Intermediates.noindex/ArchiveIntermediates/AdVoid/IntermediateBuildFilesPath/UninstalledProducts/iphoneos/RevenueCatUI.o (in target 'RevenueCatUI' from project 'RevenueCat')
    cd /tmp/advoid-readiness-derived/SourcePackages/checkouts/purchases-ios-spm
    /bin/chmod -RH u+w,go-w,a+rX /tmp/advoid-readiness-derived/Build/Intermediates.noindex/ArchiveIntermediates/AdVoid/IntermediateBuildFilesPath/UninstalledProducts/iphoneos/RevenueCatUI.o

Copy /tmp/advoid-readiness-derived/Build/Intermediates.noindex/ArchiveIntermediates/AdVoid/InstallationBuildProductsLocation/Applications/AdVoid.app/RevenueCat_RevenueCatUI.bundle /tmp/advoid-readiness-derived/Build/Intermediates.noindex/ArchiveIntermediates/AdVoid/BuildProductsPath/Release-iphoneos/RevenueCat_RevenueCatUI.bundle (in target 'AdVoid' from project 'AdVoid')
    cd /Users/fig/AdVoid
    builtin-copy -exclude .DS_Store -exclude CVS -exclude .svn -exclude .git -exclude .hg -resolve-src-symlinks /tmp/advoid-readiness-derived/Build/Intermediates.noindex/ArchiveIntermediates/AdVoid/BuildProductsPath/Release-iphoneos/RevenueCat_RevenueCatUI.bundle /tmp/advoid-readiness-derived/Build/Intermediates.noindex/ArchiveIntermediates/AdVoid/InstallationBuildProductsLocation/Applications/AdVoid.app

CpResource /tmp/advoid-readiness-derived/Build/Intermediates.noindex/ArchiveIntermediates/AdVoid/InstallationBuildProductsLocation/Applications/AdVoid.app/starter-blocklist.txt /Users/fig/AdVoid/AdVoid/Resources/starter-blocklist.txt (in target 'AdVoid' from project 'AdVoid')
    cd /Users/fig/AdVoid
    builtin-copy -exclude .DS_Store -exclude CVS -exclude .svn -exclude .git -exclude .hg -resolve-src-symlinks /Users/fig/AdVoid/AdVoid/Resources/starter-blocklist.txt /tmp/advoid-readiness-derived/Build/Intermediates.noindex/ArchiveIntermediates/AdVoid/InstallationBuildProductsLocation/Applications/AdVoid.app

CpResource /tmp/advoid-readiness-derived/Build/Intermediates.noindex/ArchiveIntermediates/AdVoid/InstallationBuildProductsLocation/Applications/AdVoid.app/catalog.json /Users/fig/AdVoid/AdVoid/Resources/catalog.json (in target 'AdVoid' from project 'AdVoid')
    cd /Users/fig/AdVoid
    builtin-copy -exclude .DS_Store -exclude CVS -exclude .svn -exclude .git -exclude .hg -resolve-src-symlinks /Users/fig/AdVoid/AdVoid/Resources/catalog.json /tmp/advoid-readiness-derived/Build/Intermediates.noindex/ArchiveIntermediates/AdVoid/InstallationBuildProductsLocation/Applications/AdVoid.app

Copy /tmp/advoid-readiness-derived/Build/Intermediates.noindex/ArchiveIntermediates/AdVoid/InstallationBuildProductsLocation/Applications/AdVoid.app/RevenueCat_RevenueCat.bundle /tmp/advoid-readiness-derived/Build/Intermediates.noindex/ArchiveIntermediates/AdVoid/BuildProductsPath/Release-iphoneos/RevenueCat_RevenueCat.bundle (in target 'AdVoid' from project 'AdVoid')
    cd /Users/fig/AdVoid
    builtin-copy -exclude .DS_Store -exclude CVS -exclude .svn -exclude .git -exclude .hg -resolve-src-symlinks /tmp/advoid-readiness-derived/Build/Intermediates.noindex/ArchiveIntermediates/AdVoid/BuildProductsPath/Release-iphoneos/RevenueCat_RevenueCat.bundle /tmp/advoid-readiness-derived/Build/Intermediates.noindex/ArchiveIntermediates/AdVoid/InstallationBuildProductsLocation/Applications/AdVoid.app

SwiftDriver\ Compilation AdVoid normal arm64 com.apple.xcode.tools.swift.compiler (in target 'AdVoid' from project 'AdVoid')
    cd /Users/fig/AdVoid
    builtin-Swift-Compilation -- /Applications/Xcode.app/Contents/Developer/Toolchains/XcodeDefault.xctoolchain/usr/bin/swiftc -module-name AdVoid -O -whole-module-optimization @/tmp/advoid-readiness-derived/Build/Intermediates.noindex/ArchiveIntermediates/AdVoid/IntermediateBuildFilesPath/AdVoid.build/Release-iphoneos/AdVoid.build/Objects-normal/arm64/AdVoid.SwiftFileList -enable-bare-slash-regex -enable-experimental-feature DebugDescriptionMacro -sdk /Applications/Xcode.app/Contents/Developer/Platforms/iPhoneOS.platform/Developer/SDKs/iPhoneOS27.0.sdk -target arm64-apple-ios26.0 -g -module-cache-path /tmp/advoid-readiness-derived/ModuleCache.noindex -Xfrontend -serialize-debugging-options -swift-version 5 -I /tmp/advoid-readiness-derived/Build/Intermediates.noindex/ArchiveIntermediates/AdVoid/BuildProductsPath/Release-iphoneos -F /tmp/advoid-readiness-derived/Build/Intermediates.noindex/ArchiveIntermediates/AdVoid/BuildProductsPath/Release-iphoneos/PackageFrameworks -F /tmp/advoid-readiness-derived/Build/Intermediates.noindex/ArchiveIntermediates/AdVoid/BuildProductsPath/Release-iphoneos -c -num-threads 10 -Xcc -ivfsstatcache -Xcc /tmp/advoid-readiness-derived/SDKStatCaches.noindex/iphoneos27.0-24A430-6c78b3cbc238196c85e1bf6c792c5915.sdkstatcache -output-file-map /tmp/advoid-readiness-derived/Build/Intermediates.noindex/ArchiveIntermediates/AdVoid/IntermediateBuildFilesPath/AdVoid.build/Release-iphoneos/AdVoid.build/Objects-normal/arm64/AdVoid-OutputFileMap.json -save-temps -no-color-diagnostics -explicit-module-build -module-cache-path /tmp/advoid-readiness-derived/Build/Intermediates.noindex/ArchiveIntermediates/AdVoid/IntermediateBuildFilesPath/SwiftExplicitPrecompiledModules -clang-scanner-module-cache-path /tmp/advoid-readiness-derived/ModuleCache.noindex -sdk-module-cache-path /tmp/advoid-readiness-derived/SDKExplicitPrecompiledModules -emit-dependencies -emit-module -emit-module-path /tmp/advoid-readiness-derived/Build/Intermediates.noindex/ArchiveIntermediates/AdVoid/IntermediateBuildFilesPath/AdVoid.build/Release-iphoneos/AdVoid.build/Objects-normal/arm64/AdVoid.swiftmodule -serialize-diagnostics -dependency-scan-serialize-diagnostics-path /tmp/advoid-readiness-derived/Build/Intermediates.noindex/ArchiveIntermediates/AdVoid/IntermediateBuildFilesPath/AdVoid.build/Release-iphoneos/AdVoid.build/Objects-normal/arm64/AdVoid-dependency-scan.dia -validate-clang-modules-once -clang-build-session-file /tmp/advoid-readiness-derived/ModuleCache.noindex/Session.modulevalidation -Xcc -fmodules-prune-interval\=86400 -Xcc -fmodules-prune-after\=345600 -emit-const-values -const-gather-protocols-list /tmp/advoid-readiness-derived/Build/Intermediates.noindex/ArchiveIntermediates/AdVoid/IntermediateBuildFilesPath/AdVoid.build/Release-iphoneos/AdVoid.build/Objects-normal/arm64/AdVoid_const_extract_protocols.json -Xcc -iquote -Xcc /tmp/advoid-readiness-derived/Build/Intermediates.noindex/ArchiveIntermediates/AdVoid/IntermediateBuildFilesPath/AdVoid.build/Release-iphoneos/AdVoid.build/AdVoid-generated-files.hmap -Xcc -I/tmp/advoid-readiness-derived/Build/Intermediates.noindex/ArchiveIntermediates/AdVoid/IntermediateBuildFilesPath/AdVoid.build/Release-iphoneos/AdVoid.build/AdVoid-own-target-headers.hmap -Xcc -I/tmp/advoid-readiness-derived/Build/Intermediates.noindex/ArchiveIntermediates/AdVoid/IntermediateBuildFilesPath/AdVoid.build/Release-iphoneos/AdVoid.build/AdVoid-all-non-framework-target-headers.hmap -Xcc -ivfsoverlay -Xcc /tmp/advoid-readiness-derived/Build/Intermediates.noindex/ArchiveIntermediates/AdVoid/IntermediateBuildFilesPath/AdVoid.build/Release-iphoneos/AdVoid-d0bc08e69f385f762641293c1710bfc2-VFS-iphoneos/all-product-headers.yaml -Xcc -iquote -Xcc /tmp/advoid-readiness-derived/Build/Intermediates.noindex/ArchiveIntermediates/AdVoid/IntermediateBuildFilesPath/AdVoid.build/Release-iphoneos/AdVoid.build/AdVoid-project-headers.hmap -Xcc -I/tmp/advoid-readiness-derived/Build/Intermediates.noindex/ArchiveIntermediates/AdVoid/BuildProductsPath/Release-iphoneos/include -Xcc -I/tmp/advoid-readiness-derived/Build/Intermediates.noindex/ArchiveIntermediates/AdVoid/IntermediateBuildFilesPath/AdVoid.build/Release-iphoneos/AdVoid.build/DerivedSources-normal/arm64 -Xcc -I/tmp/advoid-readiness-derived/Build/Intermediates.noindex/ArchiveIntermediates/AdVoid/IntermediateBuildFilesPath/AdVoid.build/Release-iphoneos/AdVoid.build/DerivedSources/arm64 -Xcc -I/tmp/advoid-readiness-derived/Build/Intermediates.noindex/ArchiveIntermediates/AdVoid/IntermediateBuildFilesPath/AdVoid.build/Release-iphoneos/AdVoid.build/DerivedSources -emit-objc-header -emit-objc-header-path /tmp/advoid-readiness-derived/Build/Intermediates.noindex/ArchiveIntermediates/AdVoid/IntermediateBuildFilesPath/AdVoid.build/Release-iphoneos/AdVoid.build/Objects-normal/arm64/AdVoid-Swift.h -working-directory /Users/fig/AdVoid -no-emit-module-separately-wmo

SwiftExplicitDependencyGeneratePcm arm64 /tmp/advoid-readiness-derived/SDKExplicitPrecompiledModules/ptrcheck-1BFFBQUI37UV2URJ1M8U6WW2B.pcm

SwiftExplicitDependencyGeneratePcm arm64 /tmp/advoid-readiness-derived/SDKExplicitPrecompiledModules/_SwiftConcurrencyShims-6XP92T4TAB74WKVXF5YJRQR2K.pcm

SwiftExplicitDependencyGeneratePcm arm64 /tmp/advoid-readiness-derived/SDKExplicitPrecompiledModules/_Builtin_stddef-6AL9LR867K8HQZLOL3WFMHBYY.pcm

SwiftExplicitDependencyGeneratePcm arm64 /tmp/advoid-readiness-derived/SDKExplicitPrecompiledModules/_StoreKit_SwiftUI-2SL75D3QDTA0KORYSZI4KICDD.pcm

SwiftExplicitDependencyGeneratePcm arm64 /tmp/advoid-readiness-derived/SDKExplicitPrecompiledModules/_Builtin_stdbool-2CE6KJY8FFF2AYEEQCRNRSP3G.pcm

SwiftExplicitDependencyGeneratePcm arm64 /tmp/advoid-readiness-derived/SDKExplicitPrecompiledModules/_Builtin_stdarg-9SZU99TVMSXMUI6U539O8X0OX.pcm

SwiftExplicitDependencyGeneratePcm arm64 /tmp/advoid-readiness-derived/SDKExplicitPrecompiledModules/ptrauth-DF4KUGD9AZSGYCSJFO0UOMM50.pcm

SwiftExplicitDependencyGeneratePcm arm64 /tmp/advoid-readiness-derived/SDKExplicitPrecompiledModules/DeveloperToolsSupport-7HMBWOD7OU1ZPS41D3384USS5.pcm

SwiftExplicitDependencyGeneratePcm arm64 /tmp/advoid-readiness-derived/SDKExplicitPrecompiledModules/_AvailabilityInternal-1UWJSRDZVSZVB7O8OGL73243O.pcm

SwiftExplicitDependencyGeneratePcm arm64 /tmp/advoid-readiness-derived/SDKExplicitPrecompiledModules/SwiftShims-C7I6PPJFUJMZV4DIWOZG8VXHM.pcm

SwiftExplicitDependencyGeneratePcm arm64 /tmp/advoid-readiness-derived/SDKExplicitPrecompiledModules/_Builtin_float-DCDR9FWB8Y4NERWC33H429NA6.pcm

SwiftExplicitDependencyGeneratePcm arm64 /tmp/advoid-readiness-derived/SDKExplicitPrecompiledModules/_DarwinFoundation1-EIYHDYHK2FVSHDW9LTK17W2G2.pcm

SwiftExplicitDependencyGeneratePcm arm64 /tmp/advoid-readiness-derived/SDKExplicitPrecompiledModules/_Builtin_limits-4JD3U0LZD0FSOBC1PYR6F4T0V.pcm

SwiftExplicitDependencyGeneratePcm arm64 /tmp/advoid-readiness-derived/SDKExplicitPrecompiledModules/_DarwinFoundation2-5NKVK2D1D0K13GHYDZJE6BI6P.pcm

SwiftExplicitDependencyGeneratePcm arm64 /tmp/advoid-readiness-derived/SDKExplicitPrecompiledModules/ExtensionFoundation-15H0E5MD9OB4JVJ6LGN12XPS1.pcm

SwiftExplicitDependencyGeneratePcm arm64 /tmp/advoid-readiness-derived/SDKExplicitPrecompiledModules/_Builtin_tgmath-2A8QUBGPG4OOHJ31OH29T7L62.pcm

SwiftExplicitDependencyGeneratePcm arm64 /tmp/advoid-readiness-derived/SDKExplicitPrecompiledModules/_Builtin_stdint-59BUSEUOUNHEX8IB8NR2TKMUV.pcm

SwiftExplicitDependencyGeneratePcm arm64 /tmp/advoid-readiness-derived/SDKExplicitPrecompiledModules/string_h-9O3OS87Y8LA0IC1C81MYDW8L6.pcm

SwiftExplicitDependencyGeneratePcm arm64 /tmp/advoid-readiness-derived/SDKExplicitPrecompiledModules/sys_types-6KP0EN7G0U6URX5GAT754ROJ0.pcm

SwiftExplicitDependencyGeneratePcm arm64 /tmp/advoid-readiness-derived/SDKExplicitPrecompiledModules/_DarwinFoundation3-2YBPSXPEO29URZ9QRDX2HH18H.pcm

SwiftExplicitDependencyGeneratePcm arm64 /tmp/advoid-readiness-derived/SDKExplicitPrecompiledModules/_Builtin_intrinsics-9K1ANU0386JJO4YMJELNNKDVP.pcm

SwiftExplicitDependencyGeneratePcm arm64 /tmp/advoid-readiness-derived/SDKExplicitPrecompiledModules/_Builtin_stdatomic-CG8KT49H6Q9115YN6OQ1DHWAS.pcm

LinkAssetCatalog /Users/fig/AdVoid/AdVoid/Assets.xcassets (in target 'AdVoid' from project 'AdVoid')
    cd /Users/fig/AdVoid
    builtin-linkAssetCatalog --thinned /tmp/advoid-readiness-derived/Build/Intermediates.noindex/ArchiveIntermediates/AdVoid/IntermediateBuildFilesPath/AdVoid.build/Release-iphoneos/AdVoid.build/assetcatalog_output/thinned --thinned-dependencies /tmp/advoid-readiness-derived/Build/Intermediates.noindex/ArchiveIntermediates/AdVoid/IntermediateBuildFilesPath/AdVoid.build/Release-iphoneos/AdVoid.build/assetcatalog_dependencies_thinned --thinned-info-plist-content /tmp/advoid-readiness-derived/Build/Intermediates.noindex/ArchiveIntermediates/AdVoid/IntermediateBuildFilesPath/AdVoid.build/Release-iphoneos/AdVoid.build/assetcatalog_generated_info.plist_thinned --unthinned /tmp/advoid-readiness-derived/Build/Intermediates.noindex/ArchiveIntermediates/AdVoid/IntermediateBuildFilesPath/AdVoid.build/Release-iphoneos/AdVoid.build/assetcatalog_output/unthinned --unthinned-dependencies /tmp/advoid-readiness-derived/Build/Intermediates.noindex/ArchiveIntermediates/AdVoid/IntermediateBuildFilesPath/AdVoid.build/Release-iphoneos/AdVoid.build/assetcatalog_dependencies_unthinned --unthinned-info-plist-content /tmp/advoid-readiness-derived/Build/Intermediates.noindex/ArchiveIntermediates/AdVoid/IntermediateBuildFilesPath/AdVoid.build/Release-iphoneos/AdVoid.build/assetcatalog_generated_info.plist_unthinned --output /tmp/advoid-readiness-derived/Build/Intermediates.noindex/ArchiveIntermediates/AdVoid/InstallationBuildProductsLocation/Applications/AdVoid.app --plist-output /tmp/advoid-readiness-derived/Build/Intermediates.noindex/ArchiveIntermediates/AdVoid/IntermediateBuildFilesPath/AdVoid.build/Release-iphoneos/AdVoid.build/assetcatalog_generated_info.plist
note: Emplaced /tmp/advoid-readiness-derived/Build/Intermediates.noindex/ArchiveIntermediates/AdVoid/InstallationBuildProductsLocation/Applications/AdVoid.app/Assets.car (in target 'AdVoid' from project 'AdVoid')
note: Emplaced /tmp/advoid-readiness-derived/Build/Intermediates.noindex/ArchiveIntermediates/AdVoid/InstallationBuildProductsLocation/Applications/AdVoid.app/AppIcon76x76@2x~ipad.png (in target 'AdVoid' from project 'AdVoid')
note: Emplaced /tmp/advoid-readiness-derived/Build/Intermediates.noindex/ArchiveIntermediates/AdVoid/InstallationBuildProductsLocation/Applications/AdVoid.app/AppIcon60x60@2x.png (in target 'AdVoid' from project 'AdVoid')

SwiftExplicitDependencyGeneratePcm arm64 /tmp/advoid-readiness-derived/SDKExplicitPrecompiledModules/zlib-EHHK1GIDDYGLDK51UK00QC0TL.pcm

SwiftExplicitDependencyGeneratePcm arm64 /tmp/advoid-readiness-derived/SDKExplicitPrecompiledModules/CommonCrypto-1A8Z5FJ0RY4AT94ZH33PJKWV0.pcm

SwiftExplicitDependencyGeneratePcm arm64 /tmp/advoid-readiness-derived/SDKExplicitPrecompiledModules/_Builtin_inttypes-7OJIX4FOXME3ST11L3LM0SRTK.pcm

SwiftExplicitDependencyGeneratePcm arm64 /tmp/advoid-readiness-derived/SDKExplicitPrecompiledModules/Darwin-7M6TJHTHCOVPY658SCFU4QEG9.pcm

SwiftExplicitDependencyGeneratePcm arm64 /tmp/advoid-readiness-derived/SDKExplicitPrecompiledModules/simd-W686O3G3Q0OFF2MHVBAK4AY8.pcm

SwiftExplicitDependencyGeneratePcm arm64 /tmp/advoid-readiness-derived/SDKExplicitPrecompiledModules/MachO-QBG24I2EYO0VN2YEETGDU4JZ.pcm

SwiftExplicitDependencyGeneratePcm arm64 /tmp/advoid-readiness-derived/SDKExplicitPrecompiledModules/ObjectiveC-3D64KHDICWTYVT4BW3P8UQDSP.pcm

SwiftExplicitDependencyGeneratePcm arm64 /tmp/advoid-readiness-derived/SDKExplicitPrecompiledModules/Compression-BJYAUHL3WR5KCV14GJAEA2L6.pcm

SwiftExplicitDependencyGeneratePcm arm64 /tmp/advoid-readiness-derived/SDKExplicitPrecompiledModules/Spatial-ZWMZYAQ84ZHLPPI9L6KJG7AE.pcm

SwiftExplicitDependencyGeneratePcm arm64 /tmp/advoid-readiness-derived/SDKExplicitPrecompiledModules/os_object-6V4EYYMQ28UJUT1WKZ0NWYIZD.pcm

SwiftExplicitDependencyGeneratePcm arm64 /tmp/advoid-readiness-derived/SDKExplicitPrecompiledModules/os_workgroup-7DCNDN3ZCU5HN71P367N9S59.pcm

SwiftExplicitDependencyGeneratePcm arm64 /tmp/advoid-readiness-derived/SDKExplicitPrecompiledModules/Dispatch-8ZB4NI8UK02JLWB3BNYV4276Y.pcm

SwiftExplicitDependencyGeneratePcm arm64 /tmp/advoid-readiness-derived/SDKExplicitPrecompiledModules/dnssd-6LEGAQXW2VL98H90N7K1V8OBS.pcm

SwiftExplicitDependencyGeneratePcm arm64 /tmp/advoid-readiness-derived/SDKExplicitPrecompiledModules/CoreFoundation-BXM97G8N9OJ30I9J9YXATMC68.pcm

SwiftExplicitDependencyGeneratePcm arm64 /tmp/advoid-readiness-derived/SDKExplicitPrecompiledModules/XPC-EWOYPPT46PWQI6H0SKOYHH41T.pcm

SwiftExplicitDependencyGeneratePcm arm64 /tmp/advoid-readiness-derived/SDKExplicitPrecompiledModules/os-CAXO79TLDI2W1HR3M6VL7QM69.pcm

SwiftExplicitDependencyGeneratePcm arm64 /tmp/advoid-readiness-derived/SDKExplicitPrecompiledModules/Security-EI2DIK879PCWMTNWUFCQ5E8RS.pcm

SwiftExplicitDependencyGeneratePcm arm64 /tmp/advoid-readiness-derived/SDKExplicitPrecompiledModules/CoreAudioTypes-962IC4YT0RL0J0EC3BQ1CGA03.pcm

SwiftExplicitDependencyGeneratePcm arm64 /tmp/advoid-readiness-derived/SDKExplicitPrecompiledModules/CFNetwork-98UHUCVOQQNTUJBX7QHD68VS4.pcm

SwiftExplicitDependencyGeneratePcm arm64 /tmp/advoid-readiness-derived/SDKExplicitPrecompiledModules/CoreGraphics-RH173YLX14EEQBXEG6872OFV.pcm

SwiftExplicitDependencyGeneratePcm arm64 /tmp/advoid-readiness-derived/SDKExplicitPrecompiledModules/CoreAudio-3JHPYTCIPMUXRVZGM0YTDC9L4.pcm

SwiftExplicitDependencyGeneratePcm arm64 /tmp/advoid-readiness-derived/SDKExplicitPrecompiledModules/Foundation-H9DBDVO2QACLU40Q8XAMI3D6.pcm

SwiftExplicitDependencyGeneratePcm arm64 /tmp/advoid-readiness-derived/SDKExplicitPrecompiledModules/ImageIO-9ZRV8Z0WKG05SERH8QDTOUO5I.pcm

SwiftExplicitDependencyGeneratePcm arm64 /tmp/advoid-readiness-derived/SDKExplicitPrecompiledModules/CoreText-8KIUD4NZUUGTQUZXALCJYC8W1.pcm

SwiftExplicitDependencyGeneratePcm arm64 /tmp/advoid-readiness-derived/SDKExplicitPrecompiledModules/UniformTypeIdentifiers-2DR9JPPZA6I72ZGFA5NUZ8JXX.pcm

SwiftExplicitDependencyGeneratePcm arm64 /tmp/advoid-readiness-derived/SDKExplicitPrecompiledModules/Network-CUAVKMIYO79ZF8RJ1JQQBKIW8.pcm

SwiftExplicitDependencyGeneratePcm arm64 /tmp/advoid-readiness-derived/SDKExplicitPrecompiledModules/LocalAuthentication-6GJLFM370ZWQBENG8ZWO7TH24.pcm

SwiftExplicitDependencyGeneratePcm arm64 /tmp/advoid-readiness-derived/SDKExplicitPrecompiledModules/CoreMIDI-2882IFH9WS731Z8S5I82N0JVZ.pcm

SwiftExplicitDependencyGeneratePcm arm64 /tmp/advoid-readiness-derived/SDKExplicitPrecompiledModules/IOSurface-4FAQH3RMT7Q6PL3RW2IDE33XZ.pcm

SwiftExplicitDependencyGeneratePcm arm64 /tmp/advoid-readiness-derived/SDKExplicitPrecompiledModules/FileProvider-S2ZXTRD1YQTY3EIJIT3C6W9B.pcm

SwiftExplicitDependencyGeneratePcm arm64 /tmp/advoid-readiness-derived/SDKExplicitPrecompiledModules/Accessibility-55QUR4MY5P97M7YJWN8VHY9XA.pcm

SwiftExplicitDependencyGeneratePcm arm64 /tmp/advoid-readiness-derived/SDKExplicitPrecompiledModules/CoreTransferable-C7FT1U1R2BDIKV0HJYJAOV1ZB.pcm

SwiftExplicitDependencyGeneratePcm arm64 /tmp/advoid-readiness-derived/SDKExplicitPrecompiledModules/UserNotifications-BYKUOHKEJ2YSIO8LPECU2EK1T.pcm

SwiftExplicitDependencyGeneratePcm arm64 /tmp/advoid-readiness-derived/SDKExplicitPrecompiledModules/OSLog-EEDIW99NCMKYXSHQIZNF1PHGO.pcm

SwiftExplicitDependencyGeneratePcm arm64 /tmp/advoid-readiness-derived/SDKExplicitPrecompiledModules/DataDetection-DJ0KZHVAW6PHV8QEKSQDF7ZOQ.pcm

SwiftExplicitDependencyGeneratePcm arm64 /tmp/advoid-readiness-derived/SDKExplicitPrecompiledModules/_LocationEssentials-4ENZIBXEJ03TKZ8TMKHD8Q45V.pcm

SwiftExplicitDependencyGeneratePcm arm64 /tmp/advoid-readiness-derived/SDKExplicitPrecompiledModules/Symbols-8KXL4I82LMVYMPK1Y3KKD1G1Z.pcm

SwiftExplicitDependencyGeneratePcm arm64 /tmp/advoid-readiness-derived/SDKExplicitPrecompiledModules/OpenGLES-8EFMM0IPKZ5S4JG4TXD5KNCYD.pcm

SwiftExplicitDependencyGeneratePcm arm64 /tmp/advoid-readiness-derived/SDKExplicitPrecompiledModules/Metal-2LRDDOMXSJ1YBO1OFXQ3LTISS.pcm

SwiftExplicitDependencyGeneratePcm arm64 /tmp/advoid-readiness-derived/SDKExplicitPrecompiledModules/BackgroundAssets-7N83D0MGNNCQESJ53P58N80PA.pcm

SwiftExplicitDependencyGeneratePcm arm64 /tmp/advoid-readiness-derived/SDKExplicitPrecompiledModules/UIUtilities-531RUPSGYXEN4Z1KFHQQN652Y.pcm

SwiftExplicitDependencyGeneratePcm arm64 /tmp/advoid-readiness-derived/SDKExplicitPrecompiledModules/CoreData-B13KJ5YB6EZX4DJ5UUEWK9YF0.pcm

SwiftExplicitDependencyGeneratePcm arm64 /tmp/advoid-readiness-derived/SDKExplicitPrecompiledModules/AudioToolbox-48S8E0FHWIQ55Q4JV43RMIN.pcm

SwiftExplicitDependencyGeneratePcm arm64 /tmp/advoid-readiness-derived/SDKExplicitPrecompiledModules/AdServices-DKQZUWM8WC3AAS3Z6BV8IEOES.pcm

SwiftExplicitDependencyGeneratePcm arm64 /tmp/advoid-readiness-derived/SDKExplicitPrecompiledModules/AVRouting-1L5YZ4IUFHXJVQISMZZSOHYNF.pcm

SwiftExplicitDependencyGeneratePcm arm64 /tmp/advoid-readiness-derived/SDKExplicitPrecompiledModules/NetworkExtension-9JZ5DVIBGVFLG48B6LDA8KABG.pcm

SwiftExplicitDependencyGeneratePcm arm64 /tmp/advoid-readiness-derived/SDKExplicitPrecompiledModules/CoreLocation-3KEMLL06AKIBY9X1V6HDWSPF9.pcm

SwiftExplicitDependencyGeneratePcm arm64 /tmp/advoid-readiness-derived/SDKExplicitPrecompiledModules/CoreMotion-895D58L5NWSYIIKUOXKZ84VM5.pcm

SwiftExplicitDependencyGeneratePcm arm64 /tmp/advoid-readiness-derived/SDKExplicitPrecompiledModules/CoreVideo-9RXOT106O8PG9X2KQRT0HYH9X.pcm

SwiftExplicitDependencyGeneratePcm arm64 /tmp/advoid-readiness-derived/SDKExplicitPrecompiledModules/QuartzCore-6Y2LUQIKY086E4ACG3BYH9MX9.pcm

SwiftExplicitDependencyGeneratePcm arm64 /tmp/advoid-readiness-derived/SDKExplicitPrecompiledModules/CoreImage-ATY0F5K6UV5U4NJFVXTIY7TPJ.pcm

SwiftExplicitDependencyGeneratePcm arm64 /tmp/advoid-readiness-derived/SDKExplicitPrecompiledModules/CoreMedia-46IDI1W7W52S7AUE7QEM6DCHJ.pcm

SwiftExplicitDependencyGeneratePcm arm64 /tmp/advoid-readiness-derived/SDKExplicitPrecompiledModules/SwiftUICore-ESMYB8EPLV7PAJBA0KQZDIRP.pcm

SwiftExplicitDependencyGeneratePcm arm64 /tmp/advoid-readiness-derived/SDKExplicitPrecompiledModules/MediaToolbox-88NHFSSV9HCYD0O1C4IFFZCND.pcm

SwiftExplicitDependencyGeneratePcm arm64 /tmp/advoid-readiness-derived/SDKExplicitPrecompiledModules/AVFAudio-17TPQNME2TPJ4T8OKPC0A1FC2.pcm

SwiftExplicitDependencyGeneratePcm arm64 /tmp/advoid-readiness-derived/SDKExplicitPrecompiledModules/VideoToolbox-3580AWQZJOCVVOW998DUFLXRJ.pcm

SwiftExplicitDependencyGeneratePcm arm64 /tmp/advoid-readiness-derived/SDKExplicitPrecompiledModules/UIKit-AVTVUTB1I44V4KEED9QICPYHA.pcm

SwiftExplicitDependencyGeneratePcm arm64 /tmp/advoid-readiness-derived/SDKExplicitPrecompiledModules/AVFoundation-1CYIU1O46WLC98I1B161113UP.pcm

SwiftExplicitDependencyGeneratePcm arm64 /tmp/advoid-readiness-derived/SDKExplicitPrecompiledModules/WebKit-1Z4E4WU0Y173PD1R1O8TCFBT3.pcm

SwiftExplicitDependencyGeneratePcm arm64 /tmp/advoid-readiness-derived/SDKExplicitPrecompiledModules/StoreKit-DVU7BFTNP3BXDGN2V7OUA19FV.pcm

SwiftExplicitDependencyGeneratePcm arm64 /tmp/advoid-readiness-derived/SDKExplicitPrecompiledModules/AuthenticationServices-99BNZPQ1TA41GFH40CXDMGT21.pcm

SwiftExplicitDependencyGeneratePcm arm64 /tmp/advoid-readiness-derived/SDKExplicitPrecompiledModules/AVKit-BFQ0ZNKBG6RJVS8S31C4CF46M.pcm

SwiftExplicitDependencyGeneratePcm arm64 /tmp/advoid-readiness-derived/SDKExplicitPrecompiledModules/SafariServices-4138AF0W71G2O1IDCWSJBKN3D.pcm

SwiftExplicitDependencyGeneratePcm arm64 /tmp/advoid-readiness-derived/SDKExplicitPrecompiledModules/SwiftUI-AV7PDQ89UCAA7R5OP4DM0UNOJ.pcm

SwiftCompile normal arm64 Compiling\ ActivityView.swift,\ AdVoidApp.swift,\ AppGroup.swift,\ BlocklistManager.swift,\ BlocklistParser.swift,\ DNSMessage.swift,\ DomainMatcher.swift,\ HomeView.swift,\ ListCatalog.swift,\ OnboardingView.swift,\ SettingsView.swift,\ Stats.swift,\ StatsModel.swift,\ StatsView.swift,\ Subscription.swift,\ SubscriptionModel.swift,\ TrackerCompanies.swift,\ TunnelController.swift,\ UDPPacket.swift,\ GeneratedAssetSymbols.swift /Users/fig/AdVoid/AdVoid/Views/ActivityView.swift /Users/fig/AdVoid/AdVoid/AdVoidApp.swift /Users/fig/AdVoid/Shared/AppGroup.swift /Users/fig/AdVoid/AdVoid/BlocklistManager.swift /Users/fig/AdVoid/Shared/BlocklistParser.swift /Users/fig/AdVoid/Shared/DNSMessage.swift /Users/fig/AdVoid/Shared/DomainMatcher.swift /Users/fig/AdVoid/AdVoid/Views/HomeView.swift /Users/fig/AdVoid/AdVoid/ListCatalog.swift /Users/fig/AdVoid/AdVoid/Views/OnboardingView.swift /Users/fig/AdVoid/AdVoid/Views/SettingsView.swift /Users/fig/AdVoid/Shared/Stats.swift /Users/fig/AdVoid/AdVoid/StatsModel.swift /Users/fig/AdVoid/AdVoid/Views/StatsView.swift /Users/fig/AdVoid/Shared/Subscription.swift /Users/fig/AdVoid/AdVoid/SubscriptionModel.swift /Users/fig/AdVoid/AdVoid/TrackerCompanies.swift /Users/fig/AdVoid/AdVoid/TunnelController.swift /Users/fig/AdVoid/Shared/UDPPacket.swift /tmp/advoid-readiness-derived/Build/Intermediates.noindex/ArchiveIntermediates/AdVoid/IntermediateBuildFilesPath/AdVoid.build/Release-iphoneos/AdVoid.build/DerivedSources/GeneratedAssetSymbols.swift /Applications/Xcode.app/Contents/Developer/Toolchains/XcodeDefault.xctoolchain/usr/lib/swift/iphoneos/prebuilt-modules/27.0/Darwin.swiftmodule/arm64e-apple-ios.swiftmodule /Applications/Xcode.app/Contents/Developer/Toolchains/XcodeDefault.xctoolchain/usr/lib/swift/iphoneos/prebuilt-modules/27.0/FileProvider.swiftmodule/arm64e-apple-ios.swiftmodule /Applications/Xcode.app/Contents/Developer/Toolchains/XcodeDefault.xctoolchain/usr/lib/swift/iphoneos/prebuilt-modules/27.0/AudioToolbox.swiftmodule/arm64e-apple-ios.swiftmodule /Applications/Xcode.app/Contents/Developer/Toolchains/XcodeDefault.xctoolchain/usr/lib/swift/iphoneos/prebuilt-modules/27.0/BackgroundAssets.swiftmodule/arm64e-apple-ios.swiftmodule /Applications/Xcode.app/Contents/Developer/Toolchains/XcodeDefault.xctoolchain/usr/lib/swift/iphoneos/prebuilt-modules/27.0/Foundation.swiftmodule/arm64e-apple-ios.swiftmodule /Applications/Xcode.app/Contents/Developer/Toolchains/XcodeDefault.xctoolchain/usr/lib/swift/iphoneos/prebuilt-modules/27.0/NetworkExtension.swiftmodule/arm64e-apple-ios.swiftmodule /Applications/Xcode.app/Contents/Developer/Toolchains/XcodeDefault.xctoolchain/usr/lib/swift/iphoneos/prebuilt-modules/27.0/CryptoKit.swiftmodule/arm64e-apple-ios.swiftmodule /Applications/Xcode.app/Contents/Developer/Toolchains/XcodeDefault.xctoolchain/usr/lib/swift/iphoneos/prebuilt-modules/27.0/CoreMIDI.swiftmodule/arm64e-apple-ios.swiftmodule /Applications/Xcode.app/Contents/Developer/Toolchains/XcodeDefault.xctoolchain/usr/lib/swift/iphoneos/prebuilt-modules/27.0/CoreVideo.swiftmodule/arm64e-apple-ios.swiftmodule /Applications/Xcode.app/Contents/Developer/Toolchains/XcodeDefault.xctoolchain/usr/lib/swift/iphoneos/prebuilt-modules/27.0/Synchronization.swiftmodule/arm64e-apple-ios.swiftmodule /Applications/Xcode.app/Contents/Developer/Toolchains/XcodeDefault.xctoolchain/usr/lib/swift/iphoneos/prebuilt-modules/27.0/CoreText.swiftmodule/arm64e-apple-ios.swiftmodule /tmp/advoid-readiness-derived/Build/Intermediates.noindex/ArchiveIntermediates/AdVoid/BuildProductsPath/Release-iphoneos/RevenueCatUI.swiftmodule/arm64-apple-ios.swiftmodule /Applications/Xcode.app/Contents/Developer/Toolchains/XcodeDefault.xctoolchain/usr/lib/swift/iphoneos/prebuilt-modules/27.0/XPC.swiftmodule/arm64e-apple-ios.swiftmodule /Applications/Xcode.app/Contents/Developer/Toolchains/XcodeDefault.xctoolchain/usr/lib/swift/iphoneos/prebuilt-modules/27.0/WebKit.swiftmodule/arm64e-apple-ios.swiftmodule /Applications/Xcode.app/Contents/Developer/Toolchains/XcodeDefault.xctoolchain/usr/lib/swift/iphoneos/prebuilt-modules/27.0/TipKit.swiftmodule/arm64e-apple-ios.swiftmodule /Applications/Xcode.app/Contents/Developer/Toolchains/XcodeDefault.xctoolchain/usr/lib/swift/iphoneos/prebuilt-modules/27.0/_DarwinFoundation1.swiftmodule/arm64e-apple-ios.swiftmodule /Applications/Xcode.app/Contents/Developer/Toolchains/XcodeDefault.xctoolchain/usr/lib/swift/iphoneos/prebuilt-modules/27.0/_Builtin_float.swiftmodule/arm64e-apple-ios.swiftmodule /Applications/Xcode.app/Contents/Developer/Toolchains/XcodeDefault.xctoolchain/usr/lib/swift/iphoneos/prebuilt-modules/27.0/LocalAuthentication.swiftmodule/arm64e-apple-ios.swiftmodule /Applications/Xcode.app/Contents/Developer/Toolchains/XcodeDefault.xctoolchain/usr/lib/swift/iphoneos/prebuilt-modules/27.0/Distributed.swiftmodule/arm64e-apple-ios.swiftmodule /Applications/Xcode.app/Contents/Developer/Toolchains/XcodeDefault.xctoolchain/usr/lib/swift/iphoneos/prebuilt-modules/27.0/Accessibility.swiftmodule/arm64e-apple-ios.swiftmodule /Applications/Xcode.app/Contents/Developer/Toolchains/XcodeDefault.xctoolchain/usr/lib/swift/iphoneos/prebuilt-modules/27.0/SafariServices.swiftmodule/arm64e-apple-ios.swiftmodule /Applications/Xcode.app/Contents/Developer/Toolchains/XcodeDefault.xctoolchain/usr/lib/swift/iphoneos/prebuilt-modules/27.0/AVFoundation.swiftmodule/arm64e-apple-ios.swiftmodule /Applications/Xcode.app/Contents/Developer/Toolchains/XcodeDefault.xctoolchain/usr/lib/swift/iphoneos/prebuilt-modules/27.0/Spatial.swiftmodule/arm64e-apple-ios.swiftmodule /Applications/Xcode.app/Contents/Developer/Toolchains/XcodeDefault.xctoolchain/usr/lib/swift/iphoneos/prebuilt-modules/27.0/OSLog.swiftmodule/arm64e-apple-ios.swiftmodule /Applications/Xcode.app/Contents/Developer/Toolchains/XcodeDefault.xctoolchain/usr/lib/swift/iphoneos/prebuilt-modules/27.0/DeveloperToolsSupport.swiftmodule/arm64e-apple-ios.swiftmodule /Applications/Xcode.app/Contents/Developer/Toolchains/XcodeDefault.xctoolchain/usr/lib/swift/iphoneos/prebuilt-modules/27.0/Metal.swiftmodule/arm64e-apple-ios.swiftmodule /Applications/Xcode.app/Contents/Developer/Toolchains/XcodeDefault.xctoolchain/usr/lib/swift/iphoneos/prebuilt-modules/27.0/SwiftUICore.swiftmodule/arm64e-apple-ios.swiftmodule /Applications/Xcode.app/Contents/Developer/Toolchains/XcodeDefault.xctoolchain/usr/lib/swift/iphoneos/prebuilt-modules/27.0/Dispatch.swiftmodule/arm64e-apple-ios.swiftmodule /Applications/Xcode.app/Contents/Developer/Toolchains/XcodeDefault.xctoolchain/usr/lib/swift/iphoneos/prebuilt-modules/27.0/os.swiftmodule/arm64e-apple-ios.swiftmodule /Applications/Xcode.app/Contents/Developer/Toolchains/XcodeDefault.xctoolchain/usr/lib/swift/iphoneos/prebuilt-modules/27.0/_StringProcessing.swiftmodule/arm64e-apple-ios.swiftmodule /Applications/Xcode.app/Contents/Developer/Toolchains/XcodeDefault.xctoolchain/usr/lib/swift/iphoneos/prebuilt-modules/27.0/AVKit.swiftmodule/arm64e-apple-ios.swiftmodule /Applications/Xcode.app/Contents/Developer/Toolchains/XcodeDefault.xctoolchain/usr/lib/swift/iphoneos/prebuilt-modules/27.0/CoreGraphics.swiftmodule/arm64e-apple-ios.swiftmodule /Applications/Xcode.app/Contents/Developer/Toolchains/XcodeDefault.xctoolchain/usr/lib/swift/iphoneos/prebuilt-modules/27.0/QuartzCore.swiftmodule/arm64e-apple-ios.swiftmodule /Applications/Xcode.app/Contents/Developer/Toolchains/XcodeDefault.xctoolchain/usr/lib/swift/iphoneos/prebuilt-modules/27.0/UIKit.swiftmodule/arm64e-apple-ios.swiftmodule /Applications/Xcode.app/Contents/Developer/Toolchains/XcodeDefault.xctoolchain/usr/lib/swift/iphoneos/prebuilt-modules/27.0/CoreData.swiftmodule/arm64e-apple-ios.swiftmodule /Applications/Xcode.app/Contents/Developer/Toolchains/XcodeDefault.xctoolchain/usr/lib/swift/iphoneos/prebuilt-modules/27.0/SwiftUI.swiftmodule/arm64e-apple-ios.swiftmodule /Applications/Xcode.app/Contents/Developer/Toolchains/XcodeDefault.xctoolchain/usr/lib/swift/iphoneos/prebuilt-modules/27.0/Symbols.swiftmodule/arm64e-apple-ios.swiftmodule /Applications/Xcode.app/Contents/Developer/Toolchains/XcodeDefault.xctoolchain/usr/lib/swift/iphoneos/prebuilt-modules/27.0/DataDetection.swiftmodule/arm64e-apple-ios.swiftmodule /Applications/Xcode.app/Contents/Developer/Toolchains/XcodeDefault.xctoolchain/usr/lib/swift/iphoneos/prebuilt-modules/27.0/simd.swiftmodule/arm64e-apple-ios.swiftmodule /tmp/advoid-readiness-derived/Build/Intermediates.noindex/ArchiveIntermediates/AdVoid/BuildProductsPath/Release-iphoneos/RevenueCat.swiftmodule/arm64-apple-ios.swiftmodule /Applications/Xcode.app/Contents/Developer/Toolchains/XcodeDefault.xctoolchain/usr/lib/swift/iphoneos/prebuilt-modules/27.0/_DarwinFoundation3.swiftmodule/arm64e-apple-ios.swiftmodule /Applications/Xcode.app/Contents/Developer/Toolchains/XcodeDefault.xctoolchain/usr/lib/swift/iphoneos/prebuilt-modules/27.0/_StoreKit_SwiftUI.swiftmodule/arm64e-apple-ios.swiftmodule /Applications/Xcode.app/Contents/Developer/Toolchains/XcodeDefault.xctoolchain/usr/lib/swift/iphoneos/prebuilt-modules/27.0/UniformTypeIdentifiers.swiftmodule/arm64e-apple-ios.swiftmodule /Applications/Xcode.app/Contents/Developer/Toolchains/XcodeDefault.xctoolchain/usr/lib/swift/iphoneos/prebuilt-modules/27.0/_WebKit_SwiftUI.swiftmodule/arm64e-apple-ios.swiftmodule /Applications/Xcode.app/Contents/Developer/Toolchains/XcodeDefault.xctoolchain/usr/lib/swift/iphoneos/prebuilt-modules/27.0/Compression.swiftmodule/arm64e-apple-ios.swiftmodule /Applications/Xcode.app/Contents/Developer/Toolchains/XcodeDefault.xctoolchain/usr/lib/swift/iphoneos/prebuilt-modules/27.0/StoreKit.swiftmodule/arm64e-apple-ios.swiftmodule /Applications/Xcode.app/Contents/Developer/Toolchains/XcodeDefault.xctoolchain/usr/lib/swift/iphoneos/prebuilt-modules/27.0/MediaToolbox.swiftmodule/arm64e-apple-ios.swiftmodule /Applications/Xcode.app/Contents/Developer/Toolchains/XcodeDefault.xctoolchain/usr/lib/swift/iphoneos/prebuilt-modules/27.0/Swift.swiftmodule/arm64e-apple-ios.swiftmodule /Applications/Xcode.app/Contents/Developer/Toolchains/XcodeDefault.xctoolchain/usr/lib/swift/iphoneos/prebuilt-modules/27.0/RegexBuilder.swiftmodule/arm64e-apple-ios.swiftmodule /Applications/Xcode.app/Contents/Developer/Toolchains/XcodeDefault.xctoolchain/usr/lib/swift/iphoneos/prebuilt-modules/27.0/_Concurrency.swiftmodule/arm64e-apple-ios.swiftmodule /Applications/Xcode.app/Contents/Developer/Toolchains/XcodeDefault.xctoolchain/usr/lib/swift/iphoneos/prebuilt-modules/27.0/Charts.swiftmodule/arm64e-apple-ios.swiftmodule /Applications/Xcode.app/Contents/Developer/Toolchains/XcodeDefault.xctoolchain/usr/lib/swift/iphoneos/prebuilt-modules/27.0/CoreMotion.swiftmodule/arm64e-apple-ios.swiftmodule /Applications/Xcode.app/Contents/Developer/Toolchains/XcodeDefault.xctoolchain/usr/lib/swift/iphoneos/prebuilt-modules/27.0/AuthenticationServices.swiftmodule/arm64e-apple-ios.swiftmodule /Applications/Xcode.app/Contents/Developer/Toolchains/XcodeDefault.xctoolchain/usr/lib/swift/iphoneos/prebuilt-modules/27.0/LightweightCodeRequirements.swiftmodule/arm64e-apple-ios.swiftmodule /Applications/Xcode.app/Contents/Developer/Toolchains/XcodeDefault.xctoolchain/usr/lib/swift/iphoneos/prebuilt-modules/27.0/CoreImage.swiftmodule/arm64e-apple-ios.swiftmodule /Applications/Xcode.app/Contents/Developer/Toolchains/XcodeDefault.xctoolchain/usr/lib/swift/iphoneos/prebuilt-modules/27.0/CoreAudio.swiftmodule/arm64e-apple-ios.swiftmodule /Applications/Xcode.app/Contents/Developer/Toolchains/XcodeDefault.xctoolchain/usr/lib/swift/iphoneos/prebuilt-modules/27.0/System.swiftmodule/arm64e-apple-ios.swiftmodule /Applications/Xcode.app/Contents/Developer/Toolchains/XcodeDefault.xctoolchain/usr/lib/swift/iphoneos/prebuilt-modules/27.0/AVFAudio.swiftmodule/arm64e-apple-ios.swiftmodule /Applications/Xcode.app/Contents/Developer/Toolchains/XcodeDefault.xctoolchain/usr/lib/swift/iphoneos/prebuilt-modules/27.0/Combine.swiftmodule/arm64e-apple-ios.swiftmodule /Applications/Xcode.app/Contents/Developer/Toolchains/XcodeDefault.xctoolchain/usr/lib/swift/iphoneos/prebuilt-modules/27.0/VideoToolbox.swiftmodule/arm64e-apple-ios.swiftmodule /Applications/Xcode.app/Contents/Developer/Toolchains/XcodeDefault.xctoolchain/usr/lib/swift/iphoneos/prebuilt-modules/27.0/Network.swiftmodule/arm64e-apple-ios.swiftmodule /Applications/Xcode.app/Contents/Developer/Toolchains/XcodeDefault.xctoolchain/usr/lib/swift/iphoneos/prebuilt-modules/27.0/CoreLocation.swiftmodule/arm64e-apple-ios.swiftmodule /Applications/Xcode.app/Contents/Developer/Toolchains/XcodeDefault.xctoolchain/usr/lib/swift/iphoneos/prebuilt-modules/27.0/_AVKit_SwiftUI.swiftmodule/arm64e-apple-ios.swiftmodule /Applications/Xcode.app/Contents/Developer/Toolchains/XcodeDefault.xctoolchain/usr/lib/swift/iphoneos/prebuilt-modules/27.0/CoreMedia.swiftmodule/arm64e-apple-ios.swiftmodule /Applications/Xcode.app/Contents/Developer/Toolchains/XcodeDefault.xctoolchain/usr/lib/swift/iphoneos/prebuilt-modules/27.0/CoreFoundation.swiftmodule/arm64e-apple-ios.swiftmodule /Applications/Xcode.app/Contents/Developer/Toolchains/XcodeDefault.xctoolchain/usr/lib/swift/iphoneos/prebuilt-modules/27.0/ImageIO.swiftmodule/arm64e-apple-ios.swiftmodule /Applications/Xcode.app/Contents/Developer/Toolchains/XcodeDefault.xctoolchain/usr/lib/swift/iphoneos/prebuilt-modules/27.0/_DarwinFoundation2.swiftmodule/arm64e-apple-ios.swiftmodule /Applications/Xcode.app/Contents/Developer/Toolchains/XcodeDefault.xctoolchain/usr/lib/swift/iphoneos/prebuilt-modules/27.0/ExtensionFoundation.swiftmodule/arm64e-apple-ios.swiftmodule /Applications/Xcode.app/Contents/Developer/Toolchains/XcodeDefault.xctoolchain/usr/lib/swift/iphoneos/prebuilt-modules/27.0/CoreTransferable.swiftmodule/arm64e-apple-ios.swiftmodule /Applications/Xcode.app/Contents/Developer/Toolchains/XcodeDefault.xctoolchain/usr/lib/swift/iphoneos/prebuilt-modules/27.0/ObjectiveC.swiftmodule/arm64e-apple-ios.swiftmodule /Applications/Xcode.app/Contents/Developer/Toolchains/XcodeDefault.xctoolchain/usr/lib/swift/iphoneos/prebuilt-modules/27.0/Observation.swiftmodule/arm64e-apple-ios.swiftmodule /tmp/advoid-readiness-derived/SDKExplicitPrecompiledModules/StoreKit-DVU7BFTNP3BXDGN2V7OUA19FV.pcm /tmp/advoid-readiness-derived/SDKExplicitPrecompiledModules/CoreLocation-3KEMLL06AKIBY9X1V6HDWSPF9.pcm /tmp/advoid-readiness-derived/SDKExplicitPrecompiledModules/_DarwinFoundation1-EIYHDYHK2FVSHDW9LTK17W2G2.pcm /tmp/advoid-readiness-derived/SDKExplicitPrecompiledModules/ptrauth-DF4KUGD9AZSGYCSJFO0UOMM50.pcm /tmp/advoid-readiness-derived/SDKExplicitPrecompiledModules/CoreData-B13KJ5YB6EZX4DJ5UUEWK9YF0.pcm /tmp/advoid-readiness-derived/SDKExplicitPrecompiledModules/Spatial-ZWMZYAQ84ZHLPPI9L6KJG7AE.pcm /tmp/advoid-readiness-derived/SDKExplicitPrecompiledModules/CommonCrypto-1A8Z5FJ0RY4AT94ZH33PJKWV0.pcm /tmp/advoid-readiness-derived/SDKExplicitPrecompiledModules/_Builtin_float-DCDR9FWB8Y4NERWC33H429NA6.pcm /tmp/advoid-readiness-derived/SDKExplicitPrecompiledModules/AuthenticationServices-99BNZPQ1TA41GFH40CXDMGT21.pcm /tmp/advoid-readiness-derived/SDKExplicitPrecompiledModules/SwiftUI-AV7PDQ89UCAA7R5OP4DM0UNOJ.pcm /tmp/advoid-readiness-derived/SDKExplicitPrecompiledModules/_Builtin_inttypes-7OJIX4FOXME3ST11L3LM0SRTK.pcm /tmp/advoid-readiness-derived/SDKExplicitPrecompiledModules/CoreVideo-9RXOT106O8PG9X2KQRT0HYH9X.pcm /tmp/advoid-readiness-derived/SDKExplicitPrecompiledModules/DeveloperToolsSupport-7HMBWOD7OU1ZPS41D3384USS5.pcm /tmp/advoid-readiness-derived/SDKExplicitPrecompiledModules/Dispatch-8ZB4NI8UK02JLWB3BNYV4276Y.pcm /tmp/advoid-readiness-derived/SDKExplicitPrecompiledModules/AdServices-DKQZUWM8WC3AAS3Z6BV8IEOES.pcm /tmp/advoid-readiness-derived/SDKExplicitPrecompiledModules/WebKit-1Z4E4WU0Y173PD1R1O8TCFBT3.pcm /tmp/advoid-readiness-derived/SDKExplicitPrecompiledModules/Security-EI2DIK879PCWMTNWUFCQ5E8RS.pcm /tmp/advoid-readiness-derived/SDKExplicitPrecompiledModules/Network-CUAVKMIYO79ZF8RJ1JQQBKIW8.pcm /tmp/advoid-readiness-derived/SDKExplicitPrecompiledModules/CoreMIDI-2882IFH9WS731Z8S5I82N0JVZ.pcm /tmp/advoid-readiness-derived/SDKExplicitPrecompiledModules/SwiftUICore-ESMYB8EPLV7PAJBA0KQZDIRP.pcm /tmp/advoid-readiness-derived/SDKExplicitPrecompiledModules/_StoreKit_SwiftUI-2SL75D3QDTA0KORYSZI4KICDD.pcm /tmp/advoid-readiness-derived/SDKExplicitPrecompiledModules/_Builtin_limits-4JD3U0LZD0FSOBC1PYR6F4T0V.pcm /tmp/advoid-readiness-derived/SDKExplicitPrecompiledModules/dnssd-6LEGAQXW2VL98H90N7K1V8OBS.pcm /tmp/advoid-readiness-derived/SDKExplicitPrecompiledModules/VideoToolbox-3580AWQZJOCVVOW998DUFLXRJ.pcm /tmp/advoid-readiness-derived/SDKExplicitPrecompiledModules/_Builtin_stdatomic-CG8KT49H6Q9115YN6OQ1DHWAS.pcm /tmp/advoid-readiness-derived/SDKExplicitPrecompiledModules/CoreMedia-46IDI1W7W52S7AUE7QEM6DCHJ.pcm /tmp/advoid-readiness-derived/SDKExplicitPrecompiledModules/CoreText-8KIUD4NZUUGTQUZXALCJYC8W1.pcm /tmp/advoid-readiness-derived/SDKExplicitPrecompiledModules/CoreImage-ATY0F5K6UV5U4NJFVXTIY7TPJ.pcm /tmp/advoid-readiness-derived/SDKExplicitPrecompiledModules/AVRouting-1L5YZ4IUFHXJVQISMZZSOHYNF.pcm /tmp/advoid-readiness-derived/SDKExplicitPrecompiledModules/Foundation-H9DBDVO2QACLU40Q8XAMI3D6.pcm /tmp/advoid-readiness-derived/SDKExplicitPrecompiledModules/os_workgroup-7DCNDN3ZCU5HN71P367N9S59.pcm /tmp/advoid-readiness-derived/SDKExplicitPrecompiledModules/CFNetwork-98UHUCVOQQNTUJBX7QHD68VS4.pcm /tmp/advoid-readiness-derived/SDKExplicitPrecompiledModules/AVFoundation-1CYIU1O46WLC98I1B161113UP.pcm /tmp/advoid-readiness-derived/SDKExplicitPrecompiledModules/ptrcheck-1BFFBQUI37UV2URJ1M8U6WW2B.pcm /tmp/advoid-readiness-derived/SDKExplicitPrecompiledModules/os-CAXO79TLDI2W1HR3M6VL7QM69.pcm /tmp/advoid-readiness-derived/SDKExplicitPrecompiledModules/SafariServices-4138AF0W71G2O1IDCWSJBKN3D.pcm /tmp/advoid-readiness-derived/SDKExplicitPrecompiledModules/CoreGraphics-RH173YLX14EEQBXEG6872OFV.pcm /tmp/advoid-readiness-derived/SDKExplicitPrecompiledModules/IOSurface-4FAQH3RMT7Q6PL3RW2IDE33XZ.pcm /tmp/advoid-readiness-derived/SDKExplicitPrecompiledModules/_DarwinFoundation3-2YBPSXPEO29URZ9QRDX2HH18H.pcm /tmp/advoid-readiness-derived/SDKExplicitPrecompiledModules/UniformTypeIdentifiers-2DR9JPPZA6I72ZGFA5NUZ8JXX.pcm /tmp/advoid-readiness-derived/SDKExplicitPrecompiledModules/UIKit-AVTVUTB1I44V4KEED9QICPYHA.pcm /tmp/advoid-readiness-derived/SDKExplicitPrecompiledModules/CoreAudio-3JHPYTCIPMUXRVZGM0YTDC9L4.pcm /tmp/advoid-readiness-derived/SDKExplicitPrecompiledModules/ImageIO-9ZRV8Z0WKG05SERH8QDTOUO5I.pcm /tmp/advoid-readiness-derived/SDKExplicitPrecompiledModules/OSLog-EEDIW99NCMKYXSHQIZNF1PHGO.pcm /tmp/advoid-readiness-derived/SDKExplicitPrecompiledModules/_DarwinFoundation2-5NKVK2D1D0K13GHYDZJE6BI6P.pcm /tmp/advoid-readiness-derived/SDKExplicitPrecompiledModules/BackgroundAssets-7N83D0MGNNCQESJ53P58N80PA.pcm /tmp/advoid-readiness-derived/SDKExplicitPrecompiledModules/CoreTransferable-C7FT1U1R2BDIKV0HJYJAOV1ZB.pcm /tmp/advoid-readiness-derived/SDKExplicitPrecompiledModules/Accessibility-55QUR4MY5P97M7YJWN8VHY9XA.pcm /tmp/advoid-readiness-derived/SDKExplicitPrecompiledModules/string_h-9O3OS87Y8LA0IC1C81MYDW8L6.pcm /tmp/advoid-readiness-derived/SDKExplicitPrecompiledModules/_Builtin_stdarg-9SZU99TVMSXMUI6U539O8X0OX.pcm /tmp/advoid-readiness-derived/SDKExplicitPrecompiledModules/XPC-EWOYPPT46PWQI6H0SKOYHH41T.pcm /tmp/advoid-readiness-derived/SDKExplicitPrecompiledModules/ExtensionFoundation-15H0E5MD9OB4JVJ6LGN12XPS1.pcm /tmp/advoid-readiness-derived/SDKExplicitPrecompiledModules/QuartzCore-6Y2LUQIKY086E4ACG3BYH9MX9.pcm /tmp/advoid-readiness-derived/SDKExplicitPrecompiledModules/DataDetection-DJ0KZHVAW6PHV8QEKSQDF7ZOQ.pcm /tmp/advoid-readiness-derived/SDKExplicitPrecompiledModules/zlib-EHHK1GIDDYGLDK51UK00QC0TL.pcm /tmp/advoid-readiness-derived/SDKExplicitPrecompiledModules/os_object-6V4EYYMQ28UJUT1WKZ0NWYIZD.pcm /tmp/advoid-readiness-derived/SDKExplicitPrecompiledModules/Darwin-7M6TJHTHCOVPY658SCFU4QEG9.pcm /tmp/advoid-readiness-derived/SDKExplicitPrecompiledModules/_Builtin_stdbool-2CE6KJY8FFF2AYEEQCRNRSP3G.pcm /tmp/advoid-readiness-derived/SDKExplicitPrecompiledModules/AVKit-BFQ0ZNKBG6RJVS8S31C4CF46M.pcm /tmp/advoid-readiness-derived/SDKExplicitPrecompiledModules/NetworkExtension-9JZ5DVIBGVFLG48B6LDA8KABG.pcm /tmp/advoid-readiness-derived/SDKExplicitPrecompiledModules/CoreFoundation-BXM97G8N9OJ30I9J9YXATMC68.pcm /tmp/advoid-readiness-derived/SDKExplicitPrecompiledModules/_Builtin_stdint-59BUSEUOUNHEX8IB8NR2TKMUV.pcm /tmp/advoid-readiness-derived/SDKExplicitPrecompiledModules/AVFAudio-17TPQNME2TPJ4T8OKPC0A1FC2.pcm /tmp/advoid-readiness-derived/SDKExplicitPrecompiledModules/_LocationEssentials-4ENZIBXEJ03TKZ8TMKHD8Q45V.pcm /tmp/advoid-readiness-derived/SDKExplicitPrecompiledModules/_Builtin_tgmath-2A8QUBGPG4OOHJ31OH29T7L62.pcm /tmp/advoid-readiness-derived/SDKExplicitPrecompiledModules/CoreAudioTypes-962IC4YT0RL0J0EC3BQ1CGA03.pcm /tmp/advoid-readiness-derived/SDKExplicitPrecompiledModules/UIUtilities-531RUPSGYXEN4Z1KFHQQN652Y.pcm /tmp/advoid-readiness-derived/SDKExplicitPrecompiledModules/_Builtin_intrinsics-9K1ANU0386JJO4YMJELNNKDVP.pcm /tmp/advoid-readiness-derived/SDKExplicitPrecompiledModules/LocalAuthentication-6GJLFM370ZWQBENG8ZWO7TH24.pcm /tmp/advoid-readiness-derived/SDKExplicitPrecompiledModules/SwiftShims-C7I6PPJFUJMZV4DIWOZG8VXHM.pcm /tmp/advoid-readiness-derived/SDKExplicitPrecompiledModules/_Builtin_stddef-6AL9LR867K8HQZLOL3WFMHBYY.pcm /tmp/advoid-readiness-derived/SDKExplicitPrecompiledModules/_SwiftConcurrencyShims-6XP92T4TAB74WKVXF5YJRQR2K.pcm /tmp/advoid-readiness-derived/SDKExplicitPrecompiledModules/MachO-QBG24I2EYO0VN2YEETGDU4JZ.pcm /tmp/advoid-readiness-derived/SDKExplicitPrecompiledModules/Metal-2LRDDOMXSJ1YBO1OFXQ3LTISS.pcm /tmp/advoid-readiness-derived/SDKExplicitPrecompiledModules/_AvailabilityInternal-1UWJSRDZVSZVB7O8OGL73243O.pcm /tmp/advoid-readiness-derived/SDKExplicitPrecompiledModules/Compression-BJYAUHL3WR5KCV14GJAEA2L6.pcm /tmp/advoid-readiness-derived/SDKExplicitPrecompiledModules/AudioToolbox-48S8E0FHWIQ55Q4JV43RMIN.pcm /tmp/advoid-readiness-derived/SDKExplicitPrecompiledModules/ObjectiveC-3D64KHDICWTYVT4BW3P8UQDSP.pcm /tmp/advoid-readiness-derived/SDKExplicitPrecompiledModules/simd-W686O3G3Q0OFF2MHVBAK4AY8.pcm /tmp/advoid-readiness-derived/SDKExplicitPrecompiledModules/UserNotifications-BYKUOHKEJ2YSIO8LPECU2EK1T.pcm /tmp/advoid-readiness-derived/SDKExplicitPrecompiledModules/sys_types-6KP0EN7G0U6URX5GAT754ROJ0.pcm /tmp/advoid-readiness-derived/SDKExplicitPrecompiledModules/MediaToolbox-88NHFSSV9HCYD0O1C4IFFZCND.pcm /tmp/advoid-readiness-derived/SDKExplicitPrecompiledModules/OpenGLES-8EFMM0IPKZ5S4JG4TXD5KNCYD.pcm /tmp/advoid-readiness-derived/SDKExplicitPrecompiledModules/CoreMotion-895D58L5NWSYIIKUOXKZ84VM5.pcm /tmp/advoid-readiness-derived/SDKExplicitPrecompiledModules/Symbols-8KXL4I82LMVYMPK1Y3KKD1G1Z.pcm /tmp/advoid-readiness-derived/SDKExplicitPrecompiledModules/FileProvider-S2ZXTRD1YQTY3EIJIT3C6W9B.pcm /tmp/advoid-readiness-derived/Build/Intermediates.noindex/ArchiveIntermediates/AdVoid/IntermediateBuildFilesPath/AdVoid.build/Release-iphoneos/AdVoid.build/Objects-normal/arm64/AdVoid-dependencies-1.json (in target 'AdVoid' from project 'AdVoid')

SwiftCompile normal arm64 (in target 'AdVoid' from project 'AdVoid')
    cd /Users/fig/AdVoid
    

SwiftDriverJobDiscovery normal arm64 Compiling ActivityView.swift, AdVoidApp.swift, AppGroup.swift, BlocklistManager.swift, BlocklistParser.swift, DNSMessage.swift, DomainMatcher.swift, HomeView.swift, ListCatalog.swift, OnboardingView.swift, SettingsView.swift, Stats.swift, StatsModel.swift, StatsView.swift, Subscription.swift, SubscriptionModel.swift, TrackerCompanies.swift, TunnelController.swift, UDPPacket.swift, GeneratedAssetSymbols.swift (in target 'AdVoid' from project 'AdVoid')

SwiftDriver\ Compilation\ Requirements AdVoid normal arm64 com.apple.xcode.tools.swift.compiler (in target 'AdVoid' from project 'AdVoid')
    cd /Users/fig/AdVoid
    builtin-Swift-Compilation-Requirements -- /Applications/Xcode.app/Contents/Developer/Toolchains/XcodeDefault.xctoolchain/usr/bin/swiftc -module-name AdVoid -O -whole-module-optimization @/tmp/advoid-readiness-derived/Build/Intermediates.noindex/ArchiveIntermediates/AdVoid/IntermediateBuildFilesPath/AdVoid.build/Release-iphoneos/AdVoid.build/Objects-normal/arm64/AdVoid.SwiftFileList -enable-bare-slash-regex -enable-experimental-feature DebugDescriptionMacro -sdk /Applications/Xcode.app/Contents/Developer/Platforms/iPhoneOS.platform/Developer/SDKs/iPhoneOS27.0.sdk -target arm64-apple-ios26.0 -g -module-cache-path /tmp/advoid-readiness-derived/ModuleCache.noindex -Xfrontend -serialize-debugging-options -swift-version 5 -I /tmp/advoid-readiness-derived/Build/Intermediates.noindex/ArchiveIntermediates/AdVoid/BuildProductsPath/Release-iphoneos -F /tmp/advoid-readiness-derived/Build/Intermediates.noindex/ArchiveIntermediates/AdVoid/BuildProductsPath/Release-iphoneos/PackageFrameworks -F /tmp/advoid-readiness-derived/Build/Intermediates.noindex/ArchiveIntermediates/AdVoid/BuildProductsPath/Release-iphoneos -c -num-threads 10 -Xcc -ivfsstatcache -Xcc /tmp/advoid-readiness-derived/SDKStatCaches.noindex/iphoneos27.0-24A430-6c78b3cbc238196c85e1bf6c792c5915.sdkstatcache -output-file-map /tmp/advoid-readiness-derived/Build/Intermediates.noindex/ArchiveIntermediates/AdVoid/IntermediateBuildFilesPath/AdVoid.build/Release-iphoneos/AdVoid.build/Objects-normal/arm64/AdVoid-OutputFileMap.json -save-temps -no-color-diagnostics -explicit-module-build -module-cache-path /tmp/advoid-readiness-derived/Build/Intermediates.noindex/ArchiveIntermediates/AdVoid/IntermediateBuildFilesPath/SwiftExplicitPrecompiledModules -clang-scanner-module-cache-path /tmp/advoid-readiness-derived/ModuleCache.noindex -sdk-module-cache-path /tmp/advoid-readiness-derived/SDKExplicitPrecompiledModules -emit-dependencies -emit-module -emit-module-path /tmp/advoid-readiness-derived/Build/Intermediates.noindex/ArchiveIntermediates/AdVoid/IntermediateBuildFilesPath/AdVoid.build/Release-iphoneos/AdVoid.build/Objects-normal/arm64/AdVoid.swiftmodule -serialize-diagnostics -dependency-scan-serialize-diagnostics-path /tmp/advoid-readiness-derived/Build/Intermediates.noindex/ArchiveIntermediates/AdVoid/IntermediateBuildFilesPath/AdVoid.build/Release-iphoneos/AdVoid.build/Objects-normal/arm64/AdVoid-dependency-scan.dia -validate-clang-modules-once -clang-build-session-file /tmp/advoid-readiness-derived/ModuleCache.noindex/Session.modulevalidation -Xcc -fmodules-prune-interval\=86400 -Xcc -fmodules-prune-after\=345600 -emit-const-values -const-gather-protocols-list /tmp/advoid-readiness-derived/Build/Intermediates.noindex/ArchiveIntermediates/AdVoid/IntermediateBuildFilesPath/AdVoid.build/Release-iphoneos/AdVoid.build/Objects-normal/arm64/AdVoid_const_extract_protocols.json -Xcc -iquote -Xcc /tmp/advoid-readiness-derived/Build/Intermediates.noindex/ArchiveIntermediates/AdVoid/IntermediateBuildFilesPath/AdVoid.build/Release-iphoneos/AdVoid.build/AdVoid-generated-files.hmap -Xcc -I/tmp/advoid-readiness-derived/Build/Intermediates.noindex/ArchiveIntermediates/AdVoid/IntermediateBuildFilesPath/AdVoid.build/Release-iphoneos/AdVoid.build/AdVoid-own-target-headers.hmap -Xcc -I/tmp/advoid-readiness-derived/Build/Intermediates.noindex/ArchiveIntermediates/AdVoid/IntermediateBuildFilesPath/AdVoid.build/Release-iphoneos/AdVoid.build/AdVoid-all-non-framework-target-headers.hmap -Xcc -ivfsoverlay -Xcc /tmp/advoid-readiness-derived/Build/Intermediates.noindex/ArchiveIntermediates/AdVoid/IntermediateBuildFilesPath/AdVoid.build/Release-iphoneos/AdVoid-d0bc08e69f385f762641293c1710bfc2-VFS-iphoneos/all-product-headers.yaml -Xcc -iquote -Xcc /tmp/advoid-readiness-derived/Build/Intermediates.noindex/ArchiveIntermediates/AdVoid/IntermediateBuildFilesPath/AdVoid.build/Release-iphoneos/AdVoid.build/AdVoid-project-headers.hmap -Xcc -I/tmp/advoid-readiness-derived/Build/Intermediates.noindex/ArchiveIntermediates/AdVoid/BuildProductsPath/Release-iphoneos/include -Xcc -I/tmp/advoid-readiness-derived/Build/Intermediates.noindex/ArchiveIntermediates/AdVoid/IntermediateBuildFilesPath/AdVoid.build/Release-iphoneos/AdVoid.build/DerivedSources-normal/arm64 -Xcc -I/tmp/advoid-readiness-derived/Build/Intermediates.noindex/ArchiveIntermediates/AdVoid/IntermediateBuildFilesPath/AdVoid.build/Release-iphoneos/AdVoid.build/DerivedSources/arm64 -Xcc -I/tmp/advoid-readiness-derived/Build/Intermediates.noindex/ArchiveIntermediates/AdVoid/IntermediateBuildFilesPath/AdVoid.build/Release-iphoneos/AdVoid.build/DerivedSources -emit-objc-header -emit-objc-header-path /tmp/advoid-readiness-derived/Build/Intermediates.noindex/ArchiveIntermediates/AdVoid/IntermediateBuildFilesPath/AdVoid.build/Release-iphoneos/AdVoid.build/Objects-normal/arm64/AdVoid-Swift.h -working-directory /Users/fig/AdVoid -no-emit-module-separately-wmo

SwiftMergeGeneratedHeaders /tmp/advoid-readiness-derived/Build/Intermediates.noindex/ArchiveIntermediates/AdVoid/IntermediateBuildFilesPath/AdVoid.build/Release-iphoneos/AdVoid.build/DerivedSources/AdVoid-Swift.h /tmp/advoid-readiness-derived/Build/Intermediates.noindex/ArchiveIntermediates/AdVoid/IntermediateBuildFilesPath/AdVoid.build/Release-iphoneos/AdVoid.build/Objects-normal/arm64/AdVoid-Swift.h (in target 'AdVoid' from project 'AdVoid')
    cd /Users/fig/AdVoid
    builtin-swiftHeaderTool -arch arm64 /tmp/advoid-readiness-derived/Build/Intermediates.noindex/ArchiveIntermediates/AdVoid/IntermediateBuildFilesPath/AdVoid.build/Release-iphoneos/AdVoid.build/Objects-normal/arm64/AdVoid-Swift.h -o /tmp/advoid-readiness-derived/Build/Intermediates.noindex/ArchiveIntermediates/AdVoid/IntermediateBuildFilesPath/AdVoid.build/Release-iphoneos/AdVoid.build/DerivedSources/AdVoid-Swift.h

Copy /tmp/advoid-readiness-derived/Build/Intermediates.noindex/ArchiveIntermediates/AdVoid/BuildProductsPath/Release-iphoneos/AdVoid.swiftmodule/arm64-apple-ios.abi.json /tmp/advoid-readiness-derived/Build/Intermediates.noindex/ArchiveIntermediates/AdVoid/IntermediateBuildFilesPath/AdVoid.build/Release-iphoneos/AdVoid.build/Objects-normal/arm64/AdVoid.abi.json (in target 'AdVoid' from project 'AdVoid')
    cd /Users/fig/AdVoid
    builtin-copy -exclude .DS_Store -exclude CVS -exclude .svn -exclude .git -exclude .hg -resolve-src-symlinks -rename /tmp/advoid-readiness-derived/Build/Intermediates.noindex/ArchiveIntermediates/AdVoid/IntermediateBuildFilesPath/AdVoid.build/Release-iphoneos/AdVoid.build/Objects-normal/arm64/AdVoid.abi.json /tmp/advoid-readiness-derived/Build/Intermediates.noindex/ArchiveIntermediates/AdVoid/BuildProductsPath/Release-iphoneos/AdVoid.swiftmodule/arm64-apple-ios.abi.json

Copy /tmp/advoid-readiness-derived/Build/Intermediates.noindex/ArchiveIntermediates/AdVoid/BuildProductsPath/Release-iphoneos/AdVoid.swiftmodule/arm64-apple-ios.swiftdoc /tmp/advoid-readiness-derived/Build/Intermediates.noindex/ArchiveIntermediates/AdVoid/IntermediateBuildFilesPath/AdVoid.build/Release-iphoneos/AdVoid.build/Objects-normal/arm64/AdVoid.swiftdoc (in target 'AdVoid' from project 'AdVoid')
    cd /Users/fig/AdVoid
    builtin-copy -exclude .DS_Store -exclude CVS -exclude .svn -exclude .git -exclude .hg -resolve-src-symlinks -rename /tmp/advoid-readiness-derived/Build/Intermediates.noindex/ArchiveIntermediates/AdVoid/IntermediateBuildFilesPath/AdVoid.build/Release-iphoneos/AdVoid.build/Objects-normal/arm64/AdVoid.swiftdoc /tmp/advoid-readiness-derived/Build/Intermediates.noindex/ArchiveIntermediates/AdVoid/BuildProductsPath/Release-iphoneos/AdVoid.swiftmodule/arm64-apple-ios.swiftdoc

Copy /tmp/advoid-readiness-derived/Build/Intermediates.noindex/ArchiveIntermediates/AdVoid/BuildProductsPath/Release-iphoneos/AdVoid.swiftmodule/arm64-apple-ios.swiftmodule /tmp/advoid-readiness-derived/Build/Intermediates.noindex/ArchiveIntermediates/AdVoid/IntermediateBuildFilesPath/AdVoid.build/Release-iphoneos/AdVoid.build/Objects-normal/arm64/AdVoid.swiftmodule (in target 'AdVoid' from project 'AdVoid')
    cd /Users/fig/AdVoid
    builtin-copy -exclude .DS_Store -exclude CVS -exclude .svn -exclude .git -exclude .hg -resolve-src-symlinks -rename /tmp/advoid-readiness-derived/Build/Intermediates.noindex/ArchiveIntermediates/AdVoid/IntermediateBuildFilesPath/AdVoid.build/Release-iphoneos/AdVoid.build/Objects-normal/arm64/AdVoid.swiftmodule /tmp/advoid-readiness-derived/Build/Intermediates.noindex/ArchiveIntermediates/AdVoid/BuildProductsPath/Release-iphoneos/AdVoid.swiftmodule/arm64-apple-ios.swiftmodule

Ld /tmp/advoid-readiness-derived/Build/Intermediates.noindex/ArchiveIntermediates/AdVoid/InstallationBuildProductsLocation/Applications/AdVoid.app/AdVoid normal (in target 'AdVoid' from project 'AdVoid')
    cd /Users/fig/AdVoid
    /Applications/Xcode.app/Contents/Developer/Toolchains/XcodeDefault.xctoolchain/usr/bin/clang -Xlinker -reproducible -target arm64-apple-ios26.0 -isysroot /Applications/Xcode.app/Contents/Developer/Platforms/iPhoneOS.platform/Developer/SDKs/iPhoneOS27.0.sdk -Os -Xlinker -no_warn_duplicate_libraries -L/tmp/advoid-readiness-derived/Build/Intermediates.noindex/ArchiveIntermediates/AdVoid/IntermediateBuildFilesPath/EagerLinkingTBDs/Release-iphoneos -L/tmp/advoid-readiness-derived/Build/Intermediates.noindex/ArchiveIntermediates/AdVoid/BuildProductsPath/Release-iphoneos -F/tmp/advoid-readiness-derived/Build/Intermediates.noindex/ArchiveIntermediates/AdVoid/IntermediateBuildFilesPath/EagerLinkingTBDs/Release-iphoneos -F/tmp/advoid-readiness-derived/Build/Intermediates.noindex/ArchiveIntermediates/AdVoid/BuildProductsPath/Release-iphoneos/PackageFrameworks -F/tmp/advoid-readiness-derived/Build/Intermediates.noindex/ArchiveIntermediates/AdVoid/BuildProductsPath/Release-iphoneos -filelist /tmp/advoid-readiness-derived/Build/Intermediates.noindex/ArchiveIntermediates/AdVoid/IntermediateBuildFilesPath/AdVoid.build/Release-iphoneos/AdVoid.build/Objects-normal/arm64/AdVoid.LinkFileList -Xlinker -rpath -Xlinker @executable_path/Frameworks -Xlinker -dead_strip -Xlinker -object_path_lto -Xlinker /tmp/advoid-readiness-derived/Build/Intermediates.noindex/ArchiveIntermediates/AdVoid/IntermediateBuildFilesPath/AdVoid.build/Release-iphoneos/AdVoid.build/Objects-normal/arm64/AdVoid_lto.o -Xlinker -final_output -Xlinker /Applications/AdVoid.app/AdVoid -Xlinker -dependency_info -Xlinker /tmp/advoid-readiness-derived/Build/Intermediates.noindex/ArchiveIntermediates/AdVoid/IntermediateBuildFilesPath/AdVoid.build/Release-iphoneos/AdVoid.build/Objects-normal/arm64/AdVoid_dependency_info.dat -fobjc-link-runtime -L/Applications/Xcode.app/Contents/Developer/Toolchains/XcodeDefault.xctoolchain/usr/lib/swift/iphoneos -L/usr/lib/swift -Xlinker -add_ast_path -Xlinker /tmp/advoid-readiness-derived/Build/Intermediates.noindex/ArchiveIntermediates/AdVoid/IntermediateBuildFilesPath/AdVoid.build/Release-iphoneos/AdVoid.build/Objects-normal/arm64/AdVoid.swiftmodule -o /tmp/advoid-readiness-derived/Build/Intermediates.noindex/ArchiveIntermediates/AdVoid/InstallationBuildProductsLocation/Applications/AdVoid.app/AdVoid

Copy /tmp/advoid-readiness-derived/Build/Intermediates.noindex/ArchiveIntermediates/AdVoid/InstallationBuildProductsLocation/Applications/AdVoid.app/PlugIns/SafariExtension.appex /tmp/advoid-readiness-derived/Build/Intermediates.noindex/ArchiveIntermediates/AdVoid/BuildProductsPath/Release-iphoneos/SafariExtension.appex (in target 'AdVoid' from project 'AdVoid')
    cd /Users/fig/AdVoid
    builtin-copy -exclude .DS_Store -exclude CVS -exclude .svn -exclude .git -exclude .hg -exclude Headers -exclude PrivateHeaders -exclude Modules -exclude \*.tbd -resolve-src-symlinks -remove-static-executable /tmp/advoid-readiness-derived/Build/Intermediates.noindex/ArchiveIntermediates/AdVoid/BuildProductsPath/Release-iphoneos/SafariExtension.appex /tmp/advoid-readiness-derived/Build/Intermediates.noindex/ArchiveIntermediates/AdVoid/InstallationBuildProductsLocation/Applications/AdVoid.app/PlugIns

Copy /tmp/advoid-readiness-derived/Build/Intermediates.noindex/ArchiveIntermediates/AdVoid/InstallationBuildProductsLocation/Applications/AdVoid.app/PlugIns/PacketTunnel.appex /tmp/advoid-readiness-derived/Build/Intermediates.noindex/ArchiveIntermediates/AdVoid/BuildProductsPath/Release-iphoneos/PacketTunnel.appex (in target 'AdVoid' from project 'AdVoid')
    cd /Users/fig/AdVoid
    builtin-copy -exclude .DS_Store -exclude CVS -exclude .svn -exclude .git -exclude .hg -exclude Headers -exclude PrivateHeaders -exclude Modules -exclude \*.tbd -resolve-src-symlinks -remove-static-executable /tmp/advoid-readiness-derived/Build/Intermediates.noindex/ArchiveIntermediates/AdVoid/BuildProductsPath/Release-iphoneos/PacketTunnel.appex /tmp/advoid-readiness-derived/Build/Intermediates.noindex/ArchiveIntermediates/AdVoid/InstallationBuildProductsLocation/Applications/AdVoid.app/PlugIns

ProcessInfoPlistFile /tmp/advoid-readiness-derived/Build/Intermediates.noindex/ArchiveIntermediates/AdVoid/InstallationBuildProductsLocation/Applications/AdVoid.app/Info.plist /tmp/advoid-readiness-derived/Build/Intermediates.noindex/ArchiveIntermediates/AdVoid/IntermediateBuildFilesPath/AdVoid.build/Release-iphoneos/AdVoid.build/empty-AdVoid.plist (in target 'AdVoid' from project 'AdVoid')
    cd /Users/fig/AdVoid
    builtin-infoPlistUtility /tmp/advoid-readiness-derived/Build/Intermediates.noindex/ArchiveIntermediates/AdVoid/IntermediateBuildFilesPath/AdVoid.build/Release-iphoneos/AdVoid.build/empty-AdVoid.plist -producttype com.apple.product-type.application -genpkginfo /tmp/advoid-readiness-derived/Build/Intermediates.noindex/ArchiveIntermediates/AdVoid/InstallationBuildProductsLocation/Applications/AdVoid.app/PkgInfo -expandbuildsettings -format binary -platform iphoneos -additionalcontentfile /tmp/advoid-readiness-derived/Build/Intermediates.noindex/ArchiveIntermediates/AdVoid/IntermediateBuildFilesPath/AdVoid.build/Release-iphoneos/AdVoid.build/assetcatalog_generated_info.plist -scanforprivacyfile /tmp/advoid-readiness-derived/Build/Intermediates.noindex/ArchiveIntermediates/AdVoid/InstallationBuildProductsLocation/Applications/AdVoid.app/PlugIns/PacketTunnel.appex -scanforprivacyfile /tmp/advoid-readiness-derived/Build/Intermediates.noindex/ArchiveIntermediates/AdVoid/InstallationBuildProductsLocation/Applications/AdVoid.app/PlugIns/SafariExtension.appex -scanforprivacyfile /tmp/advoid-readiness-derived/Build/Intermediates.noindex/ArchiveIntermediates/AdVoid/InstallationBuildProductsLocation/Applications/AdVoid.app/RevenueCat_RevenueCat.bundle -scanforprivacyfile /tmp/advoid-readiness-derived/Build/Intermediates.noindex/ArchiveIntermediates/AdVoid/InstallationBuildProductsLocation/Applications/AdVoid.app/RevenueCat_RevenueCatUI.bundle -requiredArchitecture arm64 -o /tmp/advoid-readiness-derived/Build/Intermediates.noindex/ArchiveIntermediates/AdVoid/InstallationBuildProductsLocation/Applications/AdVoid.app/Info.plist

CopySwiftLibs /tmp/advoid-readiness-derived/Build/Intermediates.noindex/ArchiveIntermediates/AdVoid/InstallationBuildProductsLocation/Applications/AdVoid.app (in target 'AdVoid' from project 'AdVoid')
    cd /Users/fig/AdVoid
    builtin-swiftStdLibTool --copy --verbose --scan-executable /tmp/advoid-readiness-derived/Build/Intermediates.noindex/ArchiveIntermediates/AdVoid/InstallationBuildProductsLocation/Applications/AdVoid.app/AdVoid --scan-folder /tmp/advoid-readiness-derived/Build/Intermediates.noindex/ArchiveIntermediates/AdVoid/InstallationBuildProductsLocation/Applications/AdVoid.app/Frameworks --scan-folder /tmp/advoid-readiness-derived/Build/Intermediates.noindex/ArchiveIntermediates/AdVoid/InstallationBuildProductsLocation/Applications/AdVoid.app/PlugIns --scan-folder /tmp/advoid-readiness-derived/Build/Intermediates.noindex/ArchiveIntermediates/AdVoid/InstallationBuildProductsLocation/Applications/AdVoid.app/SystemExtensions --scan-folder /tmp/advoid-readiness-derived/Build/Intermediates.noindex/ArchiveIntermediates/AdVoid/InstallationBuildProductsLocation/Applications/AdVoid.app/Extensions --platform iphoneos --toolchain /Applications/Xcode.app/Contents/Developer/Toolchains/XcodeDefault.xctoolchain --destination /tmp/advoid-readiness-derived/Build/Intermediates.noindex/ArchiveIntermediates/AdVoid/InstallationBuildProductsLocation/Applications/AdVoid.app/Frameworks --unsigned-destination /tmp/advoid-readiness-derived/Build/Intermediates.noindex/ArchiveIntermediates/AdVoid/BuildProductsPath/SwiftSupport --strip-bitcode --strip-bitcode-tool /Applications/Xcode.app/Contents/Developer/Toolchains/XcodeDefault.xctoolchain/usr/bin/bitcode_strip --emit-dependency-info /tmp/advoid-readiness-derived/Build/Intermediates.noindex/ArchiveIntermediates/AdVoid/IntermediateBuildFilesPath/AdVoid.build/Release-iphoneos/AdVoid.build/SwiftStdLibToolInputDependencies.dep --filter-for-swift-os
Ignoring --strip-bitcode because --sign was not passed

ExtractAppIntentsMetadata (in target 'AdVoid' from project 'AdVoid')
    cd /Users/fig/AdVoid
    /Applications/Xcode.app/Contents/Developer/Toolchains/XcodeDefault.xctoolchain/usr/bin/appintentsmetadataprocessor --toolchain-dir /Applications/Xcode.app/Contents/Developer/Toolchains/XcodeDefault.xctoolchain --module-name AdVoid --sdk-root /Applications/Xcode.app/Contents/Developer/Platforms/iPhoneOS.platform/Developer/SDKs/iPhoneOS27.0.sdk --xcode-version 27A266a --platform-family iOS --deployment-target 26.0 --bundle-identifier com.roxuh.advoid --output /tmp/advoid-readiness-derived/Build/Intermediates.noindex/ArchiveIntermediates/AdVoid/InstallationBuildProductsLocation/Applications/AdVoid.app --target-triple arm64-apple-ios26.0 --binary-file /tmp/advoid-readiness-derived/Build/Intermediates.noindex/ArchiveIntermediates/AdVoid/InstallationBuildProductsLocation/Applications/AdVoid.app/AdVoid --dependency-file /tmp/advoid-readiness-derived/Build/Intermediates.noindex/ArchiveIntermediates/AdVoid/IntermediateBuildFilesPath/AdVoid.build/Release-iphoneos/AdVoid.build/Objects-normal/arm64/AdVoid_dependency_info.dat --stringsdata-file /tmp/advoid-readiness-derived/Build/Intermediates.noindex/ArchiveIntermediates/AdVoid/IntermediateBuildFilesPath/AdVoid.build/Release-iphoneos/AdVoid.build/Objects-normal/arm64/ExtractedAppShortcutsMetadata.stringsdata --source-file-list /tmp/advoid-readiness-derived/Build/Intermediates.noindex/ArchiveIntermediates/AdVoid/IntermediateBuildFilesPath/AdVoid.build/Release-iphoneos/AdVoid.build/Objects-normal/arm64/AdVoid.SwiftFileList --metadata-file-list /tmp/advoid-readiness-derived/Build/Intermediates.noindex/ArchiveIntermediates/AdVoid/IntermediateBuildFilesPath/AdVoid.build/Release-iphoneos/AdVoid.build/AdVoid.DependencyMetadataFileList --static-metadata-file-list /tmp/advoid-readiness-derived/Build/Intermediates.noindex/ArchiveIntermediates/AdVoid/IntermediateBuildFilesPath/AdVoid.build/Release-iphoneos/AdVoid.build/AdVoid.DependencyStaticMetadataFileList --swift-const-vals-list /tmp/advoid-readiness-derived/Build/Intermediates.noindex/ArchiveIntermediates/AdVoid/IntermediateBuildFilesPath/AdVoid.build/Release-iphoneos/AdVoid.build/Objects-normal/arm64/AdVoid.SwiftConstValuesFileList --compile-time-extraction --deployment-aware-processing --no-app-shortcuts-localization
2026-09-27 00:46:38.487 appintentsmetadataprocessor[49705:639367] Starting appintentsmetadataprocessor export
2026-09-27 00:46:38.488 appintentsmetadataprocessor[49705:639367] warning: Metadata extraction skipped, no AppIntents.framework dependency found

ValidateEmbeddedBinary /tmp/advoid-readiness-derived/Build/Intermediates.noindex/ArchiveIntermediates/AdVoid/InstallationBuildProductsLocation/Applications/AdVoid.app/PlugIns/PacketTunnel.appex (in target 'AdVoid' from project 'AdVoid')
    cd /Users/fig/AdVoid
    /Applications/Xcode.app/Contents/Developer/usr/bin/embeddedBinaryValidationUtility /tmp/advoid-readiness-derived/Build/Intermediates.noindex/ArchiveIntermediates/AdVoid/InstallationBuildProductsLocation/Applications/AdVoid.app/PlugIns/PacketTunnel.appex -info-plist-path /tmp/advoid-readiness-derived/Build/Intermediates.noindex/ArchiveIntermediates/AdVoid/InstallationBuildProductsLocation/Applications/AdVoid.app/Info.plist

ValidateEmbeddedBinary /tmp/advoid-readiness-derived/Build/Intermediates.noindex/ArchiveIntermediates/AdVoid/InstallationBuildProductsLocation/Applications/AdVoid.app/PlugIns/SafariExtension.appex (in target 'AdVoid' from project 'AdVoid')
    cd /Users/fig/AdVoid
    /Applications/Xcode.app/Contents/Developer/usr/bin/embeddedBinaryValidationUtility /tmp/advoid-readiness-derived/Build/Intermediates.noindex/ArchiveIntermediates/AdVoid/InstallationBuildProductsLocation/Applications/AdVoid.app/PlugIns/SafariExtension.appex -info-plist-path /tmp/advoid-readiness-derived/Build/Intermediates.noindex/ArchiveIntermediates/AdVoid/InstallationBuildProductsLocation/Applications/AdVoid.app/Info.plist

GenerateDSYMFile /tmp/advoid-readiness-derived/Build/Intermediates.noindex/ArchiveIntermediates/AdVoid/BuildProductsPath/Release-iphoneos/AdVoid.app.dSYM /tmp/advoid-readiness-derived/Build/Intermediates.noindex/ArchiveIntermediates/AdVoid/InstallationBuildProductsLocation/Applications/AdVoid.app/AdVoid (in target 'AdVoid' from project 'AdVoid')
    cd /Users/fig/AdVoid
    export PATH\=/Applications/Xcode.app/Contents/SharedFrameworks/SwiftBuild.framework/Versions/A/PlugIns/SWBBuildService.bundle/Contents/PlugIns/SWBUniversalPlatformPlugin.bundle/Contents/Frameworks/SWBUniversalPlatform.framework/Resources:/Applications/Xcode.app/Contents/Developer/Toolchains/XcodeDefault.xctoolchain/usr/bin:/Applications/Xcode.app/Contents/Developer/Toolchains/XcodeDefault.xctoolchain/usr/local/bin:/Applications/Xcode.app/Contents/Developer/Toolchains/XcodeDefault.xctoolchain/usr/libexec:/Applications/Xcode.app/Contents/Developer/Platforms/iPhoneOS.platform/usr/bin:/Applications/Xcode.app/Contents/Developer/Platforms/iPhoneOS.platform/usr/local/bin:/Applications/Xcode.app/Contents/Developer/Platforms/iPhoneOS.platform/Developer/usr/bin:/Applications/Xcode.app/Contents/Developer/Platforms/iPhoneOS.platform/Developer/usr/local/bin:/Applications/Xcode.app/Contents/Developer/usr/bin:/Applications/Xcode.app/Contents/Developer/usr/local/bin:/Users/fig/.local/share/rv/gems/ruby/4.0.0/bin:/Users/fig/.local/share/rv/rubies/ruby-4.0.5/lib/ruby/gems/4.0.0/bin:/Users/fig/.local/share/rv/rubies/ruby-4.0.5/bin:/Users/fig/.nvm/versions/node/v24.17.0/bin:/opt/homebrew/bin:/opt/homebrew/sbin:/usr/local/bin:/System/Cryptexes/App/usr/bin:/usr/bin:/bin:/usr/sbin:/sbin:/var/run/com.apple.security.cryptexd/codex.system/bootstrap/usr/local/bin:/var/run/com.apple.security.cryptexd/codex.system/bootstrap/usr/bin:/var/run/com.apple.security.cryptexd/codex.system/bootstrap/usr/appleinternal/bin:/pkg/env/global/bin:/Library/Apple/usr/bin:/Applications/Wireshark.app/Contents/MacOS:/Users/fig/.codex/tmp/arg0/codex-arg0rTnFTs:/Users/fig/.cache/codex-runtimes/codex-primary-runtime/dependencies/bin/override:/Users/fig/Library/pnpm/bin:/Users/fig/.cache/codex-runtimes/codex-primary-runtime/dependencies/bin/fallback:/Applications/ChatGPT.app/Contents/Resources
    /Applications/Xcode.app/Contents/Developer/Toolchains/XcodeDefault.xctoolchain/usr/bin/dsymutil /tmp/advoid-readiness-derived/Build/Intermediates.noindex/ArchiveIntermediates/AdVoid/InstallationBuildProductsLocation/Applications/AdVoid.app/AdVoid -o /tmp/advoid-readiness-derived/Build/Intermediates.noindex/ArchiveIntermediates/AdVoid/BuildProductsPath/Release-iphoneos/AdVoid.app.dSYM

AppIntentsSSUTraining (in target 'AdVoid' from project 'AdVoid')
    cd /Users/fig/AdVoid
    /Applications/Xcode.app/Contents/Developer/Toolchains/XcodeDefault.xctoolchain/usr/bin/appintentsnltrainingprocessor --infoplist-path /tmp/advoid-readiness-derived/Build/Intermediates.noindex/ArchiveIntermediates/AdVoid/InstallationBuildProductsLocation/Applications/AdVoid.app/Info.plist --temp-dir-path /tmp/advoid-readiness-derived/Build/Intermediates.noindex/ArchiveIntermediates/AdVoid/IntermediateBuildFilesPath/AdVoid.build/Release-iphoneos/AdVoid.build/ssu --bundle-id com.roxuh.advoid --product-path /tmp/advoid-readiness-derived/Build/Intermediates.noindex/ArchiveIntermediates/AdVoid/InstallationBuildProductsLocation/Applications/AdVoid.app --extracted-metadata-path /tmp/advoid-readiness-derived/Build/Intermediates.noindex/ArchiveIntermediates/AdVoid/InstallationBuildProductsLocation/Applications/AdVoid.app/Metadata.appintents --deployment-postprocessing --metadata-file-list /tmp/advoid-readiness-derived/Build/Intermediates.noindex/ArchiveIntermediates/AdVoid/IntermediateBuildFilesPath/AdVoid.build/Release-iphoneos/AdVoid.build/AdVoid.DependencyMetadataFileList --source-file /tmp/advoid-readiness-derived/Build/Intermediates.noindex/ArchiveIntermediates/AdVoid/InstallationBuildProductsLocation/Applications/AdVoid.app/Info.plist --archive-ssu-assets
2026-09-27 00:46:38.522 appintentsnltrainingprocessor[49709:639371] Parsing options for appintentsnltrainingprocessor
2026-09-27 00:46:38.522 appintentsnltrainingprocessor[49709:639371] Starting AppIntents SSU YAML Generation
2026-09-27 00:46:38.523 appintentsnltrainingprocessor[49709:639371] No AppShortcuts found - Skipping.

Strip /tmp/advoid-readiness-derived/Build/Intermediates.noindex/ArchiveIntermediates/AdVoid/InstallationBuildProductsLocation/Applications/AdVoid.app/AdVoid (in target 'AdVoid' from project 'AdVoid')
    cd /Users/fig/AdVoid
    /Applications/Xcode.app/Contents/Developer/Toolchains/XcodeDefault.xctoolchain/usr/bin/strip -D /tmp/advoid-readiness-derived/Build/Intermediates.noindex/ArchiveIntermediates/AdVoid/InstallationBuildProductsLocation/Applications/AdVoid.app/AdVoid

SetOwnerAndGroup fig:staff /tmp/advoid-readiness-derived/Build/Intermediates.noindex/ArchiveIntermediates/AdVoid/InstallationBuildProductsLocation/Applications/AdVoid.app (in target 'AdVoid' from project 'AdVoid')
    cd /Users/fig/AdVoid
    /usr/sbin/chown -RH fig:staff /tmp/advoid-readiness-derived/Build/Intermediates.noindex/ArchiveIntermediates/AdVoid/InstallationBuildProductsLocation/Applications/AdVoid.app

SetMode u+w,go-w,a+rX /tmp/advoid-readiness-derived/Build/Intermediates.noindex/ArchiveIntermediates/AdVoid/InstallationBuildProductsLocation/Applications/AdVoid.app (in target 'AdVoid' from project 'AdVoid')
    cd /Users/fig/AdVoid
    /bin/chmod -RH u+w,go-w,a+rX /tmp/advoid-readiness-derived/Build/Intermediates.noindex/ArchiveIntermediates/AdVoid/InstallationBuildProductsLocation/Applications/AdVoid.app

RegisterExecutionPolicyException /tmp/advoid-readiness-derived/Build/Intermediates.noindex/ArchiveIntermediates/AdVoid/InstallationBuildProductsLocation/Applications/AdVoid.app (in target 'AdVoid' from project 'AdVoid')
    cd /Users/fig/AdVoid
    builtin-RegisterExecutionPolicyException /tmp/advoid-readiness-derived/Build/Intermediates.noindex/ArchiveIntermediates/AdVoid/InstallationBuildProductsLocation/Applications/AdVoid.app

Validate /tmp/advoid-readiness-derived/Build/Intermediates.noindex/ArchiveIntermediates/AdVoid/InstallationBuildProductsLocation/Applications/AdVoid.app (in target 'AdVoid' from project 'AdVoid')
    cd /Users/fig/AdVoid
    builtin-validationUtility /tmp/advoid-readiness-derived/Build/Intermediates.noindex/ArchiveIntermediates/AdVoid/InstallationBuildProductsLocation/Applications/AdVoid.app -shallow-bundle -infoplist-subpath Info.plist
warning: All interface orientations must be supported unless the app requires full screen. (in target 'AdVoid' from project 'AdVoid')

Touch /tmp/advoid-readiness-derived/Build/Intermediates.noindex/ArchiveIntermediates/AdVoid/InstallationBuildProductsLocation/Applications/AdVoid.app (in target 'AdVoid' from project 'AdVoid')
    cd /Users/fig/AdVoid
    /usr/bin/touch -c /tmp/advoid-readiness-derived/Build/Intermediates.noindex/ArchiveIntermediates/AdVoid/InstallationBuildProductsLocation/Applications/AdVoid.app

PruneExplicitPrecompiledModules /tmp/advoid-readiness-derived/Build/Intermediates.noindex/ArchiveIntermediates/AdVoid/IntermediateBuildFilesPath/ExplicitPrecompiledModules

PruneExplicitPrecompiledModules /tmp/advoid-readiness-derived/Build/Intermediates.noindex/ArchiveIntermediates/AdVoid/IntermediateBuildFilesPath/SwiftExplicitPrecompiledModules

PruneExplicitPrecompiledModules /tmp/advoid-readiness-derived/SDKExplicitPrecompiledModules

** ARCHIVE SUCCEEDED **

